run_ts,spec,placement,target,config,scale,experiment,operation,variant,rep,metric,value,unit,note
2026-10-07T04:13:16Z,4c8g,vm,file,na,s,search,point,scan,0,latency_ms,6.9032,ms,
2026-10-07T04:13:16Z,4c8g,vm,file,na,s,search,point,scan,1,latency_ms,6.6716,ms,
2026-10-07T04:13:16Z,4c8g,vm,file,na,s,search,point,scan,2,latency_ms,6.3128,ms,
2026-10-07T04:13:16Z,4c8g,vm,file,na,s,search,point,scan,3,latency_ms,5.9797,ms,
2026-10-07T04:13:16Z,4c8g,vm,file,na,s,search,point,scan,4,latency_ms,6.0713,ms,
2026-10-07T04:13:16Z,4c8g,vm,file,na,s,search,point,scan,0,rows,5,rows,
2026-10-07T04:13:16Z,4c8g,vm,file,na,s,search,point,scan,0,id_sum,77016375,sum,
2026-10-07T04:13:16Z,4c8g,vm,file,na,s,search,exact_common,scan,0,latency_ms,13.1158,ms,
2026-10-07T04:13:16Z,4c8g,vm,file,na,s,search,exact_common,scan,1,latency_ms,11.9191,ms,
2026-10-07T04:13:16Z,4c8g,vm,file,na,s,search,exact_common,scan,2,latency_ms,12.2775,ms,
2026-10-07T04:13:16Z,4c8g,vm,file,na,s,search,exact_common,scan,3,latency_ms,12.2437,ms,
2026-10-07T04:13:16Z,4c8g,vm,file,na,s,search,exact_common,scan,4,latency_ms,11.9573,ms,
2026-10-07T04:13:16Z,4c8g,vm,file,na,s,search,exact_common,scan,0,rows,578,rows,
2026-10-07T04:13:16Z,4c8g,vm,file,na,s,search,exact_common,scan,0,id_sum,8262982838,sum,
2026-10-07T04:13:16Z,4c8g,vm,file,na,s,search,exact_rare,scan,0,latency_ms,11.8160,ms,
2026-10-07T04:13:16Z,4c8g,vm,file,na,s,search,exact_rare,scan,1,latency_ms,11.6827,ms,
2026-10-07T04:13:16Z,4c8g,vm,file,na,s,search,exact_rare,scan,2,latency_ms,12.3058,ms,
2026-10-07T04:13:16Z,4c8g,vm,file,na,s,search,exact_rare,scan,3,latency_ms,11.6090,ms,
2026-10-07T04:13:16Z,4c8g,vm,file,na,s,search,exact_rare,scan,4,latency_ms,11.6930,ms,
2026-10-07T04:13:16Z,4c8g,vm,file,na,s,search,exact_rare,scan,0,rows,0,rows,
2026-10-07T04:13:16Z,4c8g,vm,file,na,s,search,exact_rare,scan,0,id_sum,0,sum,
2026-10-07T04:13:16Z,4c8g,vm,file,na,s,search,exact_miss,scan,0,latency_ms,12.0842,ms,
2026-10-07T04:13:16Z,4c8g,vm,file,na,s,search,exact_miss,scan,1,latency_ms,11.5568,ms,
2026-10-07T04:13:16Z,4c8g,vm,file,na,s,search,exact_miss,scan,2,latency_ms,11.6071,ms,
2026-10-07T04:13:16Z,4c8g,vm,file,na,s,search,exact_miss,scan,3,latency_ms,11.6178,ms,
2026-10-07T04:13:16Z,4c8g,vm,file,na,s,search,exact_miss,scan,4,latency_ms,11.5858,ms,
2026-10-07T04:13:16Z,4c8g,vm,file,na,s,search,exact_miss,scan,0,rows,0,rows,
2026-10-07T04:13:16Z,4c8g,vm,file,na,s,search,exact_miss,scan,0,id_sum,0,sum,
2026-10-07T04:13:16Z,4c8g,vm,file,na,s,search,prefix,scan,0,latency_ms,11.9285,ms,
2026-10-07T04:13:16Z,4c8g,vm,file,na,s,search,prefix,scan,1,latency_ms,11.8016,ms,
2026-10-07T04:13:16Z,4c8g,vm,file,na,s,search,prefix,scan,2,latency_ms,12.3530,ms,
2026-10-07T04:13:16Z,4c8g,vm,file,na,s,search,prefix,scan,3,latency_ms,11.7625,ms,
2026-10-07T04:13:16Z,4c8g,vm,file,na,s,search,prefix,scan,4,latency_ms,11.8190,ms,
2026-10-07T04:13:16Z,4c8g,vm,file,na,s,search,prefix,scan,0,rows,33,rows,
2026-10-07T04:13:16Z,4c8g,vm,file,na,s,search,prefix,scan,0,id_sum,592694280,sum,
2026-10-07T04:13:16Z,4c8g,vm,file,na,s,search,contains_common,scan,0,latency_ms,15.1455,ms,
2026-10-07T04:13:16Z,4c8g,vm,file,na,s,search,contains_common,scan,1,latency_ms,14.1303,ms,
2026-10-07T04:13:16Z,4c8g,vm,file,na,s,search,contains_common,scan,2,latency_ms,14.2179,ms,
2026-10-07T04:13:16Z,4c8g,vm,file,na,s,search,contains_common,scan,3,latency_ms,14.2410,ms,
2026-10-07T04:13:16Z,4c8g,vm,file,na,s,search,contains_common,scan,4,latency_ms,14.1191,ms,
2026-10-07T04:13:16Z,4c8g,vm,file,na,s,search,contains_common,scan,0,rows,682,rows,
2026-10-07T04:13:16Z,4c8g,vm,file,na,s,search,contains_common,scan,0,id_sum,9803835120,sum,
2026-10-07T04:13:16Z,4c8g,vm,file,na,s,search,contains_rare,scan,0,latency_ms,14.0897,ms,
2026-10-07T04:13:16Z,4c8g,vm,file,na,s,search,contains_rare,scan,1,latency_ms,14.0107,ms,
2026-10-07T04:13:16Z,4c8g,vm,file,na,s,search,contains_rare,scan,2,latency_ms,14.6947,ms,
2026-10-07T04:13:16Z,4c8g,vm,file,na,s,search,contains_rare,scan,3,latency_ms,14.1048,ms,
2026-10-07T04:13:16Z,4c8g,vm,file,na,s,search,contains_rare,scan,4,latency_ms,13.9584,ms,
2026-10-07T04:13:16Z,4c8g,vm,file,na,s,search,contains_rare,scan,0,rows,4,rows,
2026-10-07T04:13:16Z,4c8g,vm,file,na,s,search,contains_rare,scan,0,id_sum,75971361,sum,
2026-10-07T04:13:16Z,4c8g,vm,file,na,s,search,contains_miss,scan,0,latency_ms,14.5238,ms,
2026-10-07T04:13:16Z,4c8g,vm,file,na,s,search,contains_miss,scan,1,latency_ms,13.9222,ms,
2026-10-07T04:13:16Z,4c8g,vm,file,na,s,search,contains_miss,scan,2,latency_ms,13.8060,ms,
2026-10-07T04:13:16Z,4c8g,vm,file,na,s,search,contains_miss,scan,3,latency_ms,14.1862,ms,
2026-10-07T04:13:16Z,4c8g,vm,file,na,s,search,contains_miss,scan,4,latency_ms,14.4562,ms,
2026-10-07T04:13:16Z,4c8g,vm,file,na,s,search,contains_miss,scan,0,rows,0,rows,
2026-10-07T04:13:16Z,4c8g,vm,file,na,s,search,contains_miss,scan,0,id_sum,0,sum,
2026-10-07T04:13:24Z,4c8g,vm,file,na,m,search,point,scan,0,latency_ms,60.9728,ms,
2026-10-07T04:13:24Z,4c8g,vm,file,na,m,search,point,scan,1,latency_ms,61.5522,ms,
2026-10-07T04:13:24Z,4c8g,vm,file,na,m,search,point,scan,2,latency_ms,61.0952,ms,
2026-10-07T04:13:24Z,4c8g,vm,file,na,m,search,point,scan,3,latency_ms,60.7452,ms,
2026-10-07T04:13:24Z,4c8g,vm,file,na,m,search,point,scan,4,latency_ms,61.3724,ms,
2026-10-07T04:13:24Z,4c8g,vm,file,na,m,search,point,scan,0,rows,5,rows,
2026-10-07T04:13:24Z,4c8g,vm,file,na,m,search,point,scan,0,id_sum,76859199,sum,
2026-10-07T04:13:24Z,4c8g,vm,file,na,m,search,exact_common,scan,0,latency_ms,135.8419,ms,
2026-10-07T04:13:24Z,4c8g,vm,file,na,m,search,exact_common,scan,1,latency_ms,130.8523,ms,
2026-10-07T04:13:24Z,4c8g,vm,file,na,m,search,exact_common,scan,2,latency_ms,130.5103,ms,
2026-10-07T04:13:24Z,4c8g,vm,file,na,m,search,exact_common,scan,3,latency_ms,131.7490,ms,
2026-10-07T04:13:24Z,4c8g,vm,file,na,m,search,exact_common,scan,4,latency_ms,130.5229,ms,
2026-10-07T04:13:24Z,4c8g,vm,file,na,m,search,exact_common,scan,0,rows,6000,rows,
2026-10-07T04:13:24Z,4c8g,vm,file,na,m,search,exact_common,scan,0,id_sum,90507904289,sum,
2026-10-07T04:13:24Z,4c8g,vm,file,na,m,search,exact_rare,scan,0,latency_ms,130.8830,ms,
2026-10-07T04:13:24Z,4c8g,vm,file,na,m,search,exact_rare,scan,1,latency_ms,129.7173,ms,
2026-10-07T04:13:24Z,4c8g,vm,file,na,m,search,exact_rare,scan,2,latency_ms,129.8310,ms,
2026-10-07T04:13:24Z,4c8g,vm,file,na,m,search,exact_rare,scan,3,latency_ms,129.8588,ms,
2026-10-07T04:13:24Z,4c8g,vm,file,na,m,search,exact_rare,scan,4,latency_ms,130.1556,ms,
2026-10-07T04:13:24Z,4c8g,vm,file,na,m,search,exact_rare,scan,0,rows,9,rows,
2026-10-07T04:13:24Z,4c8g,vm,file,na,m,search,exact_rare,scan,0,id_sum,108959755,sum,
2026-10-07T04:13:24Z,4c8g,vm,file,na,m,search,exact_miss,scan,0,latency_ms,128.5828,ms,
2026-10-07T04:13:24Z,4c8g,vm,file,na,m,search,exact_miss,scan,1,latency_ms,128.1474,ms,
2026-10-07T04:13:24Z,4c8g,vm,file,na,m,search,exact_miss,scan,2,latency_ms,128.1646,ms,
2026-10-07T04:13:24Z,4c8g,vm,file,na,m,search,exact_miss,scan,3,latency_ms,128.8341,ms,
2026-10-07T04:13:24Z,4c8g,vm,file,na,m,search,exact_miss,scan,4,latency_ms,128.8762,ms,
2026-10-07T04:13:24Z,4c8g,vm,file,na,m,search,exact_miss,scan,0,rows,0,rows,
2026-10-07T04:13:24Z,4c8g,vm,file,na,m,search,exact_miss,scan,0,id_sum,0,sum,
2026-10-07T04:13:24Z,4c8g,vm,file,na,m,search,prefix,scan,0,latency_ms,132.7383,ms,
2026-10-07T04:13:24Z,4c8g,vm,file,na,m,search,prefix,scan,1,latency_ms,132.5215,ms,
2026-10-07T04:13:24Z,4c8g,vm,file,na,m,search,prefix,scan,2,latency_ms,132.1805,ms,
2026-10-07T04:13:24Z,4c8g,vm,file,na,m,search,prefix,scan,3,latency_ms,131.4865,ms,
2026-10-07T04:13:24Z,4c8g,vm,file,na,m,search,prefix,scan,4,latency_ms,132.0601,ms,
2026-10-07T04:13:24Z,4c8g,vm,file,na,m,search,prefix,scan,0,rows,303,rows,
2026-10-07T04:13:24Z,4c8g,vm,file,na,m,search,prefix,scan,0,id_sum,5269081058,sum,
2026-10-07T04:13:24Z,4c8g,vm,file,na,m,search,contains_common,scan,0,latency_ms,155.6396,ms,
2026-10-07T04:13:24Z,4c8g,vm,file,na,m,search,contains_common,scan,1,latency_ms,155.6285,ms,
2026-10-07T04:13:24Z,4c8g,vm,file,na,m,search,contains_common,scan,2,latency_ms,155.7874,ms,
2026-10-07T04:13:24Z,4c8g,vm,file,na,m,search,contains_common,scan,3,latency_ms,156.0508,ms,
2026-10-07T04:13:24Z,4c8g,vm,file,na,m,search,contains_common,scan,4,latency_ms,157.1077,ms,
2026-10-07T04:13:24Z,4c8g,vm,file,na,m,search,contains_common,scan,0,rows,7044,rows,
2026-10-07T04:13:24Z,4c8g,vm,file,na,m,search,contains_common,scan,0,id_sum,94864047422,sum,
2026-10-07T04:13:24Z,4c8g,vm,file,na,m,search,contains_rare,scan,0,latency_ms,155.1358,ms,
2026-10-07T04:13:24Z,4c8g,vm,file,na,m,search,contains_rare,scan,1,latency_ms,153.7817,ms,
2026-10-07T04:13:24Z,4c8g,vm,file,na,m,search,contains_rare,scan,2,latency_ms,153.7548,ms,
2026-10-07T04:13:24Z,4c8g,vm,file,na,m,search,contains_rare,scan,3,latency_ms,154.4931,ms,
2026-10-07T04:13:24Z,4c8g,vm,file,na,m,search,contains_rare,scan,4,latency_ms,154.3695,ms,
2026-10-07T04:13:24Z,4c8g,vm,file,na,m,search,contains_rare,scan,0,rows,55,rows,
2026-10-07T04:13:24Z,4c8g,vm,file,na,m,search,contains_rare,scan,0,id_sum,706631613,sum,
2026-10-07T04:13:24Z,4c8g,vm,file,na,m,search,contains_miss,scan,0,latency_ms,155.0215,ms,
2026-10-07T04:13:24Z,4c8g,vm,file,na,m,search,contains_miss,scan,1,latency_ms,153.3382,ms,
2026-10-07T04:13:24Z,4c8g,vm,file,na,m,search,contains_miss,scan,2,latency_ms,153.1699,ms,
2026-10-07T04:13:24Z,4c8g,vm,file,na,m,search,contains_miss,scan,3,latency_ms,154.6668,ms,
2026-10-07T04:13:24Z,4c8g,vm,file,na,m,search,contains_miss,scan,4,latency_ms,152.8606,ms,
2026-10-07T04:13:24Z,4c8g,vm,file,na,m,search,contains_miss,scan,0,rows,0,rows,
2026-10-07T04:13:24Z,4c8g,vm,file,na,m,search,contains_miss,scan,0,id_sum,0,sum,
2026-10-07T04:13:45Z,4c8g,vm,file,na,l,search,point,scan,0,latency_ms,575.8311,ms,
2026-10-07T04:13:45Z,4c8g,vm,file,na,l,search,point,scan,1,latency_ms,572.0559,ms,
2026-10-07T04:13:45Z,4c8g,vm,file,na,l,search,point,scan,2,latency_ms,572.3174,ms,
2026-10-07T04:13:45Z,4c8g,vm,file,na,l,search,point,scan,3,latency_ms,571.0503,ms,
2026-10-07T04:13:45Z,4c8g,vm,file,na,l,search,point,scan,4,latency_ms,571.3436,ms,
2026-10-07T04:13:45Z,4c8g,vm,file,na,l,search,point,scan,0,rows,5,rows,
2026-10-07T04:13:45Z,4c8g,vm,file,na,l,search,point,scan,0,id_sum,76840469,sum,
2026-10-07T04:13:45Z,4c8g,vm,file,na,l,search,exact_common,scan,0,latency_ms,1268.2891,ms,
2026-10-07T04:13:45Z,4c8g,vm,file,na,l,search,exact_common,scan,1,latency_ms,1263.9103,ms,
2026-10-07T04:13:45Z,4c8g,vm,file,na,l,search,exact_common,scan,2,latency_ms,1264.7688,ms,
2026-10-07T04:13:45Z,4c8g,vm,file,na,l,search,exact_common,scan,3,latency_ms,1250.8480,ms,
2026-10-07T04:13:45Z,4c8g,vm,file,na,l,search,exact_common,scan,4,latency_ms,1251.6836,ms,
2026-10-07T04:13:45Z,4c8g,vm,file,na,l,search,exact_common,scan,0,rows,60684,rows,
2026-10-07T04:13:45Z,4c8g,vm,file,na,l,search,exact_common,scan,0,id_sum,936128905867,sum,
2026-10-07T04:13:45Z,4c8g,vm,file,na,l,search,exact_rare,scan,0,latency_ms,1232.5163,ms,
2026-10-07T04:13:45Z,4c8g,vm,file,na,l,search,exact_rare,scan,1,latency_ms,1232.3105,ms,
2026-10-07T04:13:45Z,4c8g,vm,file,na,l,search,exact_rare,scan,2,latency_ms,1233.4178,ms,
2026-10-07T04:13:45Z,4c8g,vm,file,na,l,search,exact_rare,scan,3,latency_ms,1240.9444,ms,
2026-10-07T04:13:45Z,4c8g,vm,file,na,l,search,exact_rare,scan,4,latency_ms,1242.1330,ms,
2026-10-07T04:13:45Z,4c8g,vm,file,na,l,search,exact_rare,scan,0,rows,47,rows,
2026-10-07T04:13:45Z,4c8g,vm,file,na,l,search,exact_rare,scan,0,id_sum,502059988,sum,
2026-10-07T04:13:45Z,4c8g,vm,file,na,l,search,exact_miss,scan,0,latency_ms,1236.2394,ms,
2026-10-07T04:13:45Z,4c8g,vm,file,na,l,search,exact_miss,scan,1,latency_ms,1231.3630,ms,
2026-10-07T04:13:45Z,4c8g,vm,file,na,l,search,exact_miss,scan,2,latency_ms,1233.9556,ms,
2026-10-07T04:13:45Z,4c8g,vm,file,na,l,search,exact_miss,scan,3,latency_ms,1232.6571,ms,
2026-10-07T04:13:45Z,4c8g,vm,file,na,l,search,exact_miss,scan,4,latency_ms,1236.3450,ms,
2026-10-07T04:13:45Z,4c8g,vm,file,na,l,search,exact_miss,scan,0,rows,0,rows,
2026-10-07T04:13:45Z,4c8g,vm,file,na,l,search,exact_miss,scan,0,id_sum,0,sum,
2026-10-07T04:13:45Z,4c8g,vm,file,na,l,search,prefix,scan,0,latency_ms,1255.4038,ms,
2026-10-07T04:13:45Z,4c8g,vm,file,na,l,search,prefix,scan,1,latency_ms,1258.5145,ms,
2026-10-07T04:13:45Z,4c8g,vm,file,na,l,search,prefix,scan,2,latency_ms,1255.5073,ms,
2026-10-07T04:13:45Z,4c8g,vm,file,na,l,search,prefix,scan,3,latency_ms,1258.7603,ms,
2026-10-07T04:13:45Z,4c8g,vm,file,na,l,search,prefix,scan,4,latency_ms,1258.6963,ms,
2026-10-07T04:13:45Z,4c8g,vm,file,na,l,search,prefix,scan,0,rows,3266,rows,
2026-10-07T04:13:45Z,4c8g,vm,file,na,l,search,prefix,scan,0,id_sum,58694774105,sum,
2026-10-07T04:13:45Z,4c8g,vm,file,na,l,search,contains_common,scan,0,latency_ms,1501.5046,ms,
2026-10-07T04:13:45Z,4c8g,vm,file,na,l,search,contains_common,scan,1,latency_ms,1504.0661,ms,
2026-10-07T04:13:45Z,4c8g,vm,file,na,l,search,contains_common,scan,2,latency_ms,1501.8097,ms,
2026-10-07T04:13:45Z,4c8g,vm,file,na,l,search,contains_common,scan,3,latency_ms,1500.6804,ms,
2026-10-07T04:13:45Z,4c8g,vm,file,na,l,search,contains_common,scan,4,latency_ms,1504.8005,ms,
2026-10-07T04:13:45Z,4c8g,vm,file,na,l,search,contains_common,scan,0,rows,70524,rows,
2026-10-07T04:13:45Z,4c8g,vm,file,na,l,search,contains_common,scan,0,id_sum,933383886531,sum,
2026-10-07T04:13:45Z,4c8g,vm,file,na,l,search,contains_rare,scan,0,latency_ms,1490.2056,ms,
2026-10-07T04:13:45Z,4c8g,vm,file,na,l,search,contains_rare,scan,1,latency_ms,1493.4503,ms,
2026-10-07T04:13:45Z,4c8g,vm,file,na,l,search,contains_rare,scan,2,latency_ms,1491.9164,ms,
2026-10-07T04:13:45Z,4c8g,vm,file,na,l,search,contains_rare,scan,3,latency_ms,1495.4407,ms,
2026-10-07T04:13:45Z,4c8g,vm,file,na,l,search,contains_rare,scan,4,latency_ms,1504.1495,ms,
2026-10-07T04:13:45Z,4c8g,vm,file,na,l,search,contains_rare,scan,0,rows,474,rows,
2026-10-07T04:13:45Z,4c8g,vm,file,na,l,search,contains_rare,scan,0,id_sum,6572348867,sum,
2026-10-07T04:13:45Z,4c8g,vm,file,na,l,search,contains_miss,scan,0,latency_ms,1452.6747,ms,
2026-10-07T04:13:45Z,4c8g,vm,file,na,l,search,contains_miss,scan,1,latency_ms,1455.7933,ms,
2026-10-07T04:13:45Z,4c8g,vm,file,na,l,search,contains_miss,scan,2,latency_ms,1453.5443,ms,
2026-10-07T04:13:45Z,4c8g,vm,file,na,l,search,contains_miss,scan,3,latency_ms,1453.8468,ms,
2026-10-07T04:13:45Z,4c8g,vm,file,na,l,search,contains_miss,scan,4,latency_ms,1460.7070,ms,
2026-10-07T04:13:45Z,4c8g,vm,file,na,l,search,contains_miss,scan,0,rows,0,rows,
2026-10-07T04:13:45Z,4c8g,vm,file,na,l,search,contains_miss,scan,0,id_sum,0,sum,
2026-10-07T04:16:36Z,4c8g,vm,postgres,tuned,s,search,point,noidx,0,latency_ms,0.0820,ms,
2026-10-07T04:16:36Z,4c8g,vm,postgres,tuned,s,search,point,noidx,1,latency_ms,0.1099,ms,
2026-10-07T04:16:36Z,4c8g,vm,postgres,tuned,s,search,point,noidx,2,latency_ms,0.0882,ms,
2026-10-07T04:16:36Z,4c8g,vm,postgres,tuned,s,search,point,noidx,3,latency_ms,0.1177,ms,
2026-10-07T04:16:36Z,4c8g,vm,postgres,tuned,s,search,point,noidx,4,latency_ms,0.1012,ms,
2026-10-07T04:16:36Z,4c8g,vm,postgres,tuned,s,search,point,noidx,0,rows,5,rows,
2026-10-07T04:16:36Z,4c8g,vm,postgres,tuned,s,search,point,noidx,0,id_sum,77016375,sum,
2026-10-07T04:16:36Z,4c8g,vm,postgres,tuned,s,search,point,noidx,0,server_ms,0.0110,ms,Index Scan
2026-10-07T04:16:36Z,4c8g,vm,postgres,tuned,s,search,exact_common,noidx,0,latency_ms,2.9282,ms,
2026-10-07T04:16:36Z,4c8g,vm,postgres,tuned,s,search,exact_common,noidx,1,latency_ms,2.9698,ms,
2026-10-07T04:16:36Z,4c8g,vm,postgres,tuned,s,search,exact_common,noidx,2,latency_ms,2.9153,ms,
2026-10-07T04:16:36Z,4c8g,vm,postgres,tuned,s,search,exact_common,noidx,3,latency_ms,2.9822,ms,
2026-10-07T04:16:36Z,4c8g,vm,postgres,tuned,s,search,exact_common,noidx,4,latency_ms,2.8838,ms,
2026-10-07T04:16:36Z,4c8g,vm,postgres,tuned,s,search,exact_common,noidx,0,rows,578,rows,
2026-10-07T04:16:36Z,4c8g,vm,postgres,tuned,s,search,exact_common,noidx,0,id_sum,8262982838,sum,
2026-10-07T04:16:36Z,4c8g,vm,postgres,tuned,s,search,exact_common,noidx,0,server_ms,2.5760,ms,Seq Scan
2026-10-07T04:16:36Z,4c8g,vm,postgres,tuned,s,search,exact_rare,noidx,0,latency_ms,2.8968,ms,
2026-10-07T04:16:36Z,4c8g,vm,postgres,tuned,s,search,exact_rare,noidx,1,latency_ms,3.0749,ms,
2026-10-07T04:16:36Z,4c8g,vm,postgres,tuned,s,search,exact_rare,noidx,2,latency_ms,3.0534,ms,
2026-10-07T04:16:36Z,4c8g,vm,postgres,tuned,s,search,exact_rare,noidx,3,latency_ms,2.8916,ms,
2026-10-07T04:16:36Z,4c8g,vm,postgres,tuned,s,search,exact_rare,noidx,4,latency_ms,2.7798,ms,
2026-10-07T04:16:36Z,4c8g,vm,postgres,tuned,s,search,exact_rare,noidx,0,rows,0,rows,
2026-10-07T04:16:36Z,4c8g,vm,postgres,tuned,s,search,exact_rare,noidx,0,id_sum,0,sum,
2026-10-07T04:16:36Z,4c8g,vm,postgres,tuned,s,search,exact_rare,noidx,0,server_ms,2.6400,ms,Seq Scan
2026-10-07T04:16:36Z,4c8g,vm,postgres,tuned,s,search,exact_miss,noidx,0,latency_ms,2.6525,ms,
2026-10-07T04:16:36Z,4c8g,vm,postgres,tuned,s,search,exact_miss,noidx,1,latency_ms,2.6231,ms,
2026-10-07T04:16:36Z,4c8g,vm,postgres,tuned,s,search,exact_miss,noidx,2,latency_ms,2.5850,ms,
2026-10-07T04:16:36Z,4c8g,vm,postgres,tuned,s,search,exact_miss,noidx,3,latency_ms,2.6250,ms,
2026-10-07T04:16:36Z,4c8g,vm,postgres,tuned,s,search,exact_miss,noidx,4,latency_ms,2.6088,ms,
2026-10-07T04:16:36Z,4c8g,vm,postgres,tuned,s,search,exact_miss,noidx,0,rows,0,rows,
2026-10-07T04:16:36Z,4c8g,vm,postgres,tuned,s,search,exact_miss,noidx,0,id_sum,0,sum,
2026-10-07T04:16:36Z,4c8g,vm,postgres,tuned,s,search,exact_miss,noidx,0,server_ms,2.4090,ms,Seq Scan
2026-10-07T04:16:36Z,4c8g,vm,postgres,tuned,s,search,prefix,noidx,0,latency_ms,3.0284,ms,
2026-10-07T04:16:36Z,4c8g,vm,postgres,tuned,s,search,prefix,noidx,1,latency_ms,3.0334,ms,
2026-10-07T04:16:36Z,4c8g,vm,postgres,tuned,s,search,prefix,noidx,2,latency_ms,2.9725,ms,
2026-10-07T04:16:36Z,4c8g,vm,postgres,tuned,s,search,prefix,noidx,3,latency_ms,2.9100,ms,
2026-10-07T04:16:36Z,4c8g,vm,postgres,tuned,s,search,prefix,noidx,4,latency_ms,2.9115,ms,
2026-10-07T04:16:36Z,4c8g,vm,postgres,tuned,s,search,prefix,noidx,0,rows,33,rows,
2026-10-07T04:16:36Z,4c8g,vm,postgres,tuned,s,search,prefix,noidx,0,id_sum,592694280,sum,
2026-10-07T04:16:36Z,4c8g,vm,postgres,tuned,s,search,prefix,noidx,0,server_ms,2.8210,ms,Seq Scan
2026-10-07T04:16:36Z,4c8g,vm,postgres,tuned,s,search,contains_common,noidx,0,latency_ms,5.5183,ms,
2026-10-07T04:16:36Z,4c8g,vm,postgres,tuned,s,search,contains_common,noidx,1,latency_ms,8.6245,ms,
2026-10-07T04:16:36Z,4c8g,vm,postgres,tuned,s,search,contains_common,noidx,2,latency_ms,5.6568,ms,
2026-10-07T04:16:36Z,4c8g,vm,postgres,tuned,s,search,contains_common,noidx,3,latency_ms,5.7748,ms,
2026-10-07T04:16:36Z,4c8g,vm,postgres,tuned,s,search,contains_common,noidx,4,latency_ms,5.9155,ms,
2026-10-07T04:16:36Z,4c8g,vm,postgres,tuned,s,search,contains_common,noidx,0,rows,682,rows,
2026-10-07T04:16:36Z,4c8g,vm,postgres,tuned,s,search,contains_common,noidx,0,id_sum,9803835120,sum,
2026-10-07T04:16:36Z,4c8g,vm,postgres,tuned,s,search,contains_common,noidx,0,server_ms,5.2060,ms,Seq Scan
2026-10-07T04:16:36Z,4c8g,vm,postgres,tuned,s,search,contains_rare,noidx,0,latency_ms,5.2959,ms,
2026-10-07T04:16:36Z,4c8g,vm,postgres,tuned,s,search,contains_rare,noidx,1,latency_ms,5.1422,ms,
2026-10-07T04:16:36Z,4c8g,vm,postgres,tuned,s,search,contains_rare,noidx,2,latency_ms,5.2937,ms,
2026-10-07T04:16:36Z,4c8g,vm,postgres,tuned,s,search,contains_rare,noidx,3,latency_ms,5.1562,ms,
2026-10-07T04:16:36Z,4c8g,vm,postgres,tuned,s,search,contains_rare,noidx,4,latency_ms,5.1590,ms,
2026-10-07T04:16:36Z,4c8g,vm,postgres,tuned,s,search,contains_rare,noidx,0,rows,4,rows,
2026-10-07T04:16:36Z,4c8g,vm,postgres,tuned,s,search,contains_rare,noidx,0,id_sum,75971361,sum,
2026-10-07T04:16:36Z,4c8g,vm,postgres,tuned,s,search,contains_rare,noidx,0,server_ms,5.4390,ms,Seq Scan
2026-10-07T04:16:36Z,4c8g,vm,postgres,tuned,s,search,contains_miss,noidx,0,latency_ms,5.2237,ms,
2026-10-07T04:16:36Z,4c8g,vm,postgres,tuned,s,search,contains_miss,noidx,1,latency_ms,5.2168,ms,
2026-10-07T04:16:36Z,4c8g,vm,postgres,tuned,s,search,contains_miss,noidx,2,latency_ms,5.2534,ms,
2026-10-07T04:16:36Z,4c8g,vm,postgres,tuned,s,search,contains_miss,noidx,3,latency_ms,5.3841,ms,
2026-10-07T04:16:36Z,4c8g,vm,postgres,tuned,s,search,contains_miss,noidx,4,latency_ms,5.0215,ms,
2026-10-07T04:16:36Z,4c8g,vm,postgres,tuned,s,search,contains_miss,noidx,0,rows,0,rows,
2026-10-07T04:16:36Z,4c8g,vm,postgres,tuned,s,search,contains_miss,noidx,0,id_sum,0,sum,
2026-10-07T04:16:36Z,4c8g,vm,postgres,tuned,s,search,contains_miss,noidx,0,server_ms,5.2970,ms,Seq Scan
2026-10-07T04:16:36Z,4c8g,vm,postgres,tuned,s,search,point,btree,0,latency_ms,0.1118,ms,
2026-10-07T04:16:36Z,4c8g,vm,postgres,tuned,s,search,point,btree,1,latency_ms,0.1440,ms,
2026-10-07T04:16:36Z,4c8g,vm,postgres,tuned,s,search,point,btree,2,latency_ms,0.1183,ms,
2026-10-07T04:16:36Z,4c8g,vm,postgres,tuned,s,search,point,btree,3,latency_ms,0.1261,ms,
2026-10-07T04:16:36Z,4c8g,vm,postgres,tuned,s,search,point,btree,4,latency_ms,0.1261,ms,
2026-10-07T04:16:36Z,4c8g,vm,postgres,tuned,s,search,point,btree,0,rows,5,rows,
2026-10-07T04:16:36Z,4c8g,vm,postgres,tuned,s,search,point,btree,0,id_sum,77016375,sum,
2026-10-07T04:16:36Z,4c8g,vm,postgres,tuned,s,search,point,btree,0,server_ms,0.0050,ms,Index Scan
2026-10-07T04:16:36Z,4c8g,vm,postgres,tuned,s,search,exact_common,btree,0,latency_ms,0.4915,ms,
2026-10-07T04:16:36Z,4c8g,vm,postgres,tuned,s,search,exact_common,btree,1,latency_ms,0.4165,ms,
2026-10-07T04:16:36Z,4c8g,vm,postgres,tuned,s,search,exact_common,btree,2,latency_ms,0.4025,ms,
2026-10-07T04:16:36Z,4c8g,vm,postgres,tuned,s,search,exact_common,btree,3,latency_ms,0.4567,ms,
2026-10-07T04:16:36Z,4c8g,vm,postgres,tuned,s,search,exact_common,btree,4,latency_ms,0.3501,ms,
2026-10-07T04:16:36Z,4c8g,vm,postgres,tuned,s,search,exact_common,btree,0,rows,578,rows,
2026-10-07T04:16:36Z,4c8g,vm,postgres,tuned,s,search,exact_common,btree,0,id_sum,8262982838,sum,
2026-10-07T04:16:36Z,4c8g,vm,postgres,tuned,s,search,exact_common,btree,0,server_ms,0.1590,ms,Bitmap Heap Scan + Bitmap Index Scan
2026-10-07T04:16:36Z,4c8g,vm,postgres,tuned,s,search,exact_rare,btree,0,latency_ms,0.1270,ms,
2026-10-07T04:16:36Z,4c8g,vm,postgres,tuned,s,search,exact_rare,btree,1,latency_ms,0.1666,ms,
2026-10-07T04:16:36Z,4c8g,vm,postgres,tuned,s,search,exact_rare,btree,2,latency_ms,0.1394,ms,
2026-10-07T04:16:36Z,4c8g,vm,postgres,tuned,s,search,exact_rare,btree,3,latency_ms,0.1106,ms,
2026-10-07T04:16:36Z,4c8g,vm,postgres,tuned,s,search,exact_rare,btree,4,latency_ms,0.1408,ms,
2026-10-07T04:16:36Z,4c8g,vm,postgres,tuned,s,search,exact_rare,btree,0,rows,0,rows,
2026-10-07T04:16:36Z,4c8g,vm,postgres,tuned,s,search,exact_rare,btree,0,id_sum,0,sum,
2026-10-07T04:16:36Z,4c8g,vm,postgres,tuned,s,search,exact_rare,btree,0,server_ms,0.0050,ms,Bitmap Heap Scan + Bitmap Index Scan
2026-10-07T04:16:36Z,4c8g,vm,postgres,tuned,s,search,exact_miss,btree,0,latency_ms,0.1517,ms,
2026-10-07T04:16:36Z,4c8g,vm,postgres,tuned,s,search,exact_miss,btree,1,latency_ms,0.1103,ms,
2026-10-07T04:16:36Z,4c8g,vm,postgres,tuned,s,search,exact_miss,btree,2,latency_ms,0.1335,ms,
2026-10-07T04:16:36Z,4c8g,vm,postgres,tuned,s,search,exact_miss,btree,3,latency_ms,0.1620,ms,
2026-10-07T04:16:36Z,4c8g,vm,postgres,tuned,s,search,exact_miss,btree,4,latency_ms,0.1365,ms,
2026-10-07T04:16:36Z,4c8g,vm,postgres,tuned,s,search,exact_miss,btree,0,rows,0,rows,
2026-10-07T04:16:36Z,4c8g,vm,postgres,tuned,s,search,exact_miss,btree,0,id_sum,0,sum,
2026-10-07T04:16:36Z,4c8g,vm,postgres,tuned,s,search,exact_miss,btree,0,server_ms,0.0040,ms,Bitmap Heap Scan + Bitmap Index Scan
2026-10-07T04:16:36Z,4c8g,vm,postgres,tuned,s,search,prefix,btree,0,latency_ms,0.3076,ms,
2026-10-07T04:16:36Z,4c8g,vm,postgres,tuned,s,search,prefix,btree,1,latency_ms,0.2695,ms,
2026-10-07T04:16:36Z,4c8g,vm,postgres,tuned,s,search,prefix,btree,2,latency_ms,0.1472,ms,
2026-10-07T04:16:36Z,4c8g,vm,postgres,tuned,s,search,prefix,btree,3,latency_ms,0.1434,ms,
2026-10-07T04:16:36Z,4c8g,vm,postgres,tuned,s,search,prefix,btree,4,latency_ms,0.1765,ms,
2026-10-07T04:16:36Z,4c8g,vm,postgres,tuned,s,search,prefix,btree,0,rows,33,rows,
2026-10-07T04:16:36Z,4c8g,vm,postgres,tuned,s,search,prefix,btree,0,id_sum,592694280,sum,
2026-10-07T04:16:36Z,4c8g,vm,postgres,tuned,s,search,prefix,btree,0,server_ms,0.0130,ms,Index Scan
2026-10-07T04:16:36Z,4c8g,vm,postgres,tuned,s,search,contains_common,btree,0,latency_ms,5.7522,ms,
2026-10-07T04:16:36Z,4c8g,vm,postgres,tuned,s,search,contains_common,btree,1,latency_ms,5.4912,ms,
2026-10-07T04:16:36Z,4c8g,vm,postgres,tuned,s,search,contains_common,btree,2,latency_ms,5.5166,ms,
2026-10-07T04:16:36Z,4c8g,vm,postgres,tuned,s,search,contains_common,btree,3,latency_ms,5.5370,ms,
2026-10-07T04:16:36Z,4c8g,vm,postgres,tuned,s,search,contains_common,btree,4,latency_ms,5.4351,ms,
2026-10-07T04:16:36Z,4c8g,vm,postgres,tuned,s,search,contains_common,btree,0,rows,682,rows,
2026-10-07T04:16:36Z,4c8g,vm,postgres,tuned,s,search,contains_common,btree,0,id_sum,9803835120,sum,
2026-10-07T04:16:36Z,4c8g,vm,postgres,tuned,s,search,contains_common,btree,0,server_ms,5.2210,ms,Seq Scan
2026-10-07T04:16:36Z,4c8g,vm,postgres,tuned,s,search,contains_rare,btree,0,latency_ms,5.1909,ms,
2026-10-07T04:16:36Z,4c8g,vm,postgres,tuned,s,search,contains_rare,btree,1,latency_ms,5.2698,ms,
2026-10-07T04:16:36Z,4c8g,vm,postgres,tuned,s,search,contains_rare,btree,2,latency_ms,5.1764,ms,
2026-10-07T04:16:36Z,4c8g,vm,postgres,tuned,s,search,contains_rare,btree,3,latency_ms,5.2169,ms,
2026-10-07T04:16:36Z,4c8g,vm,postgres,tuned,s,search,contains_rare,btree,4,latency_ms,5.1119,ms,
2026-10-07T04:16:36Z,4c8g,vm,postgres,tuned,s,search,contains_rare,btree,0,rows,4,rows,
2026-10-07T04:16:36Z,4c8g,vm,postgres,tuned,s,search,contains_rare,btree,0,id_sum,75971361,sum,
2026-10-07T04:16:36Z,4c8g,vm,postgres,tuned,s,search,contains_rare,btree,0,server_ms,4.9700,ms,Seq Scan
2026-10-07T04:16:36Z,4c8g,vm,postgres,tuned,s,search,contains_miss,btree,0,latency_ms,5.0693,ms,
2026-10-07T04:16:36Z,4c8g,vm,postgres,tuned,s,search,contains_miss,btree,1,latency_ms,5.0897,ms,
2026-10-07T04:16:36Z,4c8g,vm,postgres,tuned,s,search,contains_miss,btree,2,latency_ms,5.1953,ms,
2026-10-07T04:16:36Z,4c8g,vm,postgres,tuned,s,search,contains_miss,btree,3,latency_ms,5.1294,ms,
2026-10-07T04:16:36Z,4c8g,vm,postgres,tuned,s,search,contains_miss,btree,4,latency_ms,5.0787,ms,
2026-10-07T04:16:36Z,4c8g,vm,postgres,tuned,s,search,contains_miss,btree,0,rows,0,rows,
2026-10-07T04:16:36Z,4c8g,vm,postgres,tuned,s,search,contains_miss,btree,0,id_sum,0,sum,
2026-10-07T04:16:36Z,4c8g,vm,postgres,tuned,s,search,contains_miss,btree,0,server_ms,4.8140,ms,Seq Scan
2026-10-07T04:16:37Z,4c8g,vm,postgres,tuned,s,search,point,trgm,0,latency_ms,0.0817,ms,
2026-10-07T04:16:37Z,4c8g,vm,postgres,tuned,s,search,point,trgm,1,latency_ms,0.1108,ms,
2026-10-07T04:16:37Z,4c8g,vm,postgres,tuned,s,search,point,trgm,2,latency_ms,0.0875,ms,
2026-10-07T04:16:37Z,4c8g,vm,postgres,tuned,s,search,point,trgm,3,latency_ms,0.1054,ms,
2026-10-07T04:16:37Z,4c8g,vm,postgres,tuned,s,search,point,trgm,4,latency_ms,0.0869,ms,
2026-10-07T04:16:37Z,4c8g,vm,postgres,tuned,s,search,point,trgm,0,rows,5,rows,
2026-10-07T04:16:37Z,4c8g,vm,postgres,tuned,s,search,point,trgm,0,id_sum,77016375,sum,
2026-10-07T04:16:37Z,4c8g,vm,postgres,tuned,s,search,point,trgm,0,server_ms,0.0050,ms,Index Scan
2026-10-07T04:16:37Z,4c8g,vm,postgres,tuned,s,search,exact_common,trgm,0,latency_ms,5.2881,ms,
2026-10-07T04:16:37Z,4c8g,vm,postgres,tuned,s,search,exact_common,trgm,1,latency_ms,5.1623,ms,
2026-10-07T04:16:37Z,4c8g,vm,postgres,tuned,s,search,exact_common,trgm,2,latency_ms,5.0759,ms,
2026-10-07T04:16:37Z,4c8g,vm,postgres,tuned,s,search,exact_common,trgm,3,latency_ms,6.1125,ms,
2026-10-07T04:16:37Z,4c8g,vm,postgres,tuned,s,search,exact_common,trgm,4,latency_ms,5.2935,ms,
2026-10-07T04:16:37Z,4c8g,vm,postgres,tuned,s,search,exact_common,trgm,0,rows,578,rows,
2026-10-07T04:16:37Z,4c8g,vm,postgres,tuned,s,search,exact_common,trgm,0,id_sum,8262982838,sum,
2026-10-07T04:16:37Z,4c8g,vm,postgres,tuned,s,search,exact_common,trgm,0,server_ms,4.9490,ms,Bitmap Heap Scan + Bitmap Index Scan
2026-10-07T04:16:37Z,4c8g,vm,postgres,tuned,s,search,exact_rare,trgm,0,latency_ms,0.2732,ms,
2026-10-07T04:16:37Z,4c8g,vm,postgres,tuned,s,search,exact_rare,trgm,1,latency_ms,0.2635,ms,
2026-10-07T04:16:37Z,4c8g,vm,postgres,tuned,s,search,exact_rare,trgm,2,latency_ms,0.2453,ms,
2026-10-07T04:16:37Z,4c8g,vm,postgres,tuned,s,search,exact_rare,trgm,3,latency_ms,0.3416,ms,
2026-10-07T04:16:37Z,4c8g,vm,postgres,tuned,s,search,exact_rare,trgm,4,latency_ms,0.2667,ms,
2026-10-07T04:16:37Z,4c8g,vm,postgres,tuned,s,search,exact_rare,trgm,0,rows,0,rows,
2026-10-07T04:16:37Z,4c8g,vm,postgres,tuned,s,search,exact_rare,trgm,0,id_sum,0,sum,
2026-10-07T04:16:37Z,4c8g,vm,postgres,tuned,s,search,exact_rare,trgm,0,server_ms,0.1550,ms,Bitmap Heap Scan + Bitmap Index Scan
2026-10-07T04:16:37Z,4c8g,vm,postgres,tuned,s,search,exact_miss,trgm,0,latency_ms,0.1661,ms,
2026-10-07T04:16:37Z,4c8g,vm,postgres,tuned,s,search,exact_miss,trgm,1,latency_ms,0.2333,ms,
2026-10-07T04:16:37Z,4c8g,vm,postgres,tuned,s,search,exact_miss,trgm,2,latency_ms,0.1867,ms,
2026-10-07T04:16:37Z,4c8g,vm,postgres,tuned,s,search,exact_miss,trgm,3,latency_ms,0.1850,ms,
2026-10-07T04:16:37Z,4c8g,vm,postgres,tuned,s,search,exact_miss,trgm,4,latency_ms,0.2050,ms,
2026-10-07T04:16:37Z,4c8g,vm,postgres,tuned,s,search,exact_miss,trgm,0,rows,0,rows,
2026-10-07T04:16:37Z,4c8g,vm,postgres,tuned,s,search,exact_miss,trgm,0,id_sum,0,sum,
2026-10-07T04:16:37Z,4c8g,vm,postgres,tuned,s,search,exact_miss,trgm,0,server_ms,0.0900,ms,Bitmap Heap Scan + Bitmap Index Scan
2026-10-07T04:16:37Z,4c8g,vm,postgres,tuned,s,search,prefix,trgm,0,latency_ms,0.3492,ms,
2026-10-07T04:16:37Z,4c8g,vm,postgres,tuned,s,search,prefix,trgm,1,latency_ms,0.4095,ms,
2026-10-07T04:16:37Z,4c8g,vm,postgres,tuned,s,search,prefix,trgm,2,latency_ms,0.3449,ms,
2026-10-07T04:16:37Z,4c8g,vm,postgres,tuned,s,search,prefix,trgm,3,latency_ms,0.3374,ms,
2026-10-07T04:16:37Z,4c8g,vm,postgres,tuned,s,search,prefix,trgm,4,latency_ms,0.3429,ms,
2026-10-07T04:16:37Z,4c8g,vm,postgres,tuned,s,search,prefix,trgm,0,rows,33,rows,
2026-10-07T04:16:37Z,4c8g,vm,postgres,tuned,s,search,prefix,trgm,0,id_sum,592694280,sum,
2026-10-07T04:16:37Z,4c8g,vm,postgres,tuned,s,search,prefix,trgm,0,server_ms,0.1950,ms,Bitmap Heap Scan + Bitmap Index Scan
2026-10-07T04:16:37Z,4c8g,vm,postgres,tuned,s,search,contains_common,trgm,0,latency_ms,0.5193,ms,
2026-10-07T04:16:37Z,4c8g,vm,postgres,tuned,s,search,contains_common,trgm,1,latency_ms,0.4990,ms,
2026-10-07T04:16:37Z,4c8g,vm,postgres,tuned,s,search,contains_common,trgm,2,latency_ms,0.8023,ms,
2026-10-07T04:16:37Z,4c8g,vm,postgres,tuned,s,search,contains_common,trgm,3,latency_ms,0.4386,ms,
2026-10-07T04:16:37Z,4c8g,vm,postgres,tuned,s,search,contains_common,trgm,4,latency_ms,0.5997,ms,
2026-10-07T04:16:37Z,4c8g,vm,postgres,tuned,s,search,contains_common,trgm,0,rows,682,rows,
2026-10-07T04:16:37Z,4c8g,vm,postgres,tuned,s,search,contains_common,trgm,0,id_sum,9803835120,sum,
2026-10-07T04:16:37Z,4c8g,vm,postgres,tuned,s,search,contains_common,trgm,0,server_ms,0.2080,ms,Bitmap Heap Scan + Bitmap Index Scan
2026-10-07T04:16:37Z,4c8g,vm,postgres,tuned,s,search,contains_rare,trgm,0,latency_ms,0.1332,ms,
2026-10-07T04:16:37Z,4c8g,vm,postgres,tuned,s,search,contains_rare,trgm,1,latency_ms,0.4466,ms,
2026-10-07T04:16:37Z,4c8g,vm,postgres,tuned,s,search,contains_rare,trgm,2,latency_ms,0.1846,ms,
2026-10-07T04:16:37Z,4c8g,vm,postgres,tuned,s,search,contains_rare,trgm,3,latency_ms,0.1800,ms,
2026-10-07T04:16:37Z,4c8g,vm,postgres,tuned,s,search,contains_rare,trgm,4,latency_ms,0.1627,ms,
2026-10-07T04:16:37Z,4c8g,vm,postgres,tuned,s,search,contains_rare,trgm,0,rows,4,rows,
2026-10-07T04:16:37Z,4c8g,vm,postgres,tuned,s,search,contains_rare,trgm,0,id_sum,75971361,sum,
2026-10-07T04:16:37Z,4c8g,vm,postgres,tuned,s,search,contains_rare,trgm,0,server_ms,0.0350,ms,Bitmap Heap Scan + Bitmap Index Scan
2026-10-07T04:16:37Z,4c8g,vm,postgres,tuned,s,search,contains_miss,trgm,0,latency_ms,0.1033,ms,
2026-10-07T04:16:37Z,4c8g,vm,postgres,tuned,s,search,contains_miss,trgm,1,latency_ms,0.1410,ms,
2026-10-07T04:16:37Z,4c8g,vm,postgres,tuned,s,search,contains_miss,trgm,2,latency_ms,0.1613,ms,
2026-10-07T04:16:37Z,4c8g,vm,postgres,tuned,s,search,contains_miss,trgm,3,latency_ms,0.1263,ms,
2026-10-07T04:16:37Z,4c8g,vm,postgres,tuned,s,search,contains_miss,trgm,4,latency_ms,0.1198,ms,
2026-10-07T04:16:37Z,4c8g,vm,postgres,tuned,s,search,contains_miss,trgm,0,rows,0,rows,
2026-10-07T04:16:37Z,4c8g,vm,postgres,tuned,s,search,contains_miss,trgm,0,id_sum,0,sum,
2026-10-07T04:16:37Z,4c8g,vm,postgres,tuned,s,search,contains_miss,trgm,0,server_ms,0.0050,ms,Bitmap Heap Scan + Bitmap Index Scan
2026-10-07T04:16:38Z,4c8g,vm,postgres,tuned,s,search,word_common,fts,0,latency_ms,0.5404,ms,
2026-10-07T04:16:38Z,4c8g,vm,postgres,tuned,s,search,word_common,fts,1,latency_ms,0.4867,ms,
2026-10-07T04:16:38Z,4c8g,vm,postgres,tuned,s,search,word_common,fts,2,latency_ms,0.4937,ms,
2026-10-07T04:16:38Z,4c8g,vm,postgres,tuned,s,search,word_common,fts,3,latency_ms,0.9376,ms,
2026-10-07T04:16:38Z,4c8g,vm,postgres,tuned,s,search,word_common,fts,4,latency_ms,0.5144,ms,
2026-10-07T04:16:38Z,4c8g,vm,postgres,tuned,s,search,word_common,fts,0,rows,579,rows,
2026-10-07T04:16:38Z,4c8g,vm,postgres,tuned,s,search,word_common,fts,0,id_sum,8580795053,sum,
2026-10-07T04:16:38Z,4c8g,vm,postgres,tuned,s,search,word_common,fts,0,server_ms,0.1500,ms,Bitmap Heap Scan + Bitmap Index Scan
2026-10-07T04:16:38Z,4c8g,vm,postgres,tuned,s,search,word_rare,fts,0,latency_ms,0.1075,ms,
2026-10-07T04:16:38Z,4c8g,vm,postgres,tuned,s,search,word_rare,fts,1,latency_ms,0.1748,ms,
2026-10-07T04:16:38Z,4c8g,vm,postgres,tuned,s,search,word_rare,fts,2,latency_ms,0.1586,ms,
2026-10-07T04:16:38Z,4c8g,vm,postgres,tuned,s,search,word_rare,fts,3,latency_ms,0.1265,ms,
2026-10-07T04:16:38Z,4c8g,vm,postgres,tuned,s,search,word_rare,fts,4,latency_ms,0.1284,ms,
2026-10-07T04:16:38Z,4c8g,vm,postgres,tuned,s,search,word_rare,fts,0,rows,4,rows,
2026-10-07T04:16:38Z,4c8g,vm,postgres,tuned,s,search,word_rare,fts,0,id_sum,75971361,sum,
2026-10-07T04:16:38Z,4c8g,vm,postgres,tuned,s,search,word_rare,fts,0,server_ms,0.0070,ms,Bitmap Heap Scan + Bitmap Index Scan
2026-10-07T04:16:38Z,4c8g,vm,postgres,tuned,s,search,word_miss,fts,0,latency_ms,0.0957,ms,
2026-10-07T04:16:38Z,4c8g,vm,postgres,tuned,s,search,word_miss,fts,1,latency_ms,0.1425,ms,
2026-10-07T04:16:38Z,4c8g,vm,postgres,tuned,s,search,word_miss,fts,2,latency_ms,0.1690,ms,
2026-10-07T04:16:38Z,4c8g,vm,postgres,tuned,s,search,word_miss,fts,3,latency_ms,0.1448,ms,
2026-10-07T04:16:38Z,4c8g,vm,postgres,tuned,s,search,word_miss,fts,4,latency_ms,0.1466,ms,
2026-10-07T04:16:38Z,4c8g,vm,postgres,tuned,s,search,word_miss,fts,0,rows,0,rows,
2026-10-07T04:16:38Z,4c8g,vm,postgres,tuned,s,search,word_miss,fts,0,id_sum,0,sum,
2026-10-07T04:16:38Z,4c8g,vm,postgres,tuned,s,search,word_miss,fts,0,server_ms,0.0040,ms,Bitmap Heap Scan + Bitmap Index Scan
2026-10-07T04:16:43Z,4c8g,vm,postgres,tuned,m,search,point,noidx,0,latency_ms,0.1096,ms,
2026-10-07T04:16:43Z,4c8g,vm,postgres,tuned,m,search,point,noidx,1,latency_ms,0.1177,ms,
2026-10-07T04:16:43Z,4c8g,vm,postgres,tuned,m,search,point,noidx,2,latency_ms,0.1485,ms,
2026-10-07T04:16:43Z,4c8g,vm,postgres,tuned,m,search,point,noidx,3,latency_ms,0.1318,ms,
2026-10-07T04:16:43Z,4c8g,vm,postgres,tuned,m,search,point,noidx,4,latency_ms,0.1248,ms,
2026-10-07T04:16:43Z,4c8g,vm,postgres,tuned,m,search,point,noidx,0,rows,5,rows,
2026-10-07T04:16:43Z,4c8g,vm,postgres,tuned,m,search,point,noidx,0,id_sum,76859199,sum,
2026-10-07T04:16:43Z,4c8g,vm,postgres,tuned,m,search,point,noidx,0,server_ms,0.0050,ms,Index Scan
2026-10-07T04:16:43Z,4c8g,vm,postgres,tuned,m,search,exact_common,noidx,0,latency_ms,22.1821,ms,
2026-10-07T04:16:43Z,4c8g,vm,postgres,tuned,m,search,exact_common,noidx,1,latency_ms,15.9805,ms,
2026-10-07T04:16:43Z,4c8g,vm,postgres,tuned,m,search,exact_common,noidx,2,latency_ms,15.8847,ms,
2026-10-07T04:16:43Z,4c8g,vm,postgres,tuned,m,search,exact_common,noidx,3,latency_ms,14.9543,ms,
2026-10-07T04:16:43Z,4c8g,vm,postgres,tuned,m,search,exact_common,noidx,4,latency_ms,14.8210,ms,
2026-10-07T04:16:43Z,4c8g,vm,postgres,tuned,m,search,exact_common,noidx,0,rows,6000,rows,
2026-10-07T04:16:43Z,4c8g,vm,postgres,tuned,m,search,exact_common,noidx,0,id_sum,90507904289,sum,
2026-10-07T04:16:43Z,4c8g,vm,postgres,tuned,m,search,exact_common,noidx,0,server_ms,14.4740,ms,Parallel Seq Scan
2026-10-07T04:16:43Z,4c8g,vm,postgres,tuned,m,search,exact_rare,noidx,0,latency_ms,13.7763,ms,
2026-10-07T04:16:43Z,4c8g,vm,postgres,tuned,m,search,exact_rare,noidx,1,latency_ms,14.6977,ms,
2026-10-07T04:16:43Z,4c8g,vm,postgres,tuned,m,search,exact_rare,noidx,2,latency_ms,14.5858,ms,
2026-10-07T04:16:43Z,4c8g,vm,postgres,tuned,m,search,exact_rare,noidx,3,latency_ms,15.1513,ms,
2026-10-07T04:16:43Z,4c8g,vm,postgres,tuned,m,search,exact_rare,noidx,4,latency_ms,15.5493,ms,
2026-10-07T04:16:43Z,4c8g,vm,postgres,tuned,m,search,exact_rare,noidx,0,rows,9,rows,
2026-10-07T04:16:43Z,4c8g,vm,postgres,tuned,m,search,exact_rare,noidx,0,id_sum,108959755,sum,
2026-10-07T04:16:43Z,4c8g,vm,postgres,tuned,m,search,exact_rare,noidx,0,server_ms,15.4300,ms,Parallel Seq Scan
2026-10-07T04:16:43Z,4c8g,vm,postgres,tuned,m,search,exact_miss,noidx,0,latency_ms,14.4562,ms,
2026-10-07T04:16:43Z,4c8g,vm,postgres,tuned,m,search,exact_miss,noidx,1,latency_ms,13.5068,ms,
2026-10-07T04:16:43Z,4c8g,vm,postgres,tuned,m,search,exact_miss,noidx,2,latency_ms,14.2337,ms,
2026-10-07T04:16:43Z,4c8g,vm,postgres,tuned,m,search,exact_miss,noidx,3,latency_ms,13.9413,ms,
2026-10-07T04:16:43Z,4c8g,vm,postgres,tuned,m,search,exact_miss,noidx,4,latency_ms,14.7946,ms,
2026-10-07T04:16:43Z,4c8g,vm,postgres,tuned,m,search,exact_miss,noidx,0,rows,0,rows,
2026-10-07T04:16:43Z,4c8g,vm,postgres,tuned,m,search,exact_miss,noidx,0,id_sum,0,sum,
2026-10-07T04:16:43Z,4c8g,vm,postgres,tuned,m,search,exact_miss,noidx,0,server_ms,13.7100,ms,Parallel Seq Scan
2026-10-07T04:16:43Z,4c8g,vm,postgres,tuned,m,search,prefix,noidx,0,latency_ms,15.2315,ms,
2026-10-07T04:16:43Z,4c8g,vm,postgres,tuned,m,search,prefix,noidx,1,latency_ms,16.2233,ms,
2026-10-07T04:16:43Z,4c8g,vm,postgres,tuned,m,search,prefix,noidx,2,latency_ms,14.8216,ms,
2026-10-07T04:16:43Z,4c8g,vm,postgres,tuned,m,search,prefix,noidx,3,latency_ms,15.1316,ms,
2026-10-07T04:16:43Z,4c8g,vm,postgres,tuned,m,search,prefix,noidx,4,latency_ms,15.0929,ms,
2026-10-07T04:16:43Z,4c8g,vm,postgres,tuned,m,search,prefix,noidx,0,rows,303,rows,
2026-10-07T04:16:43Z,4c8g,vm,postgres,tuned,m,search,prefix,noidx,0,id_sum,5269081058,sum,
2026-10-07T04:16:43Z,4c8g,vm,postgres,tuned,m,search,prefix,noidx,0,server_ms,14.9990,ms,Parallel Seq Scan
2026-10-07T04:16:43Z,4c8g,vm,postgres,tuned,m,search,contains_common,noidx,0,latency_ms,24.9823,ms,
2026-10-07T04:16:43Z,4c8g,vm,postgres,tuned,m,search,contains_common,noidx,1,latency_ms,24.5977,ms,
2026-10-07T04:16:43Z,4c8g,vm,postgres,tuned,m,search,contains_common,noidx,2,latency_ms,24.4771,ms,
2026-10-07T04:16:43Z,4c8g,vm,postgres,tuned,m,search,contains_common,noidx,3,latency_ms,23.5950,ms,
2026-10-07T04:16:43Z,4c8g,vm,postgres,tuned,m,search,contains_common,noidx,4,latency_ms,24.4020,ms,
2026-10-07T04:16:43Z,4c8g,vm,postgres,tuned,m,search,contains_common,noidx,0,rows,7044,rows,
2026-10-07T04:16:43Z,4c8g,vm,postgres,tuned,m,search,contains_common,noidx,0,id_sum,94864047422,sum,
2026-10-07T04:16:43Z,4c8g,vm,postgres,tuned,m,search,contains_common,noidx,0,server_ms,23.8340,ms,Parallel Seq Scan
2026-10-07T04:16:43Z,4c8g,vm,postgres,tuned,m,search,contains_rare,noidx,0,latency_ms,23.8588,ms,
2026-10-07T04:16:43Z,4c8g,vm,postgres,tuned,m,search,contains_rare,noidx,1,latency_ms,24.2703,ms,
2026-10-07T04:16:43Z,4c8g,vm,postgres,tuned,m,search,contains_rare,noidx,2,latency_ms,23.8367,ms,
2026-10-07T04:16:43Z,4c8g,vm,postgres,tuned,m,search,contains_rare,noidx,3,latency_ms,24.3259,ms,
2026-10-07T04:16:43Z,4c8g,vm,postgres,tuned,m,search,contains_rare,noidx,4,latency_ms,23.9014,ms,
2026-10-07T04:16:43Z,4c8g,vm,postgres,tuned,m,search,contains_rare,noidx,0,rows,55,rows,
2026-10-07T04:16:43Z,4c8g,vm,postgres,tuned,m,search,contains_rare,noidx,0,id_sum,706631613,sum,
2026-10-07T04:16:43Z,4c8g,vm,postgres,tuned,m,search,contains_rare,noidx,0,server_ms,23.0010,ms,Parallel Seq Scan
2026-10-07T04:16:43Z,4c8g,vm,postgres,tuned,m,search,contains_miss,noidx,0,latency_ms,22.6506,ms,
2026-10-07T04:16:43Z,4c8g,vm,postgres,tuned,m,search,contains_miss,noidx,1,latency_ms,22.8351,ms,
2026-10-07T04:16:43Z,4c8g,vm,postgres,tuned,m,search,contains_miss,noidx,2,latency_ms,22.4723,ms,
2026-10-07T04:16:43Z,4c8g,vm,postgres,tuned,m,search,contains_miss,noidx,3,latency_ms,22.6333,ms,
2026-10-07T04:16:43Z,4c8g,vm,postgres,tuned,m,search,contains_miss,noidx,4,latency_ms,22.2048,ms,
2026-10-07T04:16:43Z,4c8g,vm,postgres,tuned,m,search,contains_miss,noidx,0,rows,0,rows,
2026-10-07T04:16:43Z,4c8g,vm,postgres,tuned,m,search,contains_miss,noidx,0,id_sum,0,sum,
2026-10-07T04:16:43Z,4c8g,vm,postgres,tuned,m,search,contains_miss,noidx,0,server_ms,21.8670,ms,Parallel Seq Scan
2026-10-07T04:16:45Z,4c8g,vm,postgres,tuned,m,search,point,btree,0,latency_ms,0.1209,ms,
2026-10-07T04:16:45Z,4c8g,vm,postgres,tuned,m,search,point,btree,1,latency_ms,0.1221,ms,
2026-10-07T04:16:45Z,4c8g,vm,postgres,tuned,m,search,point,btree,2,latency_ms,0.1169,ms,
2026-10-07T04:16:45Z,4c8g,vm,postgres,tuned,m,search,point,btree,3,latency_ms,0.1210,ms,
2026-10-07T04:16:45Z,4c8g,vm,postgres,tuned,m,search,point,btree,4,latency_ms,0.1331,ms,
2026-10-07T04:16:45Z,4c8g,vm,postgres,tuned,m,search,point,btree,0,rows,5,rows,
2026-10-07T04:16:45Z,4c8g,vm,postgres,tuned,m,search,point,btree,0,id_sum,76859199,sum,
2026-10-07T04:16:45Z,4c8g,vm,postgres,tuned,m,search,point,btree,0,server_ms,0.0040,ms,Index Scan
2026-10-07T04:16:45Z,4c8g,vm,postgres,tuned,m,search,exact_common,btree,0,latency_ms,3.0481,ms,
2026-10-07T04:16:45Z,4c8g,vm,postgres,tuned,m,search,exact_common,btree,1,latency_ms,2.6646,ms,
2026-10-07T04:16:45Z,4c8g,vm,postgres,tuned,m,search,exact_common,btree,2,latency_ms,2.6220,ms,
2026-10-07T04:16:45Z,4c8g,vm,postgres,tuned,m,search,exact_common,btree,3,latency_ms,2.6660,ms,
2026-10-07T04:16:45Z,4c8g,vm,postgres,tuned,m,search,exact_common,btree,4,latency_ms,2.6318,ms,
2026-10-07T04:16:45Z,4c8g,vm,postgres,tuned,m,search,exact_common,btree,0,rows,6000,rows,
2026-10-07T04:16:45Z,4c8g,vm,postgres,tuned,m,search,exact_common,btree,0,id_sum,90507904289,sum,
2026-10-07T04:16:45Z,4c8g,vm,postgres,tuned,m,search,exact_common,btree,0,server_ms,1.6770,ms,Bitmap Heap Scan + Bitmap Index Scan
2026-10-07T04:16:45Z,4c8g,vm,postgres,tuned,m,search,exact_rare,btree,0,latency_ms,0.1464,ms,
2026-10-07T04:16:45Z,4c8g,vm,postgres,tuned,m,search,exact_rare,btree,1,latency_ms,0.1303,ms,
2026-10-07T04:16:45Z,4c8g,vm,postgres,tuned,m,search,exact_rare,btree,2,latency_ms,0.1469,ms,
2026-10-07T04:16:45Z,4c8g,vm,postgres,tuned,m,search,exact_rare,btree,3,latency_ms,0.1153,ms,
2026-10-07T04:16:45Z,4c8g,vm,postgres,tuned,m,search,exact_rare,btree,4,latency_ms,0.1268,ms,
2026-10-07T04:16:45Z,4c8g,vm,postgres,tuned,m,search,exact_rare,btree,0,rows,9,rows,
2026-10-07T04:16:45Z,4c8g,vm,postgres,tuned,m,search,exact_rare,btree,0,id_sum,108959755,sum,
2026-10-07T04:16:45Z,4c8g,vm,postgres,tuned,m,search,exact_rare,btree,0,server_ms,0.0080,ms,Bitmap Heap Scan + Bitmap Index Scan
2026-10-07T04:16:45Z,4c8g,vm,postgres,tuned,m,search,exact_miss,btree,0,latency_ms,0.1071,ms,
2026-10-07T04:16:45Z,4c8g,vm,postgres,tuned,m,search,exact_miss,btree,1,latency_ms,0.1128,ms,
2026-10-07T04:16:45Z,4c8g,vm,postgres,tuned,m,search,exact_miss,btree,2,latency_ms,0.1087,ms,
2026-10-07T04:16:45Z,4c8g,vm,postgres,tuned,m,search,exact_miss,btree,3,latency_ms,0.1209,ms,
2026-10-07T04:16:45Z,4c8g,vm,postgres,tuned,m,search,exact_miss,btree,4,latency_ms,0.1327,ms,
2026-10-07T04:16:45Z,4c8g,vm,postgres,tuned,m,search,exact_miss,btree,0,rows,0,rows,
2026-10-07T04:16:45Z,4c8g,vm,postgres,tuned,m,search,exact_miss,btree,0,id_sum,0,sum,
2026-10-07T04:16:45Z,4c8g,vm,postgres,tuned,m,search,exact_miss,btree,0,server_ms,0.0050,ms,Bitmap Heap Scan + Bitmap Index Scan
2026-10-07T04:16:45Z,4c8g,vm,postgres,tuned,m,search,prefix,btree,0,latency_ms,0.3088,ms,
2026-10-07T04:16:45Z,4c8g,vm,postgres,tuned,m,search,prefix,btree,1,latency_ms,0.2942,ms,
2026-10-07T04:16:45Z,4c8g,vm,postgres,tuned,m,search,prefix,btree,2,latency_ms,0.2687,ms,
2026-10-07T04:16:45Z,4c8g,vm,postgres,tuned,m,search,prefix,btree,3,latency_ms,0.2510,ms,
2026-10-07T04:16:45Z,4c8g,vm,postgres,tuned,m,search,prefix,btree,4,latency_ms,0.2184,ms,
2026-10-07T04:16:45Z,4c8g,vm,postgres,tuned,m,search,prefix,btree,0,rows,303,rows,
2026-10-07T04:16:45Z,4c8g,vm,postgres,tuned,m,search,prefix,btree,0,id_sum,5269081058,sum,
2026-10-07T04:16:45Z,4c8g,vm,postgres,tuned,m,search,prefix,btree,0,server_ms,0.0720,ms,Index Scan
2026-10-07T04:16:45Z,4c8g,vm,postgres,tuned,m,search,contains_common,btree,0,latency_ms,25.2393,ms,
2026-10-07T04:16:45Z,4c8g,vm,postgres,tuned,m,search,contains_common,btree,1,latency_ms,25.6058,ms,
2026-10-07T04:16:45Z,4c8g,vm,postgres,tuned,m,search,contains_common,btree,2,latency_ms,26.0158,ms,
2026-10-07T04:16:45Z,4c8g,vm,postgres,tuned,m,search,contains_common,btree,3,latency_ms,23.8805,ms,
2026-10-07T04:16:45Z,4c8g,vm,postgres,tuned,m,search,contains_common,btree,4,latency_ms,25.3241,ms,
2026-10-07T04:16:45Z,4c8g,vm,postgres,tuned,m,search,contains_common,btree,0,rows,7044,rows,
2026-10-07T04:16:45Z,4c8g,vm,postgres,tuned,m,search,contains_common,btree,0,id_sum,94864047422,sum,
2026-10-07T04:16:45Z,4c8g,vm,postgres,tuned,m,search,contains_common,btree,0,server_ms,24.7290,ms,Parallel Seq Scan
2026-10-07T04:16:45Z,4c8g,vm,postgres,tuned,m,search,contains_rare,btree,0,latency_ms,22.8696,ms,
2026-10-07T04:16:45Z,4c8g,vm,postgres,tuned,m,search,contains_rare,btree,1,latency_ms,25.2248,ms,
2026-10-07T04:16:45Z,4c8g,vm,postgres,tuned,m,search,contains_rare,btree,2,latency_ms,24.4710,ms,
2026-10-07T04:16:45Z,4c8g,vm,postgres,tuned,m,search,contains_rare,btree,3,latency_ms,24.5676,ms,
2026-10-07T04:16:45Z,4c8g,vm,postgres,tuned,m,search,contains_rare,btree,4,latency_ms,24.5524,ms,
2026-10-07T04:16:45Z,4c8g,vm,postgres,tuned,m,search,contains_rare,btree,0,rows,55,rows,
2026-10-07T04:16:45Z,4c8g,vm,postgres,tuned,m,search,contains_rare,btree,0,id_sum,706631613,sum,
2026-10-07T04:16:45Z,4c8g,vm,postgres,tuned,m,search,contains_rare,btree,0,server_ms,24.0740,ms,Parallel Seq Scan
2026-10-07T04:16:45Z,4c8g,vm,postgres,tuned,m,search,contains_miss,btree,0,latency_ms,25.3395,ms,
2026-10-07T04:16:45Z,4c8g,vm,postgres,tuned,m,search,contains_miss,btree,1,latency_ms,25.4889,ms,
2026-10-07T04:16:45Z,4c8g,vm,postgres,tuned,m,search,contains_miss,btree,2,latency_ms,25.7159,ms,
2026-10-07T04:16:45Z,4c8g,vm,postgres,tuned,m,search,contains_miss,btree,3,latency_ms,24.6803,ms,
2026-10-07T04:16:45Z,4c8g,vm,postgres,tuned,m,search,contains_miss,btree,4,latency_ms,24.2559,ms,
2026-10-07T04:16:45Z,4c8g,vm,postgres,tuned,m,search,contains_miss,btree,0,rows,0,rows,
2026-10-07T04:16:45Z,4c8g,vm,postgres,tuned,m,search,contains_miss,btree,0,id_sum,0,sum,
2026-10-07T04:16:45Z,4c8g,vm,postgres,tuned,m,search,contains_miss,btree,0,server_ms,23.9170,ms,Parallel Seq Scan
2026-10-07T04:16:47Z,4c8g,vm,postgres,tuned,m,search,point,trgm,0,latency_ms,0.0978,ms,
2026-10-07T04:16:47Z,4c8g,vm,postgres,tuned,m,search,point,trgm,1,latency_ms,0.1110,ms,
2026-10-07T04:16:47Z,4c8g,vm,postgres,tuned,m,search,point,trgm,2,latency_ms,0.1171,ms,
2026-10-07T04:16:47Z,4c8g,vm,postgres,tuned,m,search,point,trgm,3,latency_ms,0.1216,ms,
2026-10-07T04:16:47Z,4c8g,vm,postgres,tuned,m,search,point,trgm,4,latency_ms,0.1108,ms,
2026-10-07T04:16:47Z,4c8g,vm,postgres,tuned,m,search,point,trgm,0,rows,5,rows,
2026-10-07T04:16:47Z,4c8g,vm,postgres,tuned,m,search,point,trgm,0,id_sum,76859199,sum,
2026-10-07T04:16:47Z,4c8g,vm,postgres,tuned,m,search,point,trgm,0,server_ms,0.0110,ms,Index Scan
2026-10-07T04:16:47Z,4c8g,vm,postgres,tuned,m,search,exact_common,trgm,0,latency_ms,51.9325,ms,
2026-10-07T04:16:47Z,4c8g,vm,postgres,tuned,m,search,exact_common,trgm,1,latency_ms,50.9589,ms,
2026-10-07T04:16:47Z,4c8g,vm,postgres,tuned,m,search,exact_common,trgm,2,latency_ms,50.7785,ms,
2026-10-07T04:16:47Z,4c8g,vm,postgres,tuned,m,search,exact_common,trgm,3,latency_ms,50.0785,ms,
2026-10-07T04:16:47Z,4c8g,vm,postgres,tuned,m,search,exact_common,trgm,4,latency_ms,50.1773,ms,
2026-10-07T04:16:47Z,4c8g,vm,postgres,tuned,m,search,exact_common,trgm,0,rows,6000,rows,
2026-10-07T04:16:47Z,4c8g,vm,postgres,tuned,m,search,exact_common,trgm,0,id_sum,90507904289,sum,
2026-10-07T04:16:47Z,4c8g,vm,postgres,tuned,m,search,exact_common,trgm,0,server_ms,49.0590,ms,Bitmap Heap Scan + Bitmap Index Scan
2026-10-07T04:16:47Z,4c8g,vm,postgres,tuned,m,search,exact_rare,trgm,0,latency_ms,1.7093,ms,
2026-10-07T04:16:47Z,4c8g,vm,postgres,tuned,m,search,exact_rare,trgm,1,latency_ms,1.8023,ms,
2026-10-07T04:16:47Z,4c8g,vm,postgres,tuned,m,search,exact_rare,trgm,2,latency_ms,1.7713,ms,
2026-10-07T04:16:47Z,4c8g,vm,postgres,tuned,m,search,exact_rare,trgm,3,latency_ms,1.7388,ms,
2026-10-07T04:16:47Z,4c8g,vm,postgres,tuned,m,search,exact_rare,trgm,4,latency_ms,1.7092,ms,
2026-10-07T04:16:47Z,4c8g,vm,postgres,tuned,m,search,exact_rare,trgm,0,rows,9,rows,
2026-10-07T04:16:47Z,4c8g,vm,postgres,tuned,m,search,exact_rare,trgm,0,id_sum,108959755,sum,
2026-10-07T04:16:47Z,4c8g,vm,postgres,tuned,m,search,exact_rare,trgm,0,server_ms,1.6070,ms,Bitmap Heap Scan + Bitmap Index Scan
2026-10-07T04:16:47Z,4c8g,vm,postgres,tuned,m,search,exact_miss,trgm,0,latency_ms,0.3095,ms,
2026-10-07T04:16:47Z,4c8g,vm,postgres,tuned,m,search,exact_miss,trgm,1,latency_ms,0.3213,ms,
2026-10-07T04:16:47Z,4c8g,vm,postgres,tuned,m,search,exact_miss,trgm,2,latency_ms,0.3111,ms,
2026-10-07T04:16:47Z,4c8g,vm,postgres,tuned,m,search,exact_miss,trgm,3,latency_ms,0.3563,ms,
2026-10-07T04:16:47Z,4c8g,vm,postgres,tuned,m,search,exact_miss,trgm,4,latency_ms,0.2966,ms,
2026-10-07T04:16:47Z,4c8g,vm,postgres,tuned,m,search,exact_miss,trgm,0,rows,0,rows,
2026-10-07T04:16:47Z,4c8g,vm,postgres,tuned,m,search,exact_miss,trgm,0,id_sum,0,sum,
2026-10-07T04:16:47Z,4c8g,vm,postgres,tuned,m,search,exact_miss,trgm,0,server_ms,0.1630,ms,Bitmap Heap Scan + Bitmap Index Scan
2026-10-07T04:16:47Z,4c8g,vm,postgres,tuned,m,search,prefix,trgm,0,latency_ms,2.3435,ms,
2026-10-07T04:16:47Z,4c8g,vm,postgres,tuned,m,search,prefix,trgm,1,latency_ms,2.3270,ms,
2026-10-07T04:16:47Z,4c8g,vm,postgres,tuned,m,search,prefix,trgm,2,latency_ms,2.3143,ms,
2026-10-07T04:16:47Z,4c8g,vm,postgres,tuned,m,search,prefix,trgm,3,latency_ms,2.2323,ms,
2026-10-07T04:16:47Z,4c8g,vm,postgres,tuned,m,search,prefix,trgm,4,latency_ms,2.2997,ms,
2026-10-07T04:16:47Z,4c8g,vm,postgres,tuned,m,search,prefix,trgm,0,rows,303,rows,
2026-10-07T04:16:47Z,4c8g,vm,postgres,tuned,m,search,prefix,trgm,0,id_sum,5269081058,sum,
2026-10-07T04:16:47Z,4c8g,vm,postgres,tuned,m,search,prefix,trgm,0,server_ms,2.1100,ms,Bitmap Heap Scan + Bitmap Index Scan
2026-10-07T04:16:47Z,4c8g,vm,postgres,tuned,m,search,contains_common,trgm,0,latency_ms,4.1468,ms,
2026-10-07T04:16:47Z,4c8g,vm,postgres,tuned,m,search,contains_common,trgm,1,latency_ms,4.2332,ms,
2026-10-07T04:16:47Z,4c8g,vm,postgres,tuned,m,search,contains_common,trgm,2,latency_ms,4.0993,ms,
2026-10-07T04:16:47Z,4c8g,vm,postgres,tuned,m,search,contains_common,trgm,3,latency_ms,3.9178,ms,
2026-10-07T04:16:47Z,4c8g,vm,postgres,tuned,m,search,contains_common,trgm,4,latency_ms,4.8019,ms,
2026-10-07T04:16:47Z,4c8g,vm,postgres,tuned,m,search,contains_common,trgm,0,rows,7044,rows,
2026-10-07T04:16:47Z,4c8g,vm,postgres,tuned,m,search,contains_common,trgm,0,id_sum,94864047422,sum,
2026-10-07T04:16:47Z,4c8g,vm,postgres,tuned,m,search,contains_common,trgm,0,server_ms,3.7030,ms,Bitmap Heap Scan + Bitmap Index Scan
2026-10-07T04:16:47Z,4c8g,vm,postgres,tuned,m,search,contains_rare,trgm,0,latency_ms,0.4728,ms,
2026-10-07T04:16:47Z,4c8g,vm,postgres,tuned,m,search,contains_rare,trgm,1,latency_ms,0.5441,ms,
2026-10-07T04:16:47Z,4c8g,vm,postgres,tuned,m,search,contains_rare,trgm,2,latency_ms,0.4906,ms,
2026-10-07T04:16:47Z,4c8g,vm,postgres,tuned,m,search,contains_rare,trgm,3,latency_ms,0.5082,ms,
2026-10-07T04:16:47Z,4c8g,vm,postgres,tuned,m,search,contains_rare,trgm,4,latency_ms,0.4820,ms,
2026-10-07T04:16:47Z,4c8g,vm,postgres,tuned,m,search,contains_rare,trgm,0,rows,55,rows,
2026-10-07T04:16:47Z,4c8g,vm,postgres,tuned,m,search,contains_rare,trgm,0,id_sum,706631613,sum,
2026-10-07T04:16:47Z,4c8g,vm,postgres,tuned,m,search,contains_rare,trgm,0,server_ms,0.3600,ms,Bitmap Heap Scan + Bitmap Index Scan
2026-10-07T04:16:47Z,4c8g,vm,postgres,tuned,m,search,contains_miss,trgm,0,latency_ms,0.1090,ms,
2026-10-07T04:16:47Z,4c8g,vm,postgres,tuned,m,search,contains_miss,trgm,1,latency_ms,0.1063,ms,
2026-10-07T04:16:47Z,4c8g,vm,postgres,tuned,m,search,contains_miss,trgm,2,latency_ms,0.1332,ms,
2026-10-07T04:16:47Z,4c8g,vm,postgres,tuned,m,search,contains_miss,trgm,3,latency_ms,0.1139,ms,
2026-10-07T04:16:47Z,4c8g,vm,postgres,tuned,m,search,contains_miss,trgm,4,latency_ms,0.1152,ms,
2026-10-07T04:16:47Z,4c8g,vm,postgres,tuned,m,search,contains_miss,trgm,0,rows,0,rows,
2026-10-07T04:16:47Z,4c8g,vm,postgres,tuned,m,search,contains_miss,trgm,0,id_sum,0,sum,
2026-10-07T04:16:47Z,4c8g,vm,postgres,tuned,m,search,contains_miss,trgm,0,server_ms,0.0050,ms,Bitmap Heap Scan + Bitmap Index Scan
2026-10-07T04:16:49Z,4c8g,vm,postgres,tuned,m,search,word_common,fts,0,latency_ms,2.9988,ms,
2026-10-07T04:16:49Z,4c8g,vm,postgres,tuned,m,search,word_common,fts,1,latency_ms,2.9734,ms,
2026-10-07T04:16:49Z,4c8g,vm,postgres,tuned,m,search,word_common,fts,2,latency_ms,2.9583,ms,
2026-10-07T04:16:49Z,4c8g,vm,postgres,tuned,m,search,word_common,fts,3,latency_ms,2.7578,ms,
2026-10-07T04:16:49Z,4c8g,vm,postgres,tuned,m,search,word_common,fts,4,latency_ms,2.7958,ms,
2026-10-07T04:16:49Z,4c8g,vm,postgres,tuned,m,search,word_common,fts,0,rows,5946,rows,
2026-10-07T04:16:49Z,4c8g,vm,postgres,tuned,m,search,word_common,fts,0,id_sum,81764417290,sum,
2026-10-07T04:16:49Z,4c8g,vm,postgres,tuned,m,search,word_common,fts,0,server_ms,1.8240,ms,Bitmap Heap Scan + Bitmap Index Scan
2026-10-07T04:16:49Z,4c8g,vm,postgres,tuned,m,search,word_rare,fts,0,latency_ms,0.1506,ms,
2026-10-07T04:16:49Z,4c8g,vm,postgres,tuned,m,search,word_rare,fts,1,latency_ms,0.1958,ms,
2026-10-07T04:16:49Z,4c8g,vm,postgres,tuned,m,search,word_rare,fts,2,latency_ms,0.2444,ms,
2026-10-07T04:16:49Z,4c8g,vm,postgres,tuned,m,search,word_rare,fts,3,latency_ms,0.1900,ms,
2026-10-07T04:16:49Z,4c8g,vm,postgres,tuned,m,search,word_rare,fts,4,latency_ms,0.1788,ms,
2026-10-07T04:16:49Z,4c8g,vm,postgres,tuned,m,search,word_rare,fts,0,rows,51,rows,
2026-10-07T04:16:49Z,4c8g,vm,postgres,tuned,m,search,word_rare,fts,0,id_sum,693484358,sum,
2026-10-07T04:16:49Z,4c8g,vm,postgres,tuned,m,search,word_rare,fts,0,server_ms,0.0250,ms,Bitmap Heap Scan + Bitmap Index Scan
2026-10-07T04:16:49Z,4c8g,vm,postgres,tuned,m,search,word_miss,fts,0,latency_ms,0.1333,ms,
2026-10-07T04:16:49Z,4c8g,vm,postgres,tuned,m,search,word_miss,fts,1,latency_ms,0.1415,ms,
2026-10-07T04:16:49Z,4c8g,vm,postgres,tuned,m,search,word_miss,fts,2,latency_ms,0.1605,ms,
2026-10-07T04:16:49Z,4c8g,vm,postgres,tuned,m,search,word_miss,fts,3,latency_ms,0.1378,ms,
2026-10-07T04:16:49Z,4c8g,vm,postgres,tuned,m,search,word_miss,fts,4,latency_ms,0.1373,ms,
2026-10-07T04:16:49Z,4c8g,vm,postgres,tuned,m,search,word_miss,fts,0,rows,0,rows,
2026-10-07T04:16:49Z,4c8g,vm,postgres,tuned,m,search,word_miss,fts,0,id_sum,0,sum,
2026-10-07T04:16:49Z,4c8g,vm,postgres,tuned,m,search,word_miss,fts,0,server_ms,0.0050,ms,Bitmap Heap Scan + Bitmap Index Scan
2026-10-07T04:17:16Z,4c8g,vm,postgres,tuned,l,search,point,noidx,0,latency_ms,0.1216,ms,
2026-10-07T04:17:16Z,4c8g,vm,postgres,tuned,l,search,point,noidx,1,latency_ms,0.1374,ms,
2026-10-07T04:17:16Z,4c8g,vm,postgres,tuned,l,search,point,noidx,2,latency_ms,0.1220,ms,
2026-10-07T04:17:16Z,4c8g,vm,postgres,tuned,l,search,point,noidx,3,latency_ms,0.1426,ms,
2026-10-07T04:17:16Z,4c8g,vm,postgres,tuned,l,search,point,noidx,4,latency_ms,0.1173,ms,
2026-10-07T04:17:16Z,4c8g,vm,postgres,tuned,l,search,point,noidx,0,rows,5,rows,
2026-10-07T04:17:16Z,4c8g,vm,postgres,tuned,l,search,point,noidx,0,id_sum,76840469,sum,
2026-10-07T04:17:16Z,4c8g,vm,postgres,tuned,l,search,point,noidx,0,server_ms,0.0070,ms,Index Scan
2026-10-07T04:17:16Z,4c8g,vm,postgres,tuned,l,search,exact_common,noidx,0,latency_ms,154.6493,ms,
2026-10-07T04:17:16Z,4c8g,vm,postgres,tuned,l,search,exact_common,noidx,1,latency_ms,163.4798,ms,
2026-10-07T04:17:16Z,4c8g,vm,postgres,tuned,l,search,exact_common,noidx,2,latency_ms,147.3601,ms,
2026-10-07T04:17:16Z,4c8g,vm,postgres,tuned,l,search,exact_common,noidx,3,latency_ms,147.0953,ms,
2026-10-07T04:17:16Z,4c8g,vm,postgres,tuned,l,search,exact_common,noidx,4,latency_ms,145.4690,ms,
2026-10-07T04:17:16Z,4c8g,vm,postgres,tuned,l,search,exact_common,noidx,0,rows,60684,rows,
2026-10-07T04:17:16Z,4c8g,vm,postgres,tuned,l,search,exact_common,noidx,0,id_sum,936128905867,sum,
2026-10-07T04:17:16Z,4c8g,vm,postgres,tuned,l,search,exact_common,noidx,0,server_ms,149.2240,ms,Parallel Seq Scan
2026-10-07T04:17:16Z,4c8g,vm,postgres,tuned,l,search,exact_rare,noidx,0,latency_ms,143.1040,ms,
2026-10-07T04:17:16Z,4c8g,vm,postgres,tuned,l,search,exact_rare,noidx,1,latency_ms,145.9795,ms,
2026-10-07T04:17:16Z,4c8g,vm,postgres,tuned,l,search,exact_rare,noidx,2,latency_ms,140.4044,ms,
2026-10-07T04:17:16Z,4c8g,vm,postgres,tuned,l,search,exact_rare,noidx,3,latency_ms,142.1509,ms,
2026-10-07T04:17:16Z,4c8g,vm,postgres,tuned,l,search,exact_rare,noidx,4,latency_ms,141.8665,ms,
2026-10-07T04:17:16Z,4c8g,vm,postgres,tuned,l,search,exact_rare,noidx,0,rows,47,rows,
2026-10-07T04:17:16Z,4c8g,vm,postgres,tuned,l,search,exact_rare,noidx,0,id_sum,502059988,sum,
2026-10-07T04:17:16Z,4c8g,vm,postgres,tuned,l,search,exact_rare,noidx,0,server_ms,142.8300,ms,Parallel Seq Scan
2026-10-07T04:17:16Z,4c8g,vm,postgres,tuned,l,search,exact_miss,noidx,0,latency_ms,148.6368,ms,
2026-10-07T04:17:16Z,4c8g,vm,postgres,tuned,l,search,exact_miss,noidx,1,latency_ms,140.7263,ms,
2026-10-07T04:17:16Z,4c8g,vm,postgres,tuned,l,search,exact_miss,noidx,2,latency_ms,139.7529,ms,
2026-10-07T04:17:16Z,4c8g,vm,postgres,tuned,l,search,exact_miss,noidx,3,latency_ms,137.7875,ms,
2026-10-07T04:17:16Z,4c8g,vm,postgres,tuned,l,search,exact_miss,noidx,4,latency_ms,136.3868,ms,
2026-10-07T04:17:16Z,4c8g,vm,postgres,tuned,l,search,exact_miss,noidx,0,rows,0,rows,
2026-10-07T04:17:16Z,4c8g,vm,postgres,tuned,l,search,exact_miss,noidx,0,id_sum,0,sum,
2026-10-07T04:17:16Z,4c8g,vm,postgres,tuned,l,search,exact_miss,noidx,0,server_ms,138.6250,ms,Parallel Seq Scan
2026-10-07T04:17:16Z,4c8g,vm,postgres,tuned,l,search,prefix,noidx,0,latency_ms,146.8945,ms,
2026-10-07T04:17:16Z,4c8g,vm,postgres,tuned,l,search,prefix,noidx,1,latency_ms,154.5634,ms,
2026-10-07T04:17:16Z,4c8g,vm,postgres,tuned,l,search,prefix,noidx,2,latency_ms,146.2123,ms,
2026-10-07T04:17:16Z,4c8g,vm,postgres,tuned,l,search,prefix,noidx,3,latency_ms,146.9453,ms,
2026-10-07T04:17:16Z,4c8g,vm,postgres,tuned,l,search,prefix,noidx,4,latency_ms,156.6572,ms,
2026-10-07T04:17:16Z,4c8g,vm,postgres,tuned,l,search,prefix,noidx,0,rows,3266,rows,
2026-10-07T04:17:16Z,4c8g,vm,postgres,tuned,l,search,prefix,noidx,0,id_sum,58694774105,sum,
2026-10-07T04:17:16Z,4c8g,vm,postgres,tuned,l,search,prefix,noidx,0,server_ms,149.5930,ms,Parallel Seq Scan
2026-10-07T04:17:16Z,4c8g,vm,postgres,tuned,l,search,contains_common,noidx,0,latency_ms,224.3629,ms,
2026-10-07T04:17:16Z,4c8g,vm,postgres,tuned,l,search,contains_common,noidx,1,latency_ms,224.5862,ms,
2026-10-07T04:17:16Z,4c8g,vm,postgres,tuned,l,search,contains_common,noidx,2,latency_ms,219.8169,ms,
2026-10-07T04:17:16Z,4c8g,vm,postgres,tuned,l,search,contains_common,noidx,3,latency_ms,219.4143,ms,
2026-10-07T04:17:16Z,4c8g,vm,postgres,tuned,l,search,contains_common,noidx,4,latency_ms,220.0776,ms,
2026-10-07T04:17:16Z,4c8g,vm,postgres,tuned,l,search,contains_common,noidx,0,rows,70524,rows,
2026-10-07T04:17:16Z,4c8g,vm,postgres,tuned,l,search,contains_common,noidx,0,id_sum,933383886531,sum,
2026-10-07T04:17:16Z,4c8g,vm,postgres,tuned,l,search,contains_common,noidx,0,server_ms,217.2830,ms,Parallel Seq Scan
2026-10-07T04:17:16Z,4c8g,vm,postgres,tuned,l,search,contains_rare,noidx,0,latency_ms,214.4398,ms,
2026-10-07T04:17:16Z,4c8g,vm,postgres,tuned,l,search,contains_rare,noidx,1,latency_ms,216.8863,ms,
2026-10-07T04:17:16Z,4c8g,vm,postgres,tuned,l,search,contains_rare,noidx,2,latency_ms,213.8338,ms,
2026-10-07T04:17:16Z,4c8g,vm,postgres,tuned,l,search,contains_rare,noidx,3,latency_ms,215.0160,ms,
2026-10-07T04:17:16Z,4c8g,vm,postgres,tuned,l,search,contains_rare,noidx,4,latency_ms,213.9998,ms,
2026-10-07T04:17:16Z,4c8g,vm,postgres,tuned,l,search,contains_rare,noidx,0,rows,474,rows,
2026-10-07T04:17:16Z,4c8g,vm,postgres,tuned,l,search,contains_rare,noidx,0,id_sum,6572348867,sum,
2026-10-07T04:17:16Z,4c8g,vm,postgres,tuned,l,search,contains_rare,noidx,0,server_ms,215.2020,ms,Parallel Seq Scan
2026-10-07T04:17:16Z,4c8g,vm,postgres,tuned,l,search,contains_miss,noidx,0,latency_ms,208.5393,ms,
2026-10-07T04:17:16Z,4c8g,vm,postgres,tuned,l,search,contains_miss,noidx,1,latency_ms,222.1925,ms,
2026-10-07T04:17:16Z,4c8g,vm,postgres,tuned,l,search,contains_miss,noidx,2,latency_ms,213.4068,ms,
2026-10-07T04:17:16Z,4c8g,vm,postgres,tuned,l,search,contains_miss,noidx,3,latency_ms,216.8844,ms,
2026-10-07T04:17:16Z,4c8g,vm,postgres,tuned,l,search,contains_miss,noidx,4,latency_ms,211.4003,ms,
2026-10-07T04:17:16Z,4c8g,vm,postgres,tuned,l,search,contains_miss,noidx,0,rows,0,rows,
2026-10-07T04:17:16Z,4c8g,vm,postgres,tuned,l,search,contains_miss,noidx,0,id_sum,0,sum,
2026-10-07T04:17:16Z,4c8g,vm,postgres,tuned,l,search,contains_miss,noidx,0,server_ms,221.0750,ms,Parallel Seq Scan
2026-10-07T04:17:30Z,4c8g,vm,postgres,tuned,l,search,point,btree,0,latency_ms,0.0812,ms,
2026-10-07T04:17:30Z,4c8g,vm,postgres,tuned,l,search,point,btree,1,latency_ms,0.1313,ms,
2026-10-07T04:17:30Z,4c8g,vm,postgres,tuned,l,search,point,btree,2,latency_ms,0.0907,ms,
2026-10-07T04:17:30Z,4c8g,vm,postgres,tuned,l,search,point,btree,3,latency_ms,0.1206,ms,
2026-10-07T04:17:30Z,4c8g,vm,postgres,tuned,l,search,point,btree,4,latency_ms,0.1253,ms,
2026-10-07T04:17:30Z,4c8g,vm,postgres,tuned,l,search,point,btree,0,rows,5,rows,
2026-10-07T04:17:30Z,4c8g,vm,postgres,tuned,l,search,point,btree,0,id_sum,76840469,sum,
2026-10-07T04:17:30Z,4c8g,vm,postgres,tuned,l,search,point,btree,0,server_ms,0.0080,ms,Index Scan
2026-10-07T04:17:30Z,4c8g,vm,postgres,tuned,l,search,exact_common,btree,0,latency_ms,39.5380,ms,
2026-10-07T04:17:30Z,4c8g,vm,postgres,tuned,l,search,exact_common,btree,1,latency_ms,39.0798,ms,
2026-10-07T04:17:30Z,4c8g,vm,postgres,tuned,l,search,exact_common,btree,2,latency_ms,39.1643,ms,
2026-10-07T04:17:30Z,4c8g,vm,postgres,tuned,l,search,exact_common,btree,3,latency_ms,38.4563,ms,
2026-10-07T04:17:30Z,4c8g,vm,postgres,tuned,l,search,exact_common,btree,4,latency_ms,37.5268,ms,
2026-10-07T04:17:30Z,4c8g,vm,postgres,tuned,l,search,exact_common,btree,0,rows,60684,rows,
2026-10-07T04:17:30Z,4c8g,vm,postgres,tuned,l,search,exact_common,btree,0,id_sum,936128905867,sum,
2026-10-07T04:17:30Z,4c8g,vm,postgres,tuned,l,search,exact_common,btree,0,server_ms,32.2230,ms,Bitmap Heap Scan + Bitmap Index Scan
2026-10-07T04:17:30Z,4c8g,vm,postgres,tuned,l,search,exact_rare,btree,0,latency_ms,0.1107,ms,
2026-10-07T04:17:30Z,4c8g,vm,postgres,tuned,l,search,exact_rare,btree,1,latency_ms,0.1445,ms,
2026-10-07T04:17:30Z,4c8g,vm,postgres,tuned,l,search,exact_rare,btree,2,latency_ms,0.1498,ms,
2026-10-07T04:17:30Z,4c8g,vm,postgres,tuned,l,search,exact_rare,btree,3,latency_ms,0.1299,ms,
2026-10-07T04:17:30Z,4c8g,vm,postgres,tuned,l,search,exact_rare,btree,4,latency_ms,0.1111,ms,
2026-10-07T04:17:30Z,4c8g,vm,postgres,tuned,l,search,exact_rare,btree,0,rows,47,rows,
2026-10-07T04:17:30Z,4c8g,vm,postgres,tuned,l,search,exact_rare,btree,0,id_sum,502059988,sum,
2026-10-07T04:17:30Z,4c8g,vm,postgres,tuned,l,search,exact_rare,btree,0,server_ms,0.0190,ms,Bitmap Heap Scan + Bitmap Index Scan
2026-10-07T04:17:30Z,4c8g,vm,postgres,tuned,l,search,exact_miss,btree,0,latency_ms,0.0922,ms,
2026-10-07T04:17:30Z,4c8g,vm,postgres,tuned,l,search,exact_miss,btree,1,latency_ms,0.1121,ms,
2026-10-07T04:17:30Z,4c8g,vm,postgres,tuned,l,search,exact_miss,btree,2,latency_ms,0.1055,ms,
2026-10-07T04:17:30Z,4c8g,vm,postgres,tuned,l,search,exact_miss,btree,3,latency_ms,0.1237,ms,
2026-10-07T04:17:30Z,4c8g,vm,postgres,tuned,l,search,exact_miss,btree,4,latency_ms,0.1103,ms,
2026-10-07T04:17:30Z,4c8g,vm,postgres,tuned,l,search,exact_miss,btree,0,rows,0,rows,
2026-10-07T04:17:30Z,4c8g,vm,postgres,tuned,l,search,exact_miss,btree,0,id_sum,0,sum,
2026-10-07T04:17:30Z,4c8g,vm,postgres,tuned,l,search,exact_miss,btree,0,server_ms,0.0060,ms,Bitmap Heap Scan + Bitmap Index Scan
2026-10-07T04:17:30Z,4c8g,vm,postgres,tuned,l,search,prefix,btree,0,latency_ms,1.3890,ms,
2026-10-07T04:17:30Z,4c8g,vm,postgres,tuned,l,search,prefix,btree,1,latency_ms,1.3586,ms,
2026-10-07T04:17:30Z,4c8g,vm,postgres,tuned,l,search,prefix,btree,2,latency_ms,1.3031,ms,
2026-10-07T04:17:30Z,4c8g,vm,postgres,tuned,l,search,prefix,btree,3,latency_ms,1.2701,ms,
2026-10-07T04:17:30Z,4c8g,vm,postgres,tuned,l,search,prefix,btree,4,latency_ms,1.3661,ms,
2026-10-07T04:17:30Z,4c8g,vm,postgres,tuned,l,search,prefix,btree,0,rows,3266,rows,
2026-10-07T04:17:30Z,4c8g,vm,postgres,tuned,l,search,prefix,btree,0,id_sum,58694774105,sum,
2026-10-07T04:17:30Z,4c8g,vm,postgres,tuned,l,search,prefix,btree,0,server_ms,0.8470,ms,Index Scan
2026-10-07T04:17:30Z,4c8g,vm,postgres,tuned,l,search,contains_common,btree,0,latency_ms,233.2085,ms,
2026-10-07T04:17:30Z,4c8g,vm,postgres,tuned,l,search,contains_common,btree,1,latency_ms,228.1121,ms,
2026-10-07T04:17:30Z,4c8g,vm,postgres,tuned,l,search,contains_common,btree,2,latency_ms,231.0844,ms,
2026-10-07T04:17:30Z,4c8g,vm,postgres,tuned,l,search,contains_common,btree,3,latency_ms,225.4431,ms,
2026-10-07T04:17:30Z,4c8g,vm,postgres,tuned,l,search,contains_common,btree,4,latency_ms,224.7949,ms,
2026-10-07T04:17:30Z,4c8g,vm,postgres,tuned,l,search,contains_common,btree,0,rows,70524,rows,
2026-10-07T04:17:30Z,4c8g,vm,postgres,tuned,l,search,contains_common,btree,0,id_sum,933383886531,sum,
2026-10-07T04:17:30Z,4c8g,vm,postgres,tuned,l,search,contains_common,btree,0,server_ms,226.2980,ms,Parallel Seq Scan
2026-10-07T04:17:30Z,4c8g,vm,postgres,tuned,l,search,contains_rare,btree,0,latency_ms,217.8927,ms,
2026-10-07T04:17:30Z,4c8g,vm,postgres,tuned,l,search,contains_rare,btree,1,latency_ms,221.5099,ms,
2026-10-07T04:17:30Z,4c8g,vm,postgres,tuned,l,search,contains_rare,btree,2,latency_ms,221.9125,ms,
2026-10-07T04:17:30Z,4c8g,vm,postgres,tuned,l,search,contains_rare,btree,3,latency_ms,219.0634,ms,
2026-10-07T04:17:30Z,4c8g,vm,postgres,tuned,l,search,contains_rare,btree,4,latency_ms,214.7468,ms,
2026-10-07T04:17:30Z,4c8g,vm,postgres,tuned,l,search,contains_rare,btree,0,rows,474,rows,
2026-10-07T04:17:30Z,4c8g,vm,postgres,tuned,l,search,contains_rare,btree,0,id_sum,6572348867,sum,
2026-10-07T04:17:30Z,4c8g,vm,postgres,tuned,l,search,contains_rare,btree,0,server_ms,217.8320,ms,Parallel Seq Scan
2026-10-07T04:17:30Z,4c8g,vm,postgres,tuned,l,search,contains_miss,btree,0,latency_ms,215.3189,ms,
2026-10-07T04:17:30Z,4c8g,vm,postgres,tuned,l,search,contains_miss,btree,1,latency_ms,226.1957,ms,
2026-10-07T04:17:30Z,4c8g,vm,postgres,tuned,l,search,contains_miss,btree,2,latency_ms,226.3836,ms,
2026-10-07T04:17:30Z,4c8g,vm,postgres,tuned,l,search,contains_miss,btree,3,latency_ms,221.1447,ms,
2026-10-07T04:17:30Z,4c8g,vm,postgres,tuned,l,search,contains_miss,btree,4,latency_ms,220.7869,ms,
2026-10-07T04:17:30Z,4c8g,vm,postgres,tuned,l,search,contains_miss,btree,0,rows,0,rows,
2026-10-07T04:17:30Z,4c8g,vm,postgres,tuned,l,search,contains_miss,btree,0,id_sum,0,sum,
2026-10-07T04:17:30Z,4c8g,vm,postgres,tuned,l,search,contains_miss,btree,0,server_ms,224.4920,ms,Parallel Seq Scan
2026-10-07T04:17:49Z,4c8g,vm,postgres,tuned,l,search,point,trgm,0,latency_ms,0.0841,ms,
2026-10-07T04:17:49Z,4c8g,vm,postgres,tuned,l,search,point,trgm,1,latency_ms,0.0977,ms,
2026-10-07T04:17:49Z,4c8g,vm,postgres,tuned,l,search,point,trgm,2,latency_ms,0.0849,ms,
2026-10-07T04:17:49Z,4c8g,vm,postgres,tuned,l,search,point,trgm,3,latency_ms,0.0933,ms,
2026-10-07T04:17:49Z,4c8g,vm,postgres,tuned,l,search,point,trgm,4,latency_ms,0.0882,ms,
2026-10-07T04:17:49Z,4c8g,vm,postgres,tuned,l,search,point,trgm,0,rows,5,rows,
2026-10-07T04:17:49Z,4c8g,vm,postgres,tuned,l,search,point,trgm,0,id_sum,76840469,sum,
2026-10-07T04:17:49Z,4c8g,vm,postgres,tuned,l,search,point,trgm,0,server_ms,0.0080,ms,Index Scan
2026-10-07T04:17:49Z,4c8g,vm,postgres,tuned,l,search,exact_common,trgm,0,latency_ms,533.9039,ms,
2026-10-07T04:17:49Z,4c8g,vm,postgres,tuned,l,search,exact_common,trgm,1,latency_ms,528.7970,ms,
2026-10-07T04:17:49Z,4c8g,vm,postgres,tuned,l,search,exact_common,trgm,2,latency_ms,538.5960,ms,
2026-10-07T04:17:49Z,4c8g,vm,postgres,tuned,l,search,exact_common,trgm,3,latency_ms,531.2358,ms,
2026-10-07T04:17:49Z,4c8g,vm,postgres,tuned,l,search,exact_common,trgm,4,latency_ms,528.4430,ms,
2026-10-07T04:17:49Z,4c8g,vm,postgres,tuned,l,search,exact_common,trgm,0,rows,60684,rows,
2026-10-07T04:17:49Z,4c8g,vm,postgres,tuned,l,search,exact_common,trgm,0,id_sum,936128905867,sum,
2026-10-07T04:17:49Z,4c8g,vm,postgres,tuned,l,search,exact_common,trgm,0,server_ms,522.1390,ms,Bitmap Heap Scan + Bitmap Index Scan
2026-10-07T04:17:49Z,4c8g,vm,postgres,tuned,l,search,exact_rare,trgm,0,latency_ms,15.8625,ms,
2026-10-07T04:17:49Z,4c8g,vm,postgres,tuned,l,search,exact_rare,trgm,1,latency_ms,15.9847,ms,
2026-10-07T04:17:49Z,4c8g,vm,postgres,tuned,l,search,exact_rare,trgm,2,latency_ms,15.8603,ms,
2026-10-07T04:17:49Z,4c8g,vm,postgres,tuned,l,search,exact_rare,trgm,3,latency_ms,15.6802,ms,
2026-10-07T04:17:49Z,4c8g,vm,postgres,tuned,l,search,exact_rare,trgm,4,latency_ms,15.6983,ms,
2026-10-07T04:17:49Z,4c8g,vm,postgres,tuned,l,search,exact_rare,trgm,0,rows,47,rows,
2026-10-07T04:17:49Z,4c8g,vm,postgres,tuned,l,search,exact_rare,trgm,0,id_sum,502059988,sum,
2026-10-07T04:17:49Z,4c8g,vm,postgres,tuned,l,search,exact_rare,trgm,0,server_ms,15.8730,ms,Bitmap Heap Scan + Bitmap Index Scan
2026-10-07T04:17:49Z,4c8g,vm,postgres,tuned,l,search,exact_miss,trgm,0,latency_ms,0.3252,ms,
2026-10-07T04:17:49Z,4c8g,vm,postgres,tuned,l,search,exact_miss,trgm,1,latency_ms,0.3756,ms,
2026-10-07T04:17:49Z,4c8g,vm,postgres,tuned,l,search,exact_miss,trgm,2,latency_ms,0.3383,ms,
2026-10-07T04:17:49Z,4c8g,vm,postgres,tuned,l,search,exact_miss,trgm,3,latency_ms,0.3998,ms,
2026-10-07T04:17:49Z,4c8g,vm,postgres,tuned,l,search,exact_miss,trgm,4,latency_ms,0.3360,ms,
2026-10-07T04:17:49Z,4c8g,vm,postgres,tuned,l,search,exact_miss,trgm,0,rows,0,rows,
2026-10-07T04:17:49Z,4c8g,vm,postgres,tuned,l,search,exact_miss,trgm,0,id_sum,0,sum,
2026-10-07T04:17:49Z,4c8g,vm,postgres,tuned,l,search,exact_miss,trgm,0,server_ms,0.2340,ms,Bitmap Heap Scan + Bitmap Index Scan
2026-10-07T04:17:49Z,4c8g,vm,postgres,tuned,l,search,prefix,trgm,0,latency_ms,23.1154,ms,
2026-10-07T04:17:49Z,4c8g,vm,postgres,tuned,l,search,prefix,trgm,1,latency_ms,23.1360,ms,
2026-10-07T04:17:49Z,4c8g,vm,postgres,tuned,l,search,prefix,trgm,2,latency_ms,24.3923,ms,
2026-10-07T04:17:49Z,4c8g,vm,postgres,tuned,l,search,prefix,trgm,3,latency_ms,22.2155,ms,
2026-10-07T04:17:49Z,4c8g,vm,postgres,tuned,l,search,prefix,trgm,4,latency_ms,22.5763,ms,
2026-10-07T04:17:49Z,4c8g,vm,postgres,tuned,l,search,prefix,trgm,0,rows,3266,rows,
2026-10-07T04:17:49Z,4c8g,vm,postgres,tuned,l,search,prefix,trgm,0,id_sum,58694774105,sum,
2026-10-07T04:17:49Z,4c8g,vm,postgres,tuned,l,search,prefix,trgm,0,server_ms,21.6140,ms,Bitmap Heap Scan + Bitmap Index Scan
2026-10-07T04:17:49Z,4c8g,vm,postgres,tuned,l,search,contains_common,trgm,0,latency_ms,53.5118,ms,
2026-10-07T04:17:49Z,4c8g,vm,postgres,tuned,l,search,contains_common,trgm,1,latency_ms,53.6413,ms,
2026-10-07T04:17:49Z,4c8g,vm,postgres,tuned,l,search,contains_common,trgm,2,latency_ms,53.1911,ms,
2026-10-07T04:17:49Z,4c8g,vm,postgres,tuned,l,search,contains_common,trgm,3,latency_ms,53.3005,ms,
2026-10-07T04:17:49Z,4c8g,vm,postgres,tuned,l,search,contains_common,trgm,4,latency_ms,54.7410,ms,
2026-10-07T04:17:49Z,4c8g,vm,postgres,tuned,l,search,contains_common,trgm,0,rows,70524,rows,
2026-10-07T04:17:49Z,4c8g,vm,postgres,tuned,l,search,contains_common,trgm,0,id_sum,933383886531,sum,
2026-10-07T04:17:49Z,4c8g,vm,postgres,tuned,l,search,contains_common,trgm,0,server_ms,45.0910,ms,Bitmap Heap Scan + Bitmap Index Scan
2026-10-07T04:17:49Z,4c8g,vm,postgres,tuned,l,search,contains_rare,trgm,0,latency_ms,3.9149,ms,
2026-10-07T04:17:49Z,4c8g,vm,postgres,tuned,l,search,contains_rare,trgm,1,latency_ms,3.8154,ms,
2026-10-07T04:17:49Z,4c8g,vm,postgres,tuned,l,search,contains_rare,trgm,2,latency_ms,3.9236,ms,
2026-10-07T04:17:49Z,4c8g,vm,postgres,tuned,l,search,contains_rare,trgm,3,latency_ms,3.8130,ms,
2026-10-07T04:17:49Z,4c8g,vm,postgres,tuned,l,search,contains_rare,trgm,4,latency_ms,3.8862,ms,
2026-10-07T04:17:49Z,4c8g,vm,postgres,tuned,l,search,contains_rare,trgm,0,rows,474,rows,
2026-10-07T04:17:49Z,4c8g,vm,postgres,tuned,l,search,contains_rare,trgm,0,id_sum,6572348867,sum,
2026-10-07T04:17:49Z,4c8g,vm,postgres,tuned,l,search,contains_rare,trgm,0,server_ms,3.7760,ms,Bitmap Heap Scan + Bitmap Index Scan
2026-10-07T04:17:49Z,4c8g,vm,postgres,tuned,l,search,contains_miss,trgm,0,latency_ms,0.0873,ms,
2026-10-07T04:17:49Z,4c8g,vm,postgres,tuned,l,search,contains_miss,trgm,1,latency_ms,0.1292,ms,
2026-10-07T04:17:49Z,4c8g,vm,postgres,tuned,l,search,contains_miss,trgm,2,latency_ms,0.1362,ms,
2026-10-07T04:17:49Z,4c8g,vm,postgres,tuned,l,search,contains_miss,trgm,3,latency_ms,0.1212,ms,
2026-10-07T04:17:49Z,4c8g,vm,postgres,tuned,l,search,contains_miss,trgm,4,latency_ms,0.1148,ms,
2026-10-07T04:17:49Z,4c8g,vm,postgres,tuned,l,search,contains_miss,trgm,0,rows,0,rows,
2026-10-07T04:17:49Z,4c8g,vm,postgres,tuned,l,search,contains_miss,trgm,0,id_sum,0,sum,
2026-10-07T04:17:49Z,4c8g,vm,postgres,tuned,l,search,contains_miss,trgm,0,server_ms,0.0060,ms,Bitmap Heap Scan + Bitmap Index Scan
2026-10-07T04:18:05Z,4c8g,vm,postgres,tuned,l,search,word_common,fts,0,latency_ms,43.8241,ms,
2026-10-07T04:18:05Z,4c8g,vm,postgres,tuned,l,search,word_common,fts,1,latency_ms,41.5991,ms,
2026-10-07T04:18:05Z,4c8g,vm,postgres,tuned,l,search,word_common,fts,2,latency_ms,41.9010,ms,
2026-10-07T04:18:05Z,4c8g,vm,postgres,tuned,l,search,word_common,fts,3,latency_ms,43.9986,ms,
2026-10-07T04:18:05Z,4c8g,vm,postgres,tuned,l,search,word_common,fts,4,latency_ms,39.7924,ms,
2026-10-07T04:18:05Z,4c8g,vm,postgres,tuned,l,search,word_common,fts,0,rows,59547,rows,
2026-10-07T04:18:05Z,4c8g,vm,postgres,tuned,l,search,word_common,fts,0,id_sum,803152511191,sum,
2026-10-07T04:18:05Z,4c8g,vm,postgres,tuned,l,search,word_common,fts,0,server_ms,37.4030,ms,Parallel Bitmap Heap Scan + Bitmap Index Scan
2026-10-07T04:18:05Z,4c8g,vm,postgres,tuned,l,search,word_rare,fts,0,latency_ms,0.3786,ms,
2026-10-07T04:18:05Z,4c8g,vm,postgres,tuned,l,search,word_rare,fts,1,latency_ms,0.4690,ms,
2026-10-07T04:18:05Z,4c8g,vm,postgres,tuned,l,search,word_rare,fts,2,latency_ms,0.3670,ms,
2026-10-07T04:18:05Z,4c8g,vm,postgres,tuned,l,search,word_rare,fts,3,latency_ms,0.3606,ms,
2026-10-07T04:18:05Z,4c8g,vm,postgres,tuned,l,search,word_rare,fts,4,latency_ms,0.3238,ms,
2026-10-07T04:18:05Z,4c8g,vm,postgres,tuned,l,search,word_rare,fts,0,rows,429,rows,
2026-10-07T04:18:05Z,4c8g,vm,postgres,tuned,l,search,word_rare,fts,0,id_sum,6122950223,sum,
2026-10-07T04:18:05Z,4c8g,vm,postgres,tuned,l,search,word_rare,fts,0,server_ms,0.1360,ms,Bitmap Heap Scan + Bitmap Index Scan
2026-10-07T04:18:05Z,4c8g,vm,postgres,tuned,l,search,word_miss,fts,0,latency_ms,0.1023,ms,
2026-10-07T04:18:05Z,4c8g,vm,postgres,tuned,l,search,word_miss,fts,1,latency_ms,0.1679,ms,
2026-10-07T04:18:05Z,4c8g,vm,postgres,tuned,l,search,word_miss,fts,2,latency_ms,0.1358,ms,
2026-10-07T04:18:05Z,4c8g,vm,postgres,tuned,l,search,word_miss,fts,3,latency_ms,0.1126,ms,
2026-10-07T04:18:05Z,4c8g,vm,postgres,tuned,l,search,word_miss,fts,4,latency_ms,0.1075,ms,
2026-10-07T04:18:05Z,4c8g,vm,postgres,tuned,l,search,word_miss,fts,0,rows,0,rows,
2026-10-07T04:18:05Z,4c8g,vm,postgres,tuned,l,search,word_miss,fts,0,id_sum,0,sum,
2026-10-07T04:18:05Z,4c8g,vm,postgres,tuned,l,search,word_miss,fts,0,server_ms,0.0040,ms,Bitmap Heap Scan + Bitmap Index Scan
2026-10-07T04:19:16Z,4c8g,vm,opengauss,tuned,s,search,point,noidx,0,latency_ms,0.1575,ms,
2026-10-07T04:19:16Z,4c8g,vm,opengauss,tuned,s,search,point,noidx,1,latency_ms,0.1906,ms,
2026-10-07T04:19:16Z,4c8g,vm,opengauss,tuned,s,search,point,noidx,2,latency_ms,0.1862,ms,
2026-10-07T04:19:16Z,4c8g,vm,opengauss,tuned,s,search,point,noidx,3,latency_ms,0.1425,ms,
2026-10-07T04:19:16Z,4c8g,vm,opengauss,tuned,s,search,point,noidx,4,latency_ms,0.1624,ms,
2026-10-07T04:19:16Z,4c8g,vm,opengauss,tuned,s,search,point,noidx,0,rows,5,rows,
2026-10-07T04:19:16Z,4c8g,vm,opengauss,tuned,s,search,point,noidx,0,id_sum,77016375,sum,
2026-10-07T04:19:16Z,4c8g,vm,opengauss,tuned,s,search,point,noidx,0,server_ms,0.0150,ms,Index Scan
2026-10-07T04:19:16Z,4c8g,vm,opengauss,tuned,s,search,exact_common,noidx,0,latency_ms,6.1247,ms,
2026-10-07T04:19:16Z,4c8g,vm,opengauss,tuned,s,search,exact_common,noidx,1,latency_ms,6.0362,ms,
2026-10-07T04:19:16Z,4c8g,vm,opengauss,tuned,s,search,exact_common,noidx,2,latency_ms,6.0454,ms,
2026-10-07T04:19:16Z,4c8g,vm,opengauss,tuned,s,search,exact_common,noidx,3,latency_ms,6.0072,ms,
2026-10-07T04:19:16Z,4c8g,vm,opengauss,tuned,s,search,exact_common,noidx,4,latency_ms,6.1159,ms,
2026-10-07T04:19:16Z,4c8g,vm,opengauss,tuned,s,search,exact_common,noidx,0,rows,578,rows,
2026-10-07T04:19:16Z,4c8g,vm,opengauss,tuned,s,search,exact_common,noidx,0,id_sum,8262982838,sum,
2026-10-07T04:19:16Z,4c8g,vm,opengauss,tuned,s,search,exact_common,noidx,0,server_ms,5.6730,ms,Seq Scan
2026-10-07T04:19:16Z,4c8g,vm,opengauss,tuned,s,search,exact_rare,noidx,0,latency_ms,5.7085,ms,
2026-10-07T04:19:16Z,4c8g,vm,opengauss,tuned,s,search,exact_rare,noidx,1,latency_ms,5.6415,ms,
2026-10-07T04:19:16Z,4c8g,vm,opengauss,tuned,s,search,exact_rare,noidx,2,latency_ms,5.6680,ms,
2026-10-07T04:19:16Z,4c8g,vm,opengauss,tuned,s,search,exact_rare,noidx,3,latency_ms,5.5714,ms,
2026-10-07T04:19:16Z,4c8g,vm,opengauss,tuned,s,search,exact_rare,noidx,4,latency_ms,5.5909,ms,
2026-10-07T04:19:16Z,4c8g,vm,opengauss,tuned,s,search,exact_rare,noidx,0,rows,0,rows,
2026-10-07T04:19:16Z,4c8g,vm,opengauss,tuned,s,search,exact_rare,noidx,0,id_sum,0,sum,
2026-10-07T04:19:16Z,4c8g,vm,opengauss,tuned,s,search,exact_rare,noidx,0,server_ms,5.4590,ms,Seq Scan
2026-10-07T04:19:16Z,4c8g,vm,opengauss,tuned,s,search,exact_miss,noidx,0,latency_ms,5.5850,ms,
2026-10-07T04:19:16Z,4c8g,vm,opengauss,tuned,s,search,exact_miss,noidx,1,latency_ms,5.6310,ms,
2026-10-07T04:19:16Z,4c8g,vm,opengauss,tuned,s,search,exact_miss,noidx,2,latency_ms,5.4603,ms,
2026-10-07T04:19:16Z,4c8g,vm,opengauss,tuned,s,search,exact_miss,noidx,3,latency_ms,5.3553,ms,
2026-10-07T04:19:16Z,4c8g,vm,opengauss,tuned,s,search,exact_miss,noidx,4,latency_ms,5.4180,ms,
2026-10-07T04:19:16Z,4c8g,vm,opengauss,tuned,s,search,exact_miss,noidx,0,rows,0,rows,
2026-10-07T04:19:16Z,4c8g,vm,opengauss,tuned,s,search,exact_miss,noidx,0,id_sum,0,sum,
2026-10-07T04:19:16Z,4c8g,vm,opengauss,tuned,s,search,exact_miss,noidx,0,server_ms,5.1940,ms,Seq Scan
2026-10-07T04:19:16Z,4c8g,vm,opengauss,tuned,s,search,prefix,noidx,0,latency_ms,6.1371,ms,
2026-10-07T04:19:16Z,4c8g,vm,opengauss,tuned,s,search,prefix,noidx,1,latency_ms,6.2404,ms,
2026-10-07T04:19:16Z,4c8g,vm,opengauss,tuned,s,search,prefix,noidx,2,latency_ms,6.1153,ms,
2026-10-07T04:19:16Z,4c8g,vm,opengauss,tuned,s,search,prefix,noidx,3,latency_ms,6.1511,ms,
2026-10-07T04:19:16Z,4c8g,vm,opengauss,tuned,s,search,prefix,noidx,4,latency_ms,6.0463,ms,
2026-10-07T04:19:16Z,4c8g,vm,opengauss,tuned,s,search,prefix,noidx,0,rows,33,rows,
2026-10-07T04:19:16Z,4c8g,vm,opengauss,tuned,s,search,prefix,noidx,0,id_sum,592694280,sum,
2026-10-07T04:19:16Z,4c8g,vm,opengauss,tuned,s,search,prefix,noidx,0,server_ms,5.9050,ms,Seq Scan
2026-10-07T04:19:16Z,4c8g,vm,opengauss,tuned,s,search,contains_common,noidx,0,latency_ms,8.9494,ms,
2026-10-07T04:19:16Z,4c8g,vm,opengauss,tuned,s,search,contains_common,noidx,1,latency_ms,8.7980,ms,
2026-10-07T04:19:16Z,4c8g,vm,opengauss,tuned,s,search,contains_common,noidx,2,latency_ms,8.6069,ms,
2026-10-07T04:19:16Z,4c8g,vm,opengauss,tuned,s,search,contains_common,noidx,3,latency_ms,8.6019,ms,
2026-10-07T04:19:16Z,4c8g,vm,opengauss,tuned,s,search,contains_common,noidx,4,latency_ms,8.4800,ms,
2026-10-07T04:19:16Z,4c8g,vm,opengauss,tuned,s,search,contains_common,noidx,0,rows,682,rows,
2026-10-07T04:19:16Z,4c8g,vm,opengauss,tuned,s,search,contains_common,noidx,0,id_sum,9803835120,sum,
2026-10-07T04:19:16Z,4c8g,vm,opengauss,tuned,s,search,contains_common,noidx,0,server_ms,8.0780,ms,Seq Scan
2026-10-07T04:19:16Z,4c8g,vm,opengauss,tuned,s,search,contains_rare,noidx,0,latency_ms,8.3243,ms,
2026-10-07T04:19:16Z,4c8g,vm,opengauss,tuned,s,search,contains_rare,noidx,1,latency_ms,8.2542,ms,
2026-10-07T04:19:16Z,4c8g,vm,opengauss,tuned,s,search,contains_rare,noidx,2,latency_ms,8.2560,ms,
2026-10-07T04:19:16Z,4c8g,vm,opengauss,tuned,s,search,contains_rare,noidx,3,latency_ms,8.2601,ms,
2026-10-07T04:19:16Z,4c8g,vm,opengauss,tuned,s,search,contains_rare,noidx,4,latency_ms,8.3774,ms,
2026-10-07T04:19:16Z,4c8g,vm,opengauss,tuned,s,search,contains_rare,noidx,0,rows,4,rows,
2026-10-07T04:19:16Z,4c8g,vm,opengauss,tuned,s,search,contains_rare,noidx,0,id_sum,75971361,sum,
2026-10-07T04:19:16Z,4c8g,vm,opengauss,tuned,s,search,contains_rare,noidx,0,server_ms,7.9770,ms,Seq Scan
2026-10-07T04:19:16Z,4c8g,vm,opengauss,tuned,s,search,contains_miss,noidx,0,latency_ms,8.2110,ms,
2026-10-07T04:19:16Z,4c8g,vm,opengauss,tuned,s,search,contains_miss,noidx,1,latency_ms,8.2117,ms,
2026-10-07T04:19:16Z,4c8g,vm,opengauss,tuned,s,search,contains_miss,noidx,2,latency_ms,8.1025,ms,
2026-10-07T04:19:16Z,4c8g,vm,opengauss,tuned,s,search,contains_miss,noidx,3,latency_ms,8.3343,ms,
2026-10-07T04:19:16Z,4c8g,vm,opengauss,tuned,s,search,contains_miss,noidx,4,latency_ms,8.3295,ms,
2026-10-07T04:19:16Z,4c8g,vm,opengauss,tuned,s,search,contains_miss,noidx,0,rows,0,rows,
2026-10-07T04:19:16Z,4c8g,vm,opengauss,tuned,s,search,contains_miss,noidx,0,id_sum,0,sum,
2026-10-07T04:19:16Z,4c8g,vm,opengauss,tuned,s,search,contains_miss,noidx,0,server_ms,7.8010,ms,Seq Scan
2026-10-07T04:19:17Z,4c8g,vm,opengauss,tuned,s,search,point,btree,0,latency_ms,0.1559,ms,
2026-10-07T04:19:17Z,4c8g,vm,opengauss,tuned,s,search,point,btree,1,latency_ms,0.2081,ms,
2026-10-07T04:19:17Z,4c8g,vm,opengauss,tuned,s,search,point,btree,2,latency_ms,0.1587,ms,
2026-10-07T04:19:17Z,4c8g,vm,opengauss,tuned,s,search,point,btree,3,latency_ms,0.1568,ms,
2026-10-07T04:19:17Z,4c8g,vm,opengauss,tuned,s,search,point,btree,4,latency_ms,0.1628,ms,
2026-10-07T04:19:17Z,4c8g,vm,opengauss,tuned,s,search,point,btree,0,rows,5,rows,
2026-10-07T04:19:17Z,4c8g,vm,opengauss,tuned,s,search,point,btree,0,id_sum,77016375,sum,
2026-10-07T04:19:17Z,4c8g,vm,opengauss,tuned,s,search,point,btree,0,server_ms,0.0150,ms,Index Scan
2026-10-07T04:19:17Z,4c8g,vm,opengauss,tuned,s,search,exact_common,btree,0,latency_ms,0.6274,ms,
2026-10-07T04:19:17Z,4c8g,vm,opengauss,tuned,s,search,exact_common,btree,1,latency_ms,0.6573,ms,
2026-10-07T04:19:17Z,4c8g,vm,opengauss,tuned,s,search,exact_common,btree,2,latency_ms,0.6524,ms,
2026-10-07T04:19:17Z,4c8g,vm,opengauss,tuned,s,search,exact_common,btree,3,latency_ms,0.6732,ms,
2026-10-07T04:19:17Z,4c8g,vm,opengauss,tuned,s,search,exact_common,btree,4,latency_ms,2.3013,ms,
2026-10-07T04:19:17Z,4c8g,vm,opengauss,tuned,s,search,exact_common,btree,0,rows,578,rows,
2026-10-07T04:19:17Z,4c8g,vm,opengauss,tuned,s,search,exact_common,btree,0,id_sum,8262982838,sum,
2026-10-07T04:19:17Z,4c8g,vm,opengauss,tuned,s,search,exact_common,btree,0,server_ms,0.2290,ms,Bitmap Heap Scan + Bitmap Index Scan
2026-10-07T04:19:17Z,4c8g,vm,opengauss,tuned,s,search,exact_rare,btree,0,latency_ms,0.1435,ms,
2026-10-07T04:19:17Z,4c8g,vm,opengauss,tuned,s,search,exact_rare,btree,1,latency_ms,0.2216,ms,
2026-10-07T04:19:17Z,4c8g,vm,opengauss,tuned,s,search,exact_rare,btree,2,latency_ms,0.1853,ms,
2026-10-07T04:19:17Z,4c8g,vm,opengauss,tuned,s,search,exact_rare,btree,3,latency_ms,0.1908,ms,
2026-10-07T04:19:17Z,4c8g,vm,opengauss,tuned,s,search,exact_rare,btree,4,latency_ms,0.1863,ms,
2026-10-07T04:19:17Z,4c8g,vm,opengauss,tuned,s,search,exact_rare,btree,0,rows,0,rows,
2026-10-07T04:19:17Z,4c8g,vm,opengauss,tuned,s,search,exact_rare,btree,0,id_sum,0,sum,
2026-10-07T04:19:17Z,4c8g,vm,opengauss,tuned,s,search,exact_rare,btree,0,server_ms,0.0100,ms,Bitmap Heap Scan + Bitmap Index Scan
2026-10-07T04:19:17Z,4c8g,vm,opengauss,tuned,s,search,exact_miss,btree,0,latency_ms,0.2041,ms,
2026-10-07T04:19:17Z,4c8g,vm,opengauss,tuned,s,search,exact_miss,btree,1,latency_ms,0.5763,ms,
2026-10-07T04:19:17Z,4c8g,vm,opengauss,tuned,s,search,exact_miss,btree,2,latency_ms,0.2000,ms,
2026-10-07T04:19:17Z,4c8g,vm,opengauss,tuned,s,search,exact_miss,btree,3,latency_ms,0.2498,ms,
2026-10-07T04:19:17Z,4c8g,vm,opengauss,tuned,s,search,exact_miss,btree,4,latency_ms,0.2360,ms,
2026-10-07T04:19:17Z,4c8g,vm,opengauss,tuned,s,search,exact_miss,btree,0,rows,0,rows,
2026-10-07T04:19:17Z,4c8g,vm,opengauss,tuned,s,search,exact_miss,btree,0,id_sum,0,sum,
2026-10-07T04:19:17Z,4c8g,vm,opengauss,tuned,s,search,exact_miss,btree,0,server_ms,0.0100,ms,Bitmap Heap Scan + Bitmap Index Scan
2026-10-07T04:19:17Z,4c8g,vm,opengauss,tuned,s,search,prefix,btree,0,latency_ms,0.2714,ms,
2026-10-07T04:19:17Z,4c8g,vm,opengauss,tuned,s,search,prefix,btree,1,latency_ms,0.2558,ms,
2026-10-07T04:19:17Z,4c8g,vm,opengauss,tuned,s,search,prefix,btree,2,latency_ms,0.2701,ms,
2026-10-07T04:19:17Z,4c8g,vm,opengauss,tuned,s,search,prefix,btree,3,latency_ms,0.2418,ms,
2026-10-07T04:19:17Z,4c8g,vm,opengauss,tuned,s,search,prefix,btree,4,latency_ms,0.3122,ms,
2026-10-07T04:19:17Z,4c8g,vm,opengauss,tuned,s,search,prefix,btree,0,rows,33,rows,
2026-10-07T04:19:17Z,4c8g,vm,opengauss,tuned,s,search,prefix,btree,0,id_sum,592694280,sum,
2026-10-07T04:19:17Z,4c8g,vm,opengauss,tuned,s,search,prefix,btree,0,server_ms,0.0210,ms,Index Scan
2026-10-07T04:19:17Z,4c8g,vm,opengauss,tuned,s,search,contains_common,btree,0,latency_ms,9.0868,ms,
2026-10-07T04:19:17Z,4c8g,vm,opengauss,tuned,s,search,contains_common,btree,1,latency_ms,9.1916,ms,
2026-10-07T04:19:17Z,4c8g,vm,opengauss,tuned,s,search,contains_common,btree,2,latency_ms,9.0063,ms,
2026-10-07T04:19:17Z,4c8g,vm,opengauss,tuned,s,search,contains_common,btree,3,latency_ms,9.0667,ms,
2026-10-07T04:19:17Z,4c8g,vm,opengauss,tuned,s,search,contains_common,btree,4,latency_ms,8.9995,ms,
2026-10-07T04:19:17Z,4c8g,vm,opengauss,tuned,s,search,contains_common,btree,0,rows,682,rows,
2026-10-07T04:19:17Z,4c8g,vm,opengauss,tuned,s,search,contains_common,btree,0,id_sum,9803835120,sum,
2026-10-07T04:19:17Z,4c8g,vm,opengauss,tuned,s,search,contains_common,btree,0,server_ms,9.0820,ms,Seq Scan
2026-10-07T04:19:17Z,4c8g,vm,opengauss,tuned,s,search,contains_rare,btree,0,latency_ms,8.2551,ms,
2026-10-07T04:19:17Z,4c8g,vm,opengauss,tuned,s,search,contains_rare,btree,1,latency_ms,8.3587,ms,
2026-10-07T04:19:17Z,4c8g,vm,opengauss,tuned,s,search,contains_rare,btree,2,latency_ms,9.0346,ms,
2026-10-07T04:19:17Z,4c8g,vm,opengauss,tuned,s,search,contains_rare,btree,3,latency_ms,8.2615,ms,
2026-10-07T04:19:17Z,4c8g,vm,opengauss,tuned,s,search,contains_rare,btree,4,latency_ms,8.1269,ms,
2026-10-07T04:19:17Z,4c8g,vm,opengauss,tuned,s,search,contains_rare,btree,0,rows,4,rows,
2026-10-07T04:19:17Z,4c8g,vm,opengauss,tuned,s,search,contains_rare,btree,0,id_sum,75971361,sum,
2026-10-07T04:19:17Z,4c8g,vm,opengauss,tuned,s,search,contains_rare,btree,0,server_ms,7.9030,ms,Seq Scan
2026-10-07T04:19:17Z,4c8g,vm,opengauss,tuned,s,search,contains_miss,btree,0,latency_ms,8.5340,ms,
2026-10-07T04:19:17Z,4c8g,vm,opengauss,tuned,s,search,contains_miss,btree,1,latency_ms,8.1190,ms,
2026-10-07T04:19:17Z,4c8g,vm,opengauss,tuned,s,search,contains_miss,btree,2,latency_ms,8.3513,ms,
2026-10-07T04:19:17Z,4c8g,vm,opengauss,tuned,s,search,contains_miss,btree,3,latency_ms,8.2732,ms,
2026-10-07T04:19:17Z,4c8g,vm,opengauss,tuned,s,search,contains_miss,btree,4,latency_ms,8.1605,ms,
2026-10-07T04:19:17Z,4c8g,vm,opengauss,tuned,s,search,contains_miss,btree,0,rows,0,rows,
2026-10-07T04:19:17Z,4c8g,vm,opengauss,tuned,s,search,contains_miss,btree,0,id_sum,0,sum,
2026-10-07T04:19:17Z,4c8g,vm,opengauss,tuned,s,search,contains_miss,btree,0,server_ms,7.9970,ms,Seq Scan
2026-10-07T04:19:18Z,4c8g,vm,opengauss,tuned,s,search,word_common,fts,0,latency_ms,0.7941,ms,
2026-10-07T04:19:18Z,4c8g,vm,opengauss,tuned,s,search,word_common,fts,1,latency_ms,0.8866,ms,
2026-10-07T04:19:18Z,4c8g,vm,opengauss,tuned,s,search,word_common,fts,2,latency_ms,1.3104,ms,
2026-10-07T04:19:18Z,4c8g,vm,opengauss,tuned,s,search,word_common,fts,3,latency_ms,0.7738,ms,
2026-10-07T04:19:18Z,4c8g,vm,opengauss,tuned,s,search,word_common,fts,4,latency_ms,0.8834,ms,
2026-10-07T04:19:18Z,4c8g,vm,opengauss,tuned,s,search,word_common,fts,0,rows,579,rows,
2026-10-07T04:19:18Z,4c8g,vm,opengauss,tuned,s,search,word_common,fts,0,id_sum,8580795053,sum,
2026-10-07T04:19:18Z,4c8g,vm,opengauss,tuned,s,search,word_common,fts,0,server_ms,0.2700,ms,Bitmap Heap Scan + Bitmap Index Scan
2026-10-07T04:19:18Z,4c8g,vm,opengauss,tuned,s,search,word_rare,fts,0,latency_ms,0.2854,ms,
2026-10-07T04:19:18Z,4c8g,vm,opengauss,tuned,s,search,word_rare,fts,1,latency_ms,0.3151,ms,
2026-10-07T04:19:18Z,4c8g,vm,opengauss,tuned,s,search,word_rare,fts,2,latency_ms,0.3310,ms,
2026-10-07T04:19:18Z,4c8g,vm,opengauss,tuned,s,search,word_rare,fts,3,latency_ms,0.3945,ms,
2026-10-07T04:19:18Z,4c8g,vm,opengauss,tuned,s,search,word_rare,fts,4,latency_ms,0.2840,ms,
2026-10-07T04:19:18Z,4c8g,vm,opengauss,tuned,s,search,word_rare,fts,0,rows,4,rows,
2026-10-07T04:19:18Z,4c8g,vm,opengauss,tuned,s,search,word_rare,fts,0,id_sum,75971361,sum,
2026-10-07T04:19:18Z,4c8g,vm,opengauss,tuned,s,search,word_rare,fts,0,server_ms,0.0170,ms,Bitmap Heap Scan + Bitmap Index Scan
2026-10-07T04:19:18Z,4c8g,vm,opengauss,tuned,s,search,word_miss,fts,0,latency_ms,0.3899,ms,
2026-10-07T04:19:18Z,4c8g,vm,opengauss,tuned,s,search,word_miss,fts,1,latency_ms,0.2889,ms,
2026-10-07T04:19:18Z,4c8g,vm,opengauss,tuned,s,search,word_miss,fts,2,latency_ms,0.2779,ms,
2026-10-07T04:19:18Z,4c8g,vm,opengauss,tuned,s,search,word_miss,fts,3,latency_ms,0.3136,ms,
2026-10-07T04:19:18Z,4c8g,vm,opengauss,tuned,s,search,word_miss,fts,4,latency_ms,0.2511,ms,
2026-10-07T04:19:18Z,4c8g,vm,opengauss,tuned,s,search,word_miss,fts,0,rows,0,rows,
2026-10-07T04:19:18Z,4c8g,vm,opengauss,tuned,s,search,word_miss,fts,0,id_sum,0,sum,
2026-10-07T04:19:18Z,4c8g,vm,opengauss,tuned,s,search,word_miss,fts,0,server_ms,0.0100,ms,Bitmap Heap Scan + Bitmap Index Scan
2026-10-07T04:19:38Z,4c8g,vm,opengauss,tuned,m,search,point,noidx,0,latency_ms,0.1812,ms,
2026-10-07T04:19:38Z,4c8g,vm,opengauss,tuned,m,search,point,noidx,1,latency_ms,0.1773,ms,
2026-10-07T04:19:38Z,4c8g,vm,opengauss,tuned,m,search,point,noidx,2,latency_ms,0.1571,ms,
2026-10-07T04:19:38Z,4c8g,vm,opengauss,tuned,m,search,point,noidx,3,latency_ms,0.1583,ms,
2026-10-07T04:19:38Z,4c8g,vm,opengauss,tuned,m,search,point,noidx,4,latency_ms,0.1756,ms,
2026-10-07T04:19:38Z,4c8g,vm,opengauss,tuned,m,search,point,noidx,0,rows,5,rows,
2026-10-07T04:19:38Z,4c8g,vm,opengauss,tuned,m,search,point,noidx,0,id_sum,76859199,sum,
2026-10-07T04:19:38Z,4c8g,vm,opengauss,tuned,m,search,point,noidx,0,server_ms,0.0130,ms,Index Scan
2026-10-07T04:19:38Z,4c8g,vm,opengauss,tuned,m,search,exact_common,noidx,0,latency_ms,59.0110,ms,
2026-10-07T04:19:38Z,4c8g,vm,opengauss,tuned,m,search,exact_common,noidx,1,latency_ms,57.8543,ms,
2026-10-07T04:19:38Z,4c8g,vm,opengauss,tuned,m,search,exact_common,noidx,2,latency_ms,58.8495,ms,
2026-10-07T04:19:38Z,4c8g,vm,opengauss,tuned,m,search,exact_common,noidx,3,latency_ms,58.7831,ms,
2026-10-07T04:19:38Z,4c8g,vm,opengauss,tuned,m,search,exact_common,noidx,4,latency_ms,58.4465,ms,
2026-10-07T04:19:38Z,4c8g,vm,opengauss,tuned,m,search,exact_common,noidx,0,rows,6000,rows,
2026-10-07T04:19:38Z,4c8g,vm,opengauss,tuned,m,search,exact_common,noidx,0,id_sum,90507904289,sum,
2026-10-07T04:19:38Z,4c8g,vm,opengauss,tuned,m,search,exact_common,noidx,0,server_ms,57.3700,ms,Seq Scan
2026-10-07T04:19:38Z,4c8g,vm,opengauss,tuned,m,search,exact_rare,noidx,0,latency_ms,57.5410,ms,
2026-10-07T04:19:38Z,4c8g,vm,opengauss,tuned,m,search,exact_rare,noidx,1,latency_ms,57.1533,ms,
2026-10-07T04:19:38Z,4c8g,vm,opengauss,tuned,m,search,exact_rare,noidx,2,latency_ms,57.7585,ms,
2026-10-07T04:19:38Z,4c8g,vm,opengauss,tuned,m,search,exact_rare,noidx,3,latency_ms,57.2627,ms,
2026-10-07T04:19:38Z,4c8g,vm,opengauss,tuned,m,search,exact_rare,noidx,4,latency_ms,57.7277,ms,
2026-10-07T04:19:38Z,4c8g,vm,opengauss,tuned,m,search,exact_rare,noidx,0,rows,9,rows,
2026-10-07T04:19:38Z,4c8g,vm,opengauss,tuned,m,search,exact_rare,noidx,0,id_sum,108959755,sum,
2026-10-07T04:19:38Z,4c8g,vm,opengauss,tuned,m,search,exact_rare,noidx,0,server_ms,59.3340,ms,Seq Scan
2026-10-07T04:19:38Z,4c8g,vm,opengauss,tuned,m,search,exact_miss,noidx,0,latency_ms,56.1935,ms,
2026-10-07T04:19:38Z,4c8g,vm,opengauss,tuned,m,search,exact_miss,noidx,1,latency_ms,56.7063,ms,
2026-10-07T04:19:38Z,4c8g,vm,opengauss,tuned,m,search,exact_miss,noidx,2,latency_ms,56.6128,ms,
2026-10-07T04:19:38Z,4c8g,vm,opengauss,tuned,m,search,exact_miss,noidx,3,latency_ms,56.2878,ms,
2026-10-07T04:19:38Z,4c8g,vm,opengauss,tuned,m,search,exact_miss,noidx,4,latency_ms,56.2353,ms,
2026-10-07T04:19:38Z,4c8g,vm,opengauss,tuned,m,search,exact_miss,noidx,0,rows,0,rows,
2026-10-07T04:19:38Z,4c8g,vm,opengauss,tuned,m,search,exact_miss,noidx,0,id_sum,0,sum,
2026-10-07T04:19:38Z,4c8g,vm,opengauss,tuned,m,search,exact_miss,noidx,0,server_ms,55.9570,ms,Seq Scan
2026-10-07T04:19:38Z,4c8g,vm,opengauss,tuned,m,search,prefix,noidx,0,latency_ms,62.1207,ms,
2026-10-07T04:19:38Z,4c8g,vm,opengauss,tuned,m,search,prefix,noidx,1,latency_ms,62.4549,ms,
2026-10-07T04:19:38Z,4c8g,vm,opengauss,tuned,m,search,prefix,noidx,2,latency_ms,61.9262,ms,
2026-10-07T04:19:38Z,4c8g,vm,opengauss,tuned,m,search,prefix,noidx,3,latency_ms,62.1390,ms,
2026-10-07T04:19:38Z,4c8g,vm,opengauss,tuned,m,search,prefix,noidx,4,latency_ms,61.5400,ms,
2026-10-07T04:19:38Z,4c8g,vm,opengauss,tuned,m,search,prefix,noidx,0,rows,303,rows,
2026-10-07T04:19:38Z,4c8g,vm,opengauss,tuned,m,search,prefix,noidx,0,id_sum,5269081058,sum,
2026-10-07T04:19:38Z,4c8g,vm,opengauss,tuned,m,search,prefix,noidx,0,server_ms,61.6660,ms,Seq Scan
2026-10-07T04:19:38Z,4c8g,vm,opengauss,tuned,m,search,contains_common,noidx,0,latency_ms,85.2638,ms,
2026-10-07T04:19:38Z,4c8g,vm,opengauss,tuned,m,search,contains_common,noidx,1,latency_ms,84.5943,ms,
2026-10-07T04:19:38Z,4c8g,vm,opengauss,tuned,m,search,contains_common,noidx,2,latency_ms,84.0573,ms,
2026-10-07T04:19:38Z,4c8g,vm,opengauss,tuned,m,search,contains_common,noidx,3,latency_ms,85.4774,ms,
2026-10-07T04:19:38Z,4c8g,vm,opengauss,tuned,m,search,contains_common,noidx,4,latency_ms,83.5076,ms,
2026-10-07T04:19:38Z,4c8g,vm,opengauss,tuned,m,search,contains_common,noidx,0,rows,7044,rows,
2026-10-07T04:19:38Z,4c8g,vm,opengauss,tuned,m,search,contains_common,noidx,0,id_sum,94864047422,sum,
2026-10-07T04:19:38Z,4c8g,vm,opengauss,tuned,m,search,contains_common,noidx,0,server_ms,82.4410,ms,Seq Scan
2026-10-07T04:19:38Z,4c8g,vm,opengauss,tuned,m,search,contains_rare,noidx,0,latency_ms,81.8042,ms,
2026-10-07T04:19:38Z,4c8g,vm,opengauss,tuned,m,search,contains_rare,noidx,1,latency_ms,81.8100,ms,
2026-10-07T04:19:38Z,4c8g,vm,opengauss,tuned,m,search,contains_rare,noidx,2,latency_ms,81.2931,ms,
2026-10-07T04:19:38Z,4c8g,vm,opengauss,tuned,m,search,contains_rare,noidx,3,latency_ms,81.0275,ms,
2026-10-07T04:19:38Z,4c8g,vm,opengauss,tuned,m,search,contains_rare,noidx,4,latency_ms,83.3773,ms,
2026-10-07T04:19:38Z,4c8g,vm,opengauss,tuned,m,search,contains_rare,noidx,0,rows,55,rows,
2026-10-07T04:19:38Z,4c8g,vm,opengauss,tuned,m,search,contains_rare,noidx,0,id_sum,706631613,sum,
2026-10-07T04:19:38Z,4c8g,vm,opengauss,tuned,m,search,contains_rare,noidx,0,server_ms,82.5620,ms,Seq Scan
2026-10-07T04:19:38Z,4c8g,vm,opengauss,tuned,m,search,contains_miss,noidx,0,latency_ms,81.0736,ms,
2026-10-07T04:19:38Z,4c8g,vm,opengauss,tuned,m,search,contains_miss,noidx,1,latency_ms,80.7790,ms,
2026-10-07T04:19:38Z,4c8g,vm,opengauss,tuned,m,search,contains_miss,noidx,2,latency_ms,81.0516,ms,
2026-10-07T04:19:38Z,4c8g,vm,opengauss,tuned,m,search,contains_miss,noidx,3,latency_ms,80.7457,ms,
2026-10-07T04:19:38Z,4c8g,vm,opengauss,tuned,m,search,contains_miss,noidx,4,latency_ms,81.2132,ms,
2026-10-07T04:19:38Z,4c8g,vm,opengauss,tuned,m,search,contains_miss,noidx,0,rows,0,rows,
2026-10-07T04:19:38Z,4c8g,vm,opengauss,tuned,m,search,contains_miss,noidx,0,id_sum,0,sum,
2026-10-07T04:19:38Z,4c8g,vm,opengauss,tuned,m,search,contains_miss,noidx,0,server_ms,80.7830,ms,Seq Scan
2026-10-07T04:19:43Z,4c8g,vm,opengauss,tuned,m,search,point,btree,0,latency_ms,0.1726,ms,
2026-10-07T04:19:43Z,4c8g,vm,opengauss,tuned,m,search,point,btree,1,latency_ms,0.1810,ms,
2026-10-07T04:19:43Z,4c8g,vm,opengauss,tuned,m,search,point,btree,2,latency_ms,0.1834,ms,
2026-10-07T04:19:43Z,4c8g,vm,opengauss,tuned,m,search,point,btree,3,latency_ms,0.1562,ms,
2026-10-07T04:19:43Z,4c8g,vm,opengauss,tuned,m,search,point,btree,4,latency_ms,0.1724,ms,
2026-10-07T04:19:43Z,4c8g,vm,opengauss,tuned,m,search,point,btree,0,rows,5,rows,
2026-10-07T04:19:43Z,4c8g,vm,opengauss,tuned,m,search,point,btree,0,id_sum,76859199,sum,
2026-10-07T04:19:43Z,4c8g,vm,opengauss,tuned,m,search,point,btree,0,server_ms,0.0160,ms,Index Scan
2026-10-07T04:19:43Z,4c8g,vm,opengauss,tuned,m,search,exact_common,btree,0,latency_ms,4.9172,ms,
2026-10-07T04:19:43Z,4c8g,vm,opengauss,tuned,m,search,exact_common,btree,1,latency_ms,5.1087,ms,
2026-10-07T04:19:43Z,4c8g,vm,opengauss,tuned,m,search,exact_common,btree,2,latency_ms,4.0555,ms,
2026-10-07T04:19:43Z,4c8g,vm,opengauss,tuned,m,search,exact_common,btree,3,latency_ms,3.8953,ms,
2026-10-07T04:19:43Z,4c8g,vm,opengauss,tuned,m,search,exact_common,btree,4,latency_ms,3.6962,ms,
2026-10-07T04:19:43Z,4c8g,vm,opengauss,tuned,m,search,exact_common,btree,0,rows,6000,rows,
2026-10-07T04:19:43Z,4c8g,vm,opengauss,tuned,m,search,exact_common,btree,0,id_sum,90507904289,sum,
2026-10-07T04:19:43Z,4c8g,vm,opengauss,tuned,m,search,exact_common,btree,0,server_ms,2.5380,ms,Bitmap Heap Scan + Bitmap Index Scan
2026-10-07T04:19:43Z,4c8g,vm,opengauss,tuned,m,search,exact_rare,btree,0,latency_ms,0.2108,ms,
2026-10-07T04:19:43Z,4c8g,vm,opengauss,tuned,m,search,exact_rare,btree,1,latency_ms,0.1874,ms,
2026-10-07T04:19:43Z,4c8g,vm,opengauss,tuned,m,search,exact_rare,btree,2,latency_ms,0.2027,ms,
2026-10-07T04:19:43Z,4c8g,vm,opengauss,tuned,m,search,exact_rare,btree,3,latency_ms,0.1754,ms,
2026-10-07T04:19:43Z,4c8g,vm,opengauss,tuned,m,search,exact_rare,btree,4,latency_ms,0.1992,ms,
2026-10-07T04:19:43Z,4c8g,vm,opengauss,tuned,m,search,exact_rare,btree,0,rows,9,rows,
2026-10-07T04:19:43Z,4c8g,vm,opengauss,tuned,m,search,exact_rare,btree,0,id_sum,108959755,sum,
2026-10-07T04:19:43Z,4c8g,vm,opengauss,tuned,m,search,exact_rare,btree,0,server_ms,0.0150,ms,Bitmap Heap Scan + Bitmap Index Scan
2026-10-07T04:19:43Z,4c8g,vm,opengauss,tuned,m,search,exact_miss,btree,0,latency_ms,0.1693,ms,
2026-10-07T04:19:43Z,4c8g,vm,opengauss,tuned,m,search,exact_miss,btree,1,latency_ms,0.5358,ms,
2026-10-07T04:19:43Z,4c8g,vm,opengauss,tuned,m,search,exact_miss,btree,2,latency_ms,0.1993,ms,
2026-10-07T04:19:43Z,4c8g,vm,opengauss,tuned,m,search,exact_miss,btree,3,latency_ms,0.1853,ms,
2026-10-07T04:19:43Z,4c8g,vm,opengauss,tuned,m,search,exact_miss,btree,4,latency_ms,0.2185,ms,
2026-10-07T04:19:43Z,4c8g,vm,opengauss,tuned,m,search,exact_miss,btree,0,rows,0,rows,
2026-10-07T04:19:43Z,4c8g,vm,opengauss,tuned,m,search,exact_miss,btree,0,id_sum,0,sum,
2026-10-07T04:19:43Z,4c8g,vm,opengauss,tuned,m,search,exact_miss,btree,0,server_ms,0.0110,ms,Bitmap Heap Scan + Bitmap Index Scan
2026-10-07T04:19:43Z,4c8g,vm,opengauss,tuned,m,search,prefix,btree,0,latency_ms,0.4615,ms,
2026-10-07T04:19:43Z,4c8g,vm,opengauss,tuned,m,search,prefix,btree,1,latency_ms,0.4264,ms,
2026-10-07T04:19:43Z,4c8g,vm,opengauss,tuned,m,search,prefix,btree,2,latency_ms,0.4075,ms,
2026-10-07T04:19:43Z,4c8g,vm,opengauss,tuned,m,search,prefix,btree,3,latency_ms,0.4025,ms,
2026-10-07T04:19:43Z,4c8g,vm,opengauss,tuned,m,search,prefix,btree,4,latency_ms,0.3550,ms,
2026-10-07T04:19:43Z,4c8g,vm,opengauss,tuned,m,search,prefix,btree,0,rows,303,rows,
2026-10-07T04:19:43Z,4c8g,vm,opengauss,tuned,m,search,prefix,btree,0,id_sum,5269081058,sum,
2026-10-07T04:19:43Z,4c8g,vm,opengauss,tuned,m,search,prefix,btree,0,server_ms,0.1280,ms,Index Scan
2026-10-07T04:19:43Z,4c8g,vm,opengauss,tuned,m,search,contains_common,btree,0,latency_ms,84.3753,ms,
2026-10-07T04:19:43Z,4c8g,vm,opengauss,tuned,m,search,contains_common,btree,1,latency_ms,84.8788,ms,
2026-10-07T04:19:43Z,4c8g,vm,opengauss,tuned,m,search,contains_common,btree,2,latency_ms,84.8632,ms,
2026-10-07T04:19:43Z,4c8g,vm,opengauss,tuned,m,search,contains_common,btree,3,latency_ms,84.9952,ms,
2026-10-07T04:19:43Z,4c8g,vm,opengauss,tuned,m,search,contains_common,btree,4,latency_ms,84.8606,ms,
2026-10-07T04:19:43Z,4c8g,vm,opengauss,tuned,m,search,contains_common,btree,0,rows,7044,rows,
2026-10-07T04:19:43Z,4c8g,vm,opengauss,tuned,m,search,contains_common,btree,0,id_sum,94864047422,sum,
2026-10-07T04:19:43Z,4c8g,vm,opengauss,tuned,m,search,contains_common,btree,0,server_ms,83.5510,ms,Seq Scan
2026-10-07T04:19:43Z,4c8g,vm,opengauss,tuned,m,search,contains_rare,btree,0,latency_ms,83.3802,ms,
2026-10-07T04:19:43Z,4c8g,vm,opengauss,tuned,m,search,contains_rare,btree,1,latency_ms,83.2578,ms,
2026-10-07T04:19:43Z,4c8g,vm,opengauss,tuned,m,search,contains_rare,btree,2,latency_ms,83.3712,ms,
2026-10-07T04:19:43Z,4c8g,vm,opengauss,tuned,m,search,contains_rare,btree,3,latency_ms,83.0190,ms,
2026-10-07T04:19:43Z,4c8g,vm,opengauss,tuned,m,search,contains_rare,btree,4,latency_ms,82.7740,ms,
2026-10-07T04:19:43Z,4c8g,vm,opengauss,tuned,m,search,contains_rare,btree,0,rows,55,rows,
2026-10-07T04:19:43Z,4c8g,vm,opengauss,tuned,m,search,contains_rare,btree,0,id_sum,706631613,sum,
2026-10-07T04:19:43Z,4c8g,vm,opengauss,tuned,m,search,contains_rare,btree,0,server_ms,82.0900,ms,Seq Scan
2026-10-07T04:19:43Z,4c8g,vm,opengauss,tuned,m,search,contains_miss,btree,0,latency_ms,80.8678,ms,
2026-10-07T04:19:43Z,4c8g,vm,opengauss,tuned,m,search,contains_miss,btree,1,latency_ms,81.3127,ms,
2026-10-07T04:19:43Z,4c8g,vm,opengauss,tuned,m,search,contains_miss,btree,2,latency_ms,81.4715,ms,
2026-10-07T04:19:43Z,4c8g,vm,opengauss,tuned,m,search,contains_miss,btree,3,latency_ms,81.1658,ms,
2026-10-07T04:19:43Z,4c8g,vm,opengauss,tuned,m,search,contains_miss,btree,4,latency_ms,80.7314,ms,
2026-10-07T04:19:43Z,4c8g,vm,opengauss,tuned,m,search,contains_miss,btree,0,rows,0,rows,
2026-10-07T04:19:43Z,4c8g,vm,opengauss,tuned,m,search,contains_miss,btree,0,id_sum,0,sum,
2026-10-07T04:19:43Z,4c8g,vm,opengauss,tuned,m,search,contains_miss,btree,0,server_ms,80.6160,ms,Seq Scan
2026-10-07T04:19:49Z,4c8g,vm,opengauss,tuned,m,search,word_common,fts,0,latency_ms,5.8854,ms,
2026-10-07T04:19:49Z,4c8g,vm,opengauss,tuned,m,search,word_common,fts,1,latency_ms,5.2026,ms,
2026-10-07T04:19:49Z,4c8g,vm,opengauss,tuned,m,search,word_common,fts,2,latency_ms,4.2797,ms,
2026-10-07T04:19:49Z,4c8g,vm,opengauss,tuned,m,search,word_common,fts,3,latency_ms,4.2385,ms,
2026-10-07T04:19:49Z,4c8g,vm,opengauss,tuned,m,search,word_common,fts,4,latency_ms,4.2781,ms,
2026-10-07T04:19:49Z,4c8g,vm,opengauss,tuned,m,search,word_common,fts,0,rows,5946,rows,
2026-10-07T04:19:49Z,4c8g,vm,opengauss,tuned,m,search,word_common,fts,0,id_sum,81764417290,sum,
2026-10-07T04:19:49Z,4c8g,vm,opengauss,tuned,m,search,word_common,fts,0,server_ms,2.8460,ms,Bitmap Heap Scan + Bitmap Index Scan
2026-10-07T04:19:49Z,4c8g,vm,opengauss,tuned,m,search,word_rare,fts,0,latency_ms,0.3526,ms,
2026-10-07T04:19:49Z,4c8g,vm,opengauss,tuned,m,search,word_rare,fts,1,latency_ms,0.3298,ms,
2026-10-07T04:19:49Z,4c8g,vm,opengauss,tuned,m,search,word_rare,fts,2,latency_ms,0.3320,ms,
2026-10-07T04:19:49Z,4c8g,vm,opengauss,tuned,m,search,word_rare,fts,3,latency_ms,0.3934,ms,
2026-10-07T04:19:49Z,4c8g,vm,opengauss,tuned,m,search,word_rare,fts,4,latency_ms,0.3207,ms,
2026-10-07T04:19:49Z,4c8g,vm,opengauss,tuned,m,search,word_rare,fts,0,rows,51,rows,
2026-10-07T04:19:49Z,4c8g,vm,opengauss,tuned,m,search,word_rare,fts,0,id_sum,693484358,sum,
2026-10-07T04:19:49Z,4c8g,vm,opengauss,tuned,m,search,word_rare,fts,0,server_ms,0.0390,ms,Bitmap Heap Scan + Bitmap Index Scan
2026-10-07T04:19:49Z,4c8g,vm,opengauss,tuned,m,search,word_miss,fts,0,latency_ms,0.3048,ms,
2026-10-07T04:19:49Z,4c8g,vm,opengauss,tuned,m,search,word_miss,fts,1,latency_ms,0.2946,ms,
2026-10-07T04:19:49Z,4c8g,vm,opengauss,tuned,m,search,word_miss,fts,2,latency_ms,0.2786,ms,
2026-10-07T04:19:49Z,4c8g,vm,opengauss,tuned,m,search,word_miss,fts,3,latency_ms,0.2953,ms,
2026-10-07T04:19:49Z,4c8g,vm,opengauss,tuned,m,search,word_miss,fts,4,latency_ms,0.2474,ms,
2026-10-07T04:19:49Z,4c8g,vm,opengauss,tuned,m,search,word_miss,fts,0,rows,0,rows,
2026-10-07T04:19:49Z,4c8g,vm,opengauss,tuned,m,search,word_miss,fts,0,id_sum,0,sum,
2026-10-07T04:19:49Z,4c8g,vm,opengauss,tuned,m,search,word_miss,fts,0,server_ms,0.0120,ms,Bitmap Heap Scan + Bitmap Index Scan
2026-10-07T04:21:42Z,4c8g,vm,opengauss,tuned,l,search,point,noidx,0,latency_ms,0.1790,ms,
2026-10-07T04:21:42Z,4c8g,vm,opengauss,tuned,l,search,point,noidx,1,latency_ms,0.1842,ms,
2026-10-07T04:21:42Z,4c8g,vm,opengauss,tuned,l,search,point,noidx,2,latency_ms,0.1760,ms,
2026-10-07T04:21:42Z,4c8g,vm,opengauss,tuned,l,search,point,noidx,3,latency_ms,0.1516,ms,
2026-10-07T04:21:42Z,4c8g,vm,opengauss,tuned,l,search,point,noidx,4,latency_ms,0.1717,ms,
2026-10-07T04:21:42Z,4c8g,vm,opengauss,tuned,l,search,point,noidx,0,rows,5,rows,
2026-10-07T04:21:42Z,4c8g,vm,opengauss,tuned,l,search,point,noidx,0,id_sum,76840469,sum,
2026-10-07T04:21:42Z,4c8g,vm,opengauss,tuned,l,search,point,noidx,0,server_ms,0.0140,ms,Index Scan
2026-10-07T04:21:42Z,4c8g,vm,opengauss,tuned,l,search,exact_common,noidx,0,latency_ms,692.7116,ms,
2026-10-07T04:21:42Z,4c8g,vm,opengauss,tuned,l,search,exact_common,noidx,1,latency_ms,670.3619,ms,
2026-10-07T04:21:42Z,4c8g,vm,opengauss,tuned,l,search,exact_common,noidx,2,latency_ms,666.3083,ms,
2026-10-07T04:21:42Z,4c8g,vm,opengauss,tuned,l,search,exact_common,noidx,3,latency_ms,661.0270,ms,
2026-10-07T04:21:42Z,4c8g,vm,opengauss,tuned,l,search,exact_common,noidx,4,latency_ms,657.4006,ms,
2026-10-07T04:21:42Z,4c8g,vm,opengauss,tuned,l,search,exact_common,noidx,0,rows,60684,rows,
2026-10-07T04:21:42Z,4c8g,vm,opengauss,tuned,l,search,exact_common,noidx,0,id_sum,936128905867,sum,
2026-10-07T04:21:42Z,4c8g,vm,opengauss,tuned,l,search,exact_common,noidx,0,server_ms,662.6040,ms,Seq Scan
2026-10-07T04:21:42Z,4c8g,vm,opengauss,tuned,l,search,exact_rare,noidx,0,latency_ms,635.4157,ms,
2026-10-07T04:21:42Z,4c8g,vm,opengauss,tuned,l,search,exact_rare,noidx,1,latency_ms,637.5853,ms,
2026-10-07T04:21:42Z,4c8g,vm,opengauss,tuned,l,search,exact_rare,noidx,2,latency_ms,635.7657,ms,
2026-10-07T04:21:42Z,4c8g,vm,opengauss,tuned,l,search,exact_rare,noidx,3,latency_ms,630.4495,ms,
2026-10-07T04:21:42Z,4c8g,vm,opengauss,tuned,l,search,exact_rare,noidx,4,latency_ms,634.6236,ms,
2026-10-07T04:21:42Z,4c8g,vm,opengauss,tuned,l,search,exact_rare,noidx,0,rows,47,rows,
2026-10-07T04:21:42Z,4c8g,vm,opengauss,tuned,l,search,exact_rare,noidx,0,id_sum,502059988,sum,
2026-10-07T04:21:42Z,4c8g,vm,opengauss,tuned,l,search,exact_rare,noidx,0,server_ms,629.4810,ms,Seq Scan
2026-10-07T04:21:42Z,4c8g,vm,opengauss,tuned,l,search,exact_miss,noidx,0,latency_ms,600.4165,ms,
2026-10-07T04:21:42Z,4c8g,vm,opengauss,tuned,l,search,exact_miss,noidx,1,latency_ms,596.1217,ms,
2026-10-07T04:21:42Z,4c8g,vm,opengauss,tuned,l,search,exact_miss,noidx,2,latency_ms,598.9279,ms,
2026-10-07T04:21:42Z,4c8g,vm,opengauss,tuned,l,search,exact_miss,noidx,3,latency_ms,595.1598,ms,
2026-10-07T04:21:42Z,4c8g,vm,opengauss,tuned,l,search,exact_miss,noidx,4,latency_ms,597.0695,ms,
2026-10-07T04:21:42Z,4c8g,vm,opengauss,tuned,l,search,exact_miss,noidx,0,rows,0,rows,
2026-10-07T04:21:42Z,4c8g,vm,opengauss,tuned,l,search,exact_miss,noidx,0,id_sum,0,sum,
2026-10-07T04:21:42Z,4c8g,vm,opengauss,tuned,l,search,exact_miss,noidx,0,server_ms,598.7020,ms,Seq Scan
2026-10-07T04:21:42Z,4c8g,vm,opengauss,tuned,l,search,prefix,noidx,0,latency_ms,635.1661,ms,
2026-10-07T04:21:42Z,4c8g,vm,opengauss,tuned,l,search,prefix,noidx,1,latency_ms,657.0189,ms,
2026-10-07T04:21:42Z,4c8g,vm,opengauss,tuned,l,search,prefix,noidx,2,latency_ms,630.6016,ms,
2026-10-07T04:21:42Z,4c8g,vm,opengauss,tuned,l,search,prefix,noidx,3,latency_ms,630.6413,ms,
2026-10-07T04:21:42Z,4c8g,vm,opengauss,tuned,l,search,prefix,noidx,4,latency_ms,626.0278,ms,
2026-10-07T04:21:42Z,4c8g,vm,opengauss,tuned,l,search,prefix,noidx,0,rows,3266,rows,
2026-10-07T04:21:42Z,4c8g,vm,opengauss,tuned,l,search,prefix,noidx,0,id_sum,58694774105,sum,
2026-10-07T04:21:42Z,4c8g,vm,opengauss,tuned,l,search,prefix,noidx,0,server_ms,625.3080,ms,Seq Scan
2026-10-07T04:21:42Z,4c8g,vm,opengauss,tuned,l,search,contains_common,noidx,0,latency_ms,844.1924,ms,
2026-10-07T04:21:42Z,4c8g,vm,opengauss,tuned,l,search,contains_common,noidx,1,latency_ms,846.3764,ms,
2026-10-07T04:21:42Z,4c8g,vm,opengauss,tuned,l,search,contains_common,noidx,2,latency_ms,843.9420,ms,
2026-10-07T04:21:42Z,4c8g,vm,opengauss,tuned,l,search,contains_common,noidx,3,latency_ms,839.9700,ms,
2026-10-07T04:21:42Z,4c8g,vm,opengauss,tuned,l,search,contains_common,noidx,4,latency_ms,850.8761,ms,
2026-10-07T04:21:42Z,4c8g,vm,opengauss,tuned,l,search,contains_common,noidx,0,rows,70524,rows,
2026-10-07T04:21:42Z,4c8g,vm,opengauss,tuned,l,search,contains_common,noidx,0,id_sum,933383886531,sum,
2026-10-07T04:21:42Z,4c8g,vm,opengauss,tuned,l,search,contains_common,noidx,0,server_ms,834.4950,ms,Seq Scan
2026-10-07T04:21:42Z,4c8g,vm,opengauss,tuned,l,search,contains_rare,noidx,0,latency_ms,821.5745,ms,
2026-10-07T04:21:42Z,4c8g,vm,opengauss,tuned,l,search,contains_rare,noidx,1,latency_ms,828.7339,ms,
2026-10-07T04:21:42Z,4c8g,vm,opengauss,tuned,l,search,contains_rare,noidx,2,latency_ms,829.7817,ms,
2026-10-07T04:21:42Z,4c8g,vm,opengauss,tuned,l,search,contains_rare,noidx,3,latency_ms,824.7546,ms,
2026-10-07T04:21:42Z,4c8g,vm,opengauss,tuned,l,search,contains_rare,noidx,4,latency_ms,823.5684,ms,
2026-10-07T04:21:42Z,4c8g,vm,opengauss,tuned,l,search,contains_rare,noidx,0,rows,474,rows,
2026-10-07T04:21:42Z,4c8g,vm,opengauss,tuned,l,search,contains_rare,noidx,0,id_sum,6572348867,sum,
2026-10-07T04:21:42Z,4c8g,vm,opengauss,tuned,l,search,contains_rare,noidx,0,server_ms,826.7060,ms,Seq Scan
2026-10-07T04:21:42Z,4c8g,vm,opengauss,tuned,l,search,contains_miss,noidx,0,latency_ms,811.4330,ms,
2026-10-07T04:21:42Z,4c8g,vm,opengauss,tuned,l,search,contains_miss,noidx,1,latency_ms,815.8289,ms,
2026-10-07T04:21:42Z,4c8g,vm,opengauss,tuned,l,search,contains_miss,noidx,2,latency_ms,812.8599,ms,
2026-10-07T04:21:42Z,4c8g,vm,opengauss,tuned,l,search,contains_miss,noidx,3,latency_ms,818.4773,ms,
2026-10-07T04:21:42Z,4c8g,vm,opengauss,tuned,l,search,contains_miss,noidx,4,latency_ms,819.7090,ms,
2026-10-07T04:21:42Z,4c8g,vm,opengauss,tuned,l,search,contains_miss,noidx,0,rows,0,rows,
2026-10-07T04:21:42Z,4c8g,vm,opengauss,tuned,l,search,contains_miss,noidx,0,id_sum,0,sum,
2026-10-07T04:21:42Z,4c8g,vm,opengauss,tuned,l,search,contains_miss,noidx,0,server_ms,818.8180,ms,Seq Scan
2026-10-07T04:22:35Z,4c8g,vm,opengauss,tuned,l,search,point,btree,0,latency_ms,0.1574,ms,
2026-10-07T04:22:35Z,4c8g,vm,opengauss,tuned,l,search,point,btree,1,latency_ms,0.1926,ms,
2026-10-07T04:22:35Z,4c8g,vm,opengauss,tuned,l,search,point,btree,2,latency_ms,0.1760,ms,
2026-10-07T04:22:35Z,4c8g,vm,opengauss,tuned,l,search,point,btree,3,latency_ms,0.1574,ms,
2026-10-07T04:22:35Z,4c8g,vm,opengauss,tuned,l,search,point,btree,4,latency_ms,0.1802,ms,
2026-10-07T04:22:35Z,4c8g,vm,opengauss,tuned,l,search,point,btree,0,rows,5,rows,
2026-10-07T04:22:35Z,4c8g,vm,opengauss,tuned,l,search,point,btree,0,id_sum,76840469,sum,
2026-10-07T04:22:35Z,4c8g,vm,opengauss,tuned,l,search,point,btree,0,server_ms,0.0130,ms,Index Scan
2026-10-07T04:22:35Z,4c8g,vm,opengauss,tuned,l,search,exact_common,btree,0,latency_ms,48.7908,ms,
2026-10-07T04:22:35Z,4c8g,vm,opengauss,tuned,l,search,exact_common,btree,1,latency_ms,46.1599,ms,
2026-10-07T04:22:35Z,4c8g,vm,opengauss,tuned,l,search,exact_common,btree,2,latency_ms,45.6036,ms,
2026-10-07T04:22:35Z,4c8g,vm,opengauss,tuned,l,search,exact_common,btree,3,latency_ms,47.7988,ms,
2026-10-07T04:22:35Z,4c8g,vm,opengauss,tuned,l,search,exact_common,btree,4,latency_ms,48.5526,ms,
2026-10-07T04:22:35Z,4c8g,vm,opengauss,tuned,l,search,exact_common,btree,0,rows,60684,rows,
2026-10-07T04:22:35Z,4c8g,vm,opengauss,tuned,l,search,exact_common,btree,0,id_sum,936128905867,sum,
2026-10-07T04:22:35Z,4c8g,vm,opengauss,tuned,l,search,exact_common,btree,0,server_ms,39.9880,ms,Bitmap Heap Scan + Bitmap Index Scan
2026-10-07T04:22:35Z,4c8g,vm,opengauss,tuned,l,search,exact_rare,btree,0,latency_ms,0.1966,ms,
2026-10-07T04:22:35Z,4c8g,vm,opengauss,tuned,l,search,exact_rare,btree,1,latency_ms,0.1806,ms,
2026-10-07T04:22:35Z,4c8g,vm,opengauss,tuned,l,search,exact_rare,btree,2,latency_ms,0.2392,ms,
2026-10-07T04:22:35Z,4c8g,vm,opengauss,tuned,l,search,exact_rare,btree,3,latency_ms,0.1942,ms,
2026-10-07T04:22:35Z,4c8g,vm,opengauss,tuned,l,search,exact_rare,btree,4,latency_ms,0.2167,ms,
2026-10-07T04:22:35Z,4c8g,vm,opengauss,tuned,l,search,exact_rare,btree,0,rows,47,rows,
2026-10-07T04:22:35Z,4c8g,vm,opengauss,tuned,l,search,exact_rare,btree,0,id_sum,502059988,sum,
2026-10-07T04:22:35Z,4c8g,vm,opengauss,tuned,l,search,exact_rare,btree,0,server_ms,0.0390,ms,Bitmap Heap Scan + Bitmap Index Scan
2026-10-07T04:22:35Z,4c8g,vm,opengauss,tuned,l,search,exact_miss,btree,0,latency_ms,0.1788,ms,
2026-10-07T04:22:35Z,4c8g,vm,opengauss,tuned,l,search,exact_miss,btree,1,latency_ms,0.1826,ms,
2026-10-07T04:22:35Z,4c8g,vm,opengauss,tuned,l,search,exact_miss,btree,2,latency_ms,0.2377,ms,
2026-10-07T04:22:35Z,4c8g,vm,opengauss,tuned,l,search,exact_miss,btree,3,latency_ms,0.1819,ms,
2026-10-07T04:22:35Z,4c8g,vm,opengauss,tuned,l,search,exact_miss,btree,4,latency_ms,0.1868,ms,
2026-10-07T04:22:35Z,4c8g,vm,opengauss,tuned,l,search,exact_miss,btree,0,rows,0,rows,
2026-10-07T04:22:35Z,4c8g,vm,opengauss,tuned,l,search,exact_miss,btree,0,id_sum,0,sum,
2026-10-07T04:22:35Z,4c8g,vm,opengauss,tuned,l,search,exact_miss,btree,0,server_ms,0.0100,ms,Bitmap Heap Scan + Bitmap Index Scan
2026-10-07T04:22:35Z,4c8g,vm,opengauss,tuned,l,search,prefix,btree,0,latency_ms,2.1793,ms,
2026-10-07T04:22:35Z,4c8g,vm,opengauss,tuned,l,search,prefix,btree,1,latency_ms,2.2356,ms,
2026-10-07T04:22:35Z,4c8g,vm,opengauss,tuned,l,search,prefix,btree,2,latency_ms,1.9153,ms,
2026-10-07T04:22:35Z,4c8g,vm,opengauss,tuned,l,search,prefix,btree,3,latency_ms,1.8654,ms,
2026-10-07T04:22:35Z,4c8g,vm,opengauss,tuned,l,search,prefix,btree,4,latency_ms,1.7591,ms,
2026-10-07T04:22:35Z,4c8g,vm,opengauss,tuned,l,search,prefix,btree,0,rows,3266,rows,
2026-10-07T04:22:35Z,4c8g,vm,opengauss,tuned,l,search,prefix,btree,0,id_sum,58694774105,sum,
2026-10-07T04:22:35Z,4c8g,vm,opengauss,tuned,l,search,prefix,btree,0,server_ms,1.2060,ms,Index Scan
2026-10-07T04:22:35Z,4c8g,vm,opengauss,tuned,l,search,contains_common,btree,0,latency_ms,856.0334,ms,
2026-10-07T04:22:35Z,4c8g,vm,opengauss,tuned,l,search,contains_common,btree,1,latency_ms,836.7932,ms,
2026-10-07T04:22:35Z,4c8g,vm,opengauss,tuned,l,search,contains_common,btree,2,latency_ms,847.8074,ms,
2026-10-07T04:22:35Z,4c8g,vm,opengauss,tuned,l,search,contains_common,btree,3,latency_ms,838.0743,ms,
2026-10-07T04:22:35Z,4c8g,vm,opengauss,tuned,l,search,contains_common,btree,4,latency_ms,837.2325,ms,
2026-10-07T04:22:35Z,4c8g,vm,opengauss,tuned,l,search,contains_common,btree,0,rows,70524,rows,
2026-10-07T04:22:35Z,4c8g,vm,opengauss,tuned,l,search,contains_common,btree,0,id_sum,933383886531,sum,
2026-10-07T04:22:35Z,4c8g,vm,opengauss,tuned,l,search,contains_common,btree,0,server_ms,825.2650,ms,Seq Scan
2026-10-07T04:22:35Z,4c8g,vm,opengauss,tuned,l,search,contains_rare,btree,0,latency_ms,805.8097,ms,
2026-10-07T04:22:35Z,4c8g,vm,opengauss,tuned,l,search,contains_rare,btree,1,latency_ms,800.1425,ms,
2026-10-07T04:22:35Z,4c8g,vm,opengauss,tuned,l,search,contains_rare,btree,2,latency_ms,803.9589,ms,
2026-10-07T04:22:35Z,4c8g,vm,opengauss,tuned,l,search,contains_rare,btree,3,latency_ms,802.3206,ms,
2026-10-07T04:22:35Z,4c8g,vm,opengauss,tuned,l,search,contains_rare,btree,4,latency_ms,800.4867,ms,
2026-10-07T04:22:35Z,4c8g,vm,opengauss,tuned,l,search,contains_rare,btree,0,rows,474,rows,
2026-10-07T04:22:35Z,4c8g,vm,opengauss,tuned,l,search,contains_rare,btree,0,id_sum,6572348867,sum,
2026-10-07T04:22:35Z,4c8g,vm,opengauss,tuned,l,search,contains_rare,btree,0,server_ms,796.1880,ms,Seq Scan
2026-10-07T04:22:35Z,4c8g,vm,opengauss,tuned,l,search,contains_miss,btree,0,latency_ms,776.3333,ms,
2026-10-07T04:22:35Z,4c8g,vm,opengauss,tuned,l,search,contains_miss,btree,1,latency_ms,784.2093,ms,
2026-10-07T04:22:35Z,4c8g,vm,opengauss,tuned,l,search,contains_miss,btree,2,latency_ms,788.0713,ms,
2026-10-07T04:22:35Z,4c8g,vm,opengauss,tuned,l,search,contains_miss,btree,3,latency_ms,783.3236,ms,
2026-10-07T04:22:35Z,4c8g,vm,opengauss,tuned,l,search,contains_miss,btree,4,latency_ms,779.1567,ms,
2026-10-07T04:22:35Z,4c8g,vm,opengauss,tuned,l,search,contains_miss,btree,0,rows,0,rows,
2026-10-07T04:22:35Z,4c8g,vm,opengauss,tuned,l,search,contains_miss,btree,0,id_sum,0,sum,
2026-10-07T04:22:35Z,4c8g,vm,opengauss,tuned,l,search,contains_miss,btree,0,server_ms,780.2540,ms,Seq Scan
2026-10-07T04:23:28Z,4c8g,vm,opengauss,tuned,l,search,word_common,fts,0,latency_ms,47.6316,ms,
2026-10-07T04:23:28Z,4c8g,vm,opengauss,tuned,l,search,word_common,fts,1,latency_ms,51.1636,ms,
2026-10-07T04:23:28Z,4c8g,vm,opengauss,tuned,l,search,word_common,fts,2,latency_ms,49.6342,ms,
2026-10-07T04:23:28Z,4c8g,vm,opengauss,tuned,l,search,word_common,fts,3,latency_ms,50.3745,ms,
2026-10-07T04:23:28Z,4c8g,vm,opengauss,tuned,l,search,word_common,fts,4,latency_ms,50.6365,ms,
2026-10-07T04:23:28Z,4c8g,vm,opengauss,tuned,l,search,word_common,fts,0,rows,59547,rows,
2026-10-07T04:23:28Z,4c8g,vm,opengauss,tuned,l,search,word_common,fts,0,id_sum,803152511191,sum,
2026-10-07T04:23:28Z,4c8g,vm,opengauss,tuned,l,search,word_common,fts,0,server_ms,39.8220,ms,Bitmap Heap Scan + Bitmap Index Scan
2026-10-07T04:23:28Z,4c8g,vm,opengauss,tuned,l,search,word_rare,fts,0,latency_ms,0.5605,ms,
2026-10-07T04:23:28Z,4c8g,vm,opengauss,tuned,l,search,word_rare,fts,1,latency_ms,0.6115,ms,
2026-10-07T04:23:28Z,4c8g,vm,opengauss,tuned,l,search,word_rare,fts,2,latency_ms,0.6220,ms,
2026-10-07T04:23:28Z,4c8g,vm,opengauss,tuned,l,search,word_rare,fts,3,latency_ms,0.6749,ms,
2026-10-07T04:23:28Z,4c8g,vm,opengauss,tuned,l,search,word_rare,fts,4,latency_ms,0.5650,ms,
2026-10-07T04:23:28Z,4c8g,vm,opengauss,tuned,l,search,word_rare,fts,0,rows,429,rows,
2026-10-07T04:23:28Z,4c8g,vm,opengauss,tuned,l,search,word_rare,fts,0,id_sum,6122950223,sum,
2026-10-07T04:23:28Z,4c8g,vm,opengauss,tuned,l,search,word_rare,fts,0,server_ms,0.2050,ms,Bitmap Heap Scan + Bitmap Index Scan
2026-10-07T04:23:28Z,4c8g,vm,opengauss,tuned,l,search,word_miss,fts,0,latency_ms,0.2685,ms,
2026-10-07T04:23:28Z,4c8g,vm,opengauss,tuned,l,search,word_miss,fts,1,latency_ms,0.2665,ms,
2026-10-07T04:23:28Z,4c8g,vm,opengauss,tuned,l,search,word_miss,fts,2,latency_ms,0.2552,ms,
2026-10-07T04:23:28Z,4c8g,vm,opengauss,tuned,l,search,word_miss,fts,3,latency_ms,0.2166,ms,
2026-10-07T04:23:28Z,4c8g,vm,opengauss,tuned,l,search,word_miss,fts,4,latency_ms,0.2183,ms,
2026-10-07T04:23:28Z,4c8g,vm,opengauss,tuned,l,search,word_miss,fts,0,rows,0,rows,
2026-10-07T04:23:28Z,4c8g,vm,opengauss,tuned,l,search,word_miss,fts,0,id_sum,0,sum,
2026-10-07T04:23:28Z,4c8g,vm,opengauss,tuned,l,search,word_miss,fts,0,server_ms,0.0090,ms,Bitmap Heap Scan + Bitmap Index Scan
2026-10-07T05:38:34Z,4c8g,vm,file,na,s,search,build,memindex,0,load_ms,54.5572,ms,
2026-10-07T05:38:34Z,4c8g,vm,file,na,s,search,build,memindex,0,sort_ms,38.9133,ms,
2026-10-07T05:38:34Z,4c8g,vm,file,na,s,search,build,memindex,0,heap_mb,6.56952,MB,
2026-10-07T05:38:34Z,4c8g,vm,file,na,s,search,point,memindex,0,latency_ms,1.85916e-05,ms,
2026-10-07T05:38:34Z,4c8g,vm,file,na,s,search,point,memindex,1,latency_ms,2.36418e-05,ms,
2026-10-07T05:38:34Z,4c8g,vm,file,na,s,search,point,memindex,2,latency_ms,2.16000e-05,ms,
2026-10-07T05:38:34Z,4c8g,vm,file,na,s,search,point,memindex,3,latency_ms,1.90834e-05,ms,
2026-10-07T05:38:34Z,4c8g,vm,file,na,s,search,point,memindex,4,latency_ms,1.92166e-05,ms,
2026-10-07T05:38:34Z,4c8g,vm,file,na,s,search,point,memindex,0,rows,5,rows,
2026-10-07T05:38:34Z,4c8g,vm,file,na,s,search,point,memindex,0,id_sum,77016375,sum,
2026-10-07T05:38:34Z,4c8g,vm,file,na,s,search,exact_common,memindex,0,latency_ms,0.0106755,ms,
2026-10-07T05:38:34Z,4c8g,vm,file,na,s,search,exact_common,memindex,1,latency_ms,0.0103898,ms,
2026-10-07T05:38:34Z,4c8g,vm,file,na,s,search,exact_common,memindex,2,latency_ms,0.0104017,ms,
2026-10-07T05:38:34Z,4c8g,vm,file,na,s,search,exact_common,memindex,3,latency_ms,0.0107303,ms,
2026-10-07T05:38:34Z,4c8g,vm,file,na,s,search,exact_common,memindex,4,latency_ms,0.0103410,ms,
2026-10-07T05:38:34Z,4c8g,vm,file,na,s,search,exact_common,memindex,0,rows,578,rows,
2026-10-07T05:38:34Z,4c8g,vm,file,na,s,search,exact_common,memindex,0,id_sum,8262982838,sum,
2026-10-07T05:38:34Z,4c8g,vm,file,na,s,search,exact_rare,memindex,0,latency_ms,5.47080e-05,ms,
2026-10-07T05:38:34Z,4c8g,vm,file,na,s,search,exact_rare,memindex,1,latency_ms,5.41250e-05,ms,
2026-10-07T05:38:34Z,4c8g,vm,file,na,s,search,exact_rare,memindex,2,latency_ms,6.42910e-05,ms,
2026-10-07T05:38:34Z,4c8g,vm,file,na,s,search,exact_rare,memindex,3,latency_ms,5.22500e-05,ms,
2026-10-07T05:38:34Z,4c8g,vm,file,na,s,search,exact_rare,memindex,4,latency_ms,5.31670e-05,ms,
2026-10-07T05:38:34Z,4c8g,vm,file,na,s,search,exact_rare,memindex,0,rows,0,rows,
2026-10-07T05:38:34Z,4c8g,vm,file,na,s,search,exact_rare,memindex,0,id_sum,0,sum,
2026-10-07T05:38:34Z,4c8g,vm,file,na,s,search,exact_miss,memindex,0,latency_ms,5.62080e-05,ms,
2026-10-07T05:38:34Z,4c8g,vm,file,na,s,search,exact_miss,memindex,1,latency_ms,4.73330e-05,ms,
2026-10-07T05:38:34Z,4c8g,vm,file,na,s,search,exact_miss,memindex,2,latency_ms,4.82500e-05,ms,
2026-10-07T05:38:34Z,4c8g,vm,file,na,s,search,exact_miss,memindex,3,latency_ms,4.39580e-05,ms,
2026-10-07T05:38:34Z,4c8g,vm,file,na,s,search,exact_miss,memindex,4,latency_ms,3.80000e-05,ms,
2026-10-07T05:38:34Z,4c8g,vm,file,na,s,search,exact_miss,memindex,0,rows,0,rows,
2026-10-07T05:38:34Z,4c8g,vm,file,na,s,search,exact_miss,memindex,0,id_sum,0,sum,
2026-10-07T05:38:34Z,4c8g,vm,file,na,s,search,prefix,memindex,0,latency_ms,0.000622750,ms,
2026-10-07T05:38:34Z,4c8g,vm,file,na,s,search,prefix,memindex,1,latency_ms,0.000622875,ms,
2026-10-07T05:38:34Z,4c8g,vm,file,na,s,search,prefix,memindex,2,latency_ms,0.000624416,ms,
2026-10-07T05:38:34Z,4c8g,vm,file,na,s,search,prefix,memindex,3,latency_ms,0.000607542,ms,
2026-10-07T05:38:34Z,4c8g,vm,file,na,s,search,prefix,memindex,4,latency_ms,0.000609458,ms,
2026-10-07T05:38:34Z,4c8g,vm,file,na,s,search,prefix,memindex,0,rows,33,rows,
2026-10-07T05:38:34Z,4c8g,vm,file,na,s,search,prefix,memindex,0,id_sum,592694280,sum,
2026-10-07T05:38:34Z,4c8g,vm,file,na,s,search,contains_common,memindex,0,latency_ms,1.39084,ms,
2026-10-07T05:38:34Z,4c8g,vm,file,na,s,search,contains_common,memindex,1,latency_ms,1.42221,ms,
2026-10-07T05:38:34Z,4c8g,vm,file,na,s,search,contains_common,memindex,2,latency_ms,1.41616,ms,
2026-10-07T05:38:34Z,4c8g,vm,file,na,s,search,contains_common,memindex,3,latency_ms,1.40230,ms,
2026-10-07T05:38:34Z,4c8g,vm,file,na,s,search,contains_common,memindex,4,latency_ms,1.38913,ms,
2026-10-07T05:38:34Z,4c8g,vm,file,na,s,search,contains_common,memindex,0,rows,682,rows,
2026-10-07T05:38:34Z,4c8g,vm,file,na,s,search,contains_common,memindex,0,id_sum,9803835120,sum,
2026-10-07T05:38:34Z,4c8g,vm,file,na,s,search,contains_rare,memindex,0,latency_ms,1.17531,ms,
2026-10-07T05:38:34Z,4c8g,vm,file,na,s,search,contains_rare,memindex,1,latency_ms,1.19949,ms,
2026-10-07T05:38:34Z,4c8g,vm,file,na,s,search,contains_rare,memindex,2,latency_ms,1.18215,ms,
2026-10-07T05:38:34Z,4c8g,vm,file,na,s,search,contains_rare,memindex,3,latency_ms,1.18835,ms,
2026-10-07T05:38:34Z,4c8g,vm,file,na,s,search,contains_rare,memindex,4,latency_ms,1.18798,ms,
2026-10-07T05:38:34Z,4c8g,vm,file,na,s,search,contains_rare,memindex,0,rows,4,rows,
2026-10-07T05:38:34Z,4c8g,vm,file,na,s,search,contains_rare,memindex,0,id_sum,75971361,sum,
2026-10-07T05:38:34Z,4c8g,vm,file,na,s,search,contains_miss,memindex,0,latency_ms,1.30830,ms,
2026-10-07T05:38:34Z,4c8g,vm,file,na,s,search,contains_miss,memindex,1,latency_ms,1.28748,ms,
2026-10-07T05:38:34Z,4c8g,vm,file,na,s,search,contains_miss,memindex,2,latency_ms,1.27901,ms,
2026-10-07T05:38:34Z,4c8g,vm,file,na,s,search,contains_miss,memindex,3,latency_ms,1.30053,ms,
2026-10-07T05:38:34Z,4c8g,vm,file,na,s,search,contains_miss,memindex,4,latency_ms,1.31330,ms,
2026-10-07T05:38:34Z,4c8g,vm,file,na,s,search,contains_miss,memindex,0,rows,0,rows,
2026-10-07T05:38:34Z,4c8g,vm,file,na,s,search,contains_miss,memindex,0,id_sum,0,sum,
2026-10-07T05:38:39Z,4c8g,vm,file,na,m,search,build,memindex,0,load_ms,243.029,ms,
2026-10-07T05:38:39Z,4c8g,vm,file,na,m,search,build,memindex,0,sort_ms,324.543,ms,
2026-10-07T05:38:39Z,4c8g,vm,file,na,m,search,build,memindex,0,heap_mb,56.0094,MB,
2026-10-07T05:38:39Z,4c8g,vm,file,na,m,search,point,memindex,0,latency_ms,2.00000e-05,ms,
2026-10-07T05:38:39Z,4c8g,vm,file,na,m,search,point,memindex,1,latency_ms,2.53582e-05,ms,
2026-10-07T05:38:39Z,4c8g,vm,file,na,m,search,point,memindex,2,latency_ms,2.18582e-05,ms,
2026-10-07T05:38:39Z,4c8g,vm,file,na,m,search,point,memindex,3,latency_ms,1.97000e-05,ms,
2026-10-07T05:38:39Z,4c8g,vm,file,na,m,search,point,memindex,4,latency_ms,2.30334e-05,ms,
2026-10-07T05:38:39Z,4c8g,vm,file,na,m,search,point,memindex,0,rows,5,rows,
2026-10-07T05:38:39Z,4c8g,vm,file,na,m,search,point,memindex,0,id_sum,76859199,sum,
2026-10-07T05:38:39Z,4c8g,vm,file,na,m,search,exact_common,memindex,0,latency_ms,0.130194,ms,
2026-10-07T05:38:39Z,4c8g,vm,file,na,m,search,exact_common,memindex,1,latency_ms,0.128312,ms,
2026-10-07T05:38:39Z,4c8g,vm,file,na,m,search,exact_common,memindex,2,latency_ms,0.128081,ms,
2026-10-07T05:38:39Z,4c8g,vm,file,na,m,search,exact_common,memindex,3,latency_ms,0.130268,ms,
2026-10-07T05:38:39Z,4c8g,vm,file,na,m,search,exact_common,memindex,4,latency_ms,0.127503,ms,
2026-10-07T05:38:39Z,4c8g,vm,file,na,m,search,exact_common,memindex,0,rows,6000,rows,
2026-10-07T05:38:39Z,4c8g,vm,file,na,m,search,exact_common,memindex,0,id_sum,90507904289,sum,
2026-10-07T05:38:39Z,4c8g,vm,file,na,m,search,exact_rare,memindex,0,latency_ms,0.000211292,ms,
2026-10-07T05:38:39Z,4c8g,vm,file,na,m,search,exact_rare,memindex,1,latency_ms,0.000220417,ms,
2026-10-07T05:38:39Z,4c8g,vm,file,na,m,search,exact_rare,memindex,2,latency_ms,0.000209834,ms,
2026-10-07T05:38:39Z,4c8g,vm,file,na,m,search,exact_rare,memindex,3,latency_ms,0.000205208,ms,
2026-10-07T05:38:39Z,4c8g,vm,file,na,m,search,exact_rare,memindex,4,latency_ms,0.000211541,ms,
2026-10-07T05:38:39Z,4c8g,vm,file,na,m,search,exact_rare,memindex,0,rows,9,rows,
2026-10-07T05:38:39Z,4c8g,vm,file,na,m,search,exact_rare,memindex,0,id_sum,108959755,sum,
2026-10-07T05:38:39Z,4c8g,vm,file,na,m,search,exact_miss,memindex,0,latency_ms,6.19580e-05,ms,
2026-10-07T05:38:39Z,4c8g,vm,file,na,m,search,exact_miss,memindex,1,latency_ms,4.49160e-05,ms,
2026-10-07T05:38:39Z,4c8g,vm,file,na,m,search,exact_miss,memindex,2,latency_ms,4.87500e-05,ms,
2026-10-07T05:38:39Z,4c8g,vm,file,na,m,search,exact_miss,memindex,3,latency_ms,4.47500e-05,ms,
2026-10-07T05:38:39Z,4c8g,vm,file,na,m,search,exact_miss,memindex,4,latency_ms,4.40830e-05,ms,
2026-10-07T05:38:39Z,4c8g,vm,file,na,m,search,exact_miss,memindex,0,rows,0,rows,
2026-10-07T05:38:39Z,4c8g,vm,file,na,m,search,exact_miss,memindex,0,id_sum,0,sum,
2026-10-07T05:38:39Z,4c8g,vm,file,na,m,search,prefix,memindex,0,latency_ms,0.00578921,ms,
2026-10-07T05:38:39Z,4c8g,vm,file,na,m,search,prefix,memindex,1,latency_ms,0.00570646,ms,
2026-10-07T05:38:39Z,4c8g,vm,file,na,m,search,prefix,memindex,2,latency_ms,0.00578867,ms,
2026-10-07T05:38:39Z,4c8g,vm,file,na,m,search,prefix,memindex,3,latency_ms,0.00584250,ms,
2026-10-07T05:38:39Z,4c8g,vm,file,na,m,search,prefix,memindex,4,latency_ms,0.00608154,ms,
2026-10-07T05:38:39Z,4c8g,vm,file,na,m,search,prefix,memindex,0,rows,303,rows,
2026-10-07T05:38:39Z,4c8g,vm,file,na,m,search,prefix,memindex,0,id_sum,5269081058,sum,
2026-10-07T05:38:39Z,4c8g,vm,file,na,m,search,contains_common,memindex,0,latency_ms,14.1050,ms,
2026-10-07T05:38:39Z,4c8g,vm,file,na,m,search,contains_common,memindex,1,latency_ms,14.1146,ms,
2026-10-07T05:38:39Z,4c8g,vm,file,na,m,search,contains_common,memindex,2,latency_ms,14.0505,ms,
2026-10-07T05:38:39Z,4c8g,vm,file,na,m,search,contains_common,memindex,3,latency_ms,14.5151,ms,
2026-10-07T05:38:39Z,4c8g,vm,file,na,m,search,contains_common,memindex,4,latency_ms,14.3206,ms,
2026-10-07T05:38:39Z,4c8g,vm,file,na,m,search,contains_common,memindex,0,rows,7044,rows,
2026-10-07T05:38:39Z,4c8g,vm,file,na,m,search,contains_common,memindex,0,id_sum,94864047422,sum,
2026-10-07T05:38:39Z,4c8g,vm,file,na,m,search,contains_rare,memindex,0,latency_ms,11.9644,ms,
2026-10-07T05:38:39Z,4c8g,vm,file,na,m,search,contains_rare,memindex,1,latency_ms,11.9694,ms,
2026-10-07T05:38:39Z,4c8g,vm,file,na,m,search,contains_rare,memindex,2,latency_ms,11.9942,ms,
2026-10-07T05:38:39Z,4c8g,vm,file,na,m,search,contains_rare,memindex,3,latency_ms,11.9885,ms,
2026-10-07T05:38:39Z,4c8g,vm,file,na,m,search,contains_rare,memindex,4,latency_ms,11.9930,ms,
2026-10-07T05:38:39Z,4c8g,vm,file,na,m,search,contains_rare,memindex,0,rows,55,rows,
2026-10-07T05:38:39Z,4c8g,vm,file,na,m,search,contains_rare,memindex,0,id_sum,706631613,sum,
2026-10-07T05:38:39Z,4c8g,vm,file,na,m,search,contains_miss,memindex,0,latency_ms,12.9428,ms,
2026-10-07T05:38:39Z,4c8g,vm,file,na,m,search,contains_miss,memindex,1,latency_ms,12.9233,ms,
2026-10-07T05:38:39Z,4c8g,vm,file,na,m,search,contains_miss,memindex,2,latency_ms,13.0543,ms,
2026-10-07T05:38:39Z,4c8g,vm,file,na,m,search,contains_miss,memindex,3,latency_ms,12.9976,ms,
2026-10-07T05:38:39Z,4c8g,vm,file,na,m,search,contains_miss,memindex,4,latency_ms,12.9332,ms,
2026-10-07T05:38:39Z,4c8g,vm,file,na,m,search,contains_miss,memindex,0,rows,0,rows,
2026-10-07T05:38:39Z,4c8g,vm,file,na,m,search,contains_miss,memindex,0,id_sum,0,sum,
2026-10-07T05:38:44Z,4c8g,vm,file,na,l,search,build,memindex,0,load_ms,1925.21,ms,
2026-10-07T05:38:44Z,4c8g,vm,file,na,l,search,build,memindex,0,sort_ms,5535.76,ms,
2026-10-07T05:38:44Z,4c8g,vm,file,na,l,search,build,memindex,0,heap_mb,510.009,MB,
2026-10-07T05:38:44Z,4c8g,vm,file,na,l,search,point,memindex,0,latency_ms,2.41834e-05,ms,
2026-10-07T05:38:44Z,4c8g,vm,file,na,l,search,point,memindex,1,latency_ms,2.83000e-05,ms,
2026-10-07T05:38:44Z,4c8g,vm,file,na,l,search,point,memindex,2,latency_ms,2.32750e-05,ms,
2026-10-07T05:38:44Z,4c8g,vm,file,na,l,search,point,memindex,3,latency_ms,2.51332e-05,ms,
2026-10-07T05:38:44Z,4c8g,vm,file,na,l,search,point,memindex,4,latency_ms,2.25000e-05,ms,
2026-10-07T05:38:44Z,4c8g,vm,file,na,l,search,point,memindex,0,rows,5,rows,
2026-10-07T05:38:44Z,4c8g,vm,file,na,l,search,point,memindex,0,id_sum,76840469,sum,
2026-10-07T05:38:44Z,4c8g,vm,file,na,l,search,exact_common,memindex,0,latency_ms,3.13252,ms,
2026-10-07T05:38:44Z,4c8g,vm,file,na,l,search,exact_common,memindex,1,latency_ms,3.41775,ms,
2026-10-07T05:38:44Z,4c8g,vm,file,na,l,search,exact_common,memindex,2,latency_ms,3.95433,ms,
2026-10-07T05:38:44Z,4c8g,vm,file,na,l,search,exact_common,memindex,3,latency_ms,3.96285,ms,
2026-10-07T05:38:44Z,4c8g,vm,file,na,l,search,exact_common,memindex,4,latency_ms,3.86097,ms,
2026-10-07T05:38:44Z,4c8g,vm,file,na,l,search,exact_common,memindex,0,rows,60684,rows,
2026-10-07T05:38:44Z,4c8g,vm,file,na,l,search,exact_common,memindex,0,id_sum,936128905867,sum,
2026-10-07T05:38:44Z,4c8g,vm,file,na,l,search,exact_rare,memindex,0,latency_ms,0.000977709,ms,
2026-10-07T05:38:44Z,4c8g,vm,file,na,l,search,exact_rare,memindex,1,latency_ms,0.000992333,ms,
2026-10-07T05:38:44Z,4c8g,vm,file,na,l,search,exact_rare,memindex,2,latency_ms,0.00104000,ms,
2026-10-07T05:38:44Z,4c8g,vm,file,na,l,search,exact_rare,memindex,3,latency_ms,0.00109933,ms,
2026-10-07T05:38:44Z,4c8g,vm,file,na,l,search,exact_rare,memindex,4,latency_ms,0.00110517,ms,
2026-10-07T05:38:44Z,4c8g,vm,file,na,l,search,exact_rare,memindex,0,rows,47,rows,
2026-10-07T05:38:44Z,4c8g,vm,file,na,l,search,exact_rare,memindex,0,id_sum,502059988,sum,
2026-10-07T05:38:44Z,4c8g,vm,file,na,l,search,exact_miss,memindex,0,latency_ms,6.69170e-05,ms,
2026-10-07T05:38:44Z,4c8g,vm,file,na,l,search,exact_miss,memindex,1,latency_ms,5.89580e-05,ms,
2026-10-07T05:38:44Z,4c8g,vm,file,na,l,search,exact_miss,memindex,2,latency_ms,6.07920e-05,ms,
2026-10-07T05:38:44Z,4c8g,vm,file,na,l,search,exact_miss,memindex,3,latency_ms,6.19590e-05,ms,
2026-10-07T05:38:44Z,4c8g,vm,file,na,l,search,exact_miss,memindex,4,latency_ms,5.86670e-05,ms,
2026-10-07T05:38:44Z,4c8g,vm,file,na,l,search,exact_miss,memindex,0,rows,0,rows,
2026-10-07T05:38:44Z,4c8g,vm,file,na,l,search,exact_miss,memindex,0,id_sum,0,sum,
2026-10-07T05:38:44Z,4c8g,vm,file,na,l,search,prefix,memindex,0,latency_ms,0.0971175,ms,
2026-10-07T05:38:44Z,4c8g,vm,file,na,l,search,prefix,memindex,1,latency_ms,0.0961781,ms,
2026-10-07T05:38:44Z,4c8g,vm,file,na,l,search,prefix,memindex,2,latency_ms,0.0973211,ms,
2026-10-07T05:38:44Z,4c8g,vm,file,na,l,search,prefix,memindex,3,latency_ms,0.0976136,ms,
2026-10-07T05:38:44Z,4c8g,vm,file,na,l,search,prefix,memindex,4,latency_ms,0.0967701,ms,
2026-10-07T05:38:44Z,4c8g,vm,file,na,l,search,prefix,memindex,0,rows,3266,rows,
2026-10-07T05:38:44Z,4c8g,vm,file,na,l,search,prefix,memindex,0,id_sum,58694774105,sum,
2026-10-07T05:38:44Z,4c8g,vm,file,na,l,search,contains_common,memindex,0,latency_ms,139.008,ms,
2026-10-07T05:38:44Z,4c8g,vm,file,na,l,search,contains_common,memindex,1,latency_ms,138.415,ms,
2026-10-07T05:38:44Z,4c8g,vm,file,na,l,search,contains_common,memindex,2,latency_ms,138.560,ms,
2026-10-07T05:38:44Z,4c8g,vm,file,na,l,search,contains_common,memindex,3,latency_ms,138.749,ms,
2026-10-07T05:38:44Z,4c8g,vm,file,na,l,search,contains_common,memindex,4,latency_ms,139.381,ms,
2026-10-07T05:38:44Z,4c8g,vm,file,na,l,search,contains_common,memindex,0,rows,70524,rows,
2026-10-07T05:38:44Z,4c8g,vm,file,na,l,search,contains_common,memindex,0,id_sum,933383886531,sum,
2026-10-07T05:38:44Z,4c8g,vm,file,na,l,search,contains_rare,memindex,0,latency_ms,115.692,ms,
2026-10-07T05:38:44Z,4c8g,vm,file,na,l,search,contains_rare,memindex,1,latency_ms,116.355,ms,
2026-10-07T05:38:44Z,4c8g,vm,file,na,l,search,contains_rare,memindex,2,latency_ms,115.823,ms,
2026-10-07T05:38:44Z,4c8g,vm,file,na,l,search,contains_rare,memindex,3,latency_ms,116.482,ms,
2026-10-07T05:38:44Z,4c8g,vm,file,na,l,search,contains_rare,memindex,4,latency_ms,116.278,ms,
2026-10-07T05:38:44Z,4c8g,vm,file,na,l,search,contains_rare,memindex,0,rows,474,rows,
2026-10-07T05:38:44Z,4c8g,vm,file,na,l,search,contains_rare,memindex,0,id_sum,6572348867,sum,
2026-10-07T05:38:44Z,4c8g,vm,file,na,l,search,contains_miss,memindex,0,latency_ms,125.316,ms,
2026-10-07T05:38:44Z,4c8g,vm,file,na,l,search,contains_miss,memindex,1,latency_ms,125.670,ms,
2026-10-07T05:38:44Z,4c8g,vm,file,na,l,search,contains_miss,memindex,2,latency_ms,125.964,ms,
2026-10-07T05:38:44Z,4c8g,vm,file,na,l,search,contains_miss,memindex,3,latency_ms,125.615,ms,
2026-10-07T05:38:44Z,4c8g,vm,file,na,l,search,contains_miss,memindex,4,latency_ms,125.316,ms,
2026-10-07T05:38:44Z,4c8g,vm,file,na,l,search,contains_miss,memindex,0,rows,0,rows,
2026-10-07T05:38:44Z,4c8g,vm,file,na,l,search,contains_miss,memindex,0,id_sum,0,sum,
2026-10-07T05:39:01Z,4c8g,vm,postgres,tuned,l,search,point,noidx_serial,0,latency_ms,0.112250,ms,
2026-10-07T05:39:01Z,4c8g,vm,postgres,tuned,l,search,point,noidx_serial,1,latency_ms,0.130700,ms,
2026-10-07T05:39:01Z,4c8g,vm,postgres,tuned,l,search,point,noidx_serial,2,latency_ms,0.119283,ms,
2026-10-07T05:39:01Z,4c8g,vm,postgres,tuned,l,search,point,noidx_serial,3,latency_ms,0.129808,ms,
2026-10-07T05:39:01Z,4c8g,vm,postgres,tuned,l,search,point,noidx_serial,4,latency_ms,0.137925,ms,
2026-10-07T05:39:01Z,4c8g,vm,postgres,tuned,l,search,point,noidx_serial,0,rows,5,rows,
2026-10-07T05:39:01Z,4c8g,vm,postgres,tuned,l,search,point,noidx_serial,0,id_sum,76840469,sum,
2026-10-07T05:39:01Z,4c8g,vm,postgres,tuned,l,search,point,noidx_serial,0,server_ms,0.00500000,ms,"Index Scan"
2026-10-07T05:39:01Z,4c8g,vm,postgres,tuned,l,search,exact_common,noidx_serial,0,latency_ms,400.706,ms,
2026-10-07T05:39:01Z,4c8g,vm,postgres,tuned,l,search,exact_common,noidx_serial,1,latency_ms,396.540,ms,
2026-10-07T05:39:01Z,4c8g,vm,postgres,tuned,l,search,exact_common,noidx_serial,2,latency_ms,400.727,ms,
2026-10-07T05:39:01Z,4c8g,vm,postgres,tuned,l,search,exact_common,noidx_serial,3,latency_ms,409.208,ms,
2026-10-07T05:39:01Z,4c8g,vm,postgres,tuned,l,search,exact_common,noidx_serial,4,latency_ms,407.899,ms,
2026-10-07T05:39:01Z,4c8g,vm,postgres,tuned,l,search,exact_common,noidx_serial,0,rows,60684,rows,
2026-10-07T05:39:01Z,4c8g,vm,postgres,tuned,l,search,exact_common,noidx_serial,0,id_sum,936128905867,sum,
2026-10-07T05:39:01Z,4c8g,vm,postgres,tuned,l,search,exact_common,noidx_serial,0,server_ms,404.862,ms,"Seq Scan"
2026-10-07T05:39:01Z,4c8g,vm,postgres,tuned,l,search,exact_rare,noidx_serial,0,latency_ms,398.367,ms,
2026-10-07T05:39:01Z,4c8g,vm,postgres,tuned,l,search,exact_rare,noidx_serial,1,latency_ms,399.016,ms,
2026-10-07T05:39:01Z,4c8g,vm,postgres,tuned,l,search,exact_rare,noidx_serial,2,latency_ms,399.952,ms,
2026-10-07T05:39:01Z,4c8g,vm,postgres,tuned,l,search,exact_rare,noidx_serial,3,latency_ms,401.279,ms,
2026-10-07T05:39:01Z,4c8g,vm,postgres,tuned,l,search,exact_rare,noidx_serial,4,latency_ms,395.917,ms,
2026-10-07T05:39:01Z,4c8g,vm,postgres,tuned,l,search,exact_rare,noidx_serial,0,rows,47,rows,
2026-10-07T05:39:01Z,4c8g,vm,postgres,tuned,l,search,exact_rare,noidx_serial,0,id_sum,502059988,sum,
2026-10-07T05:39:01Z,4c8g,vm,postgres,tuned,l,search,exact_rare,noidx_serial,0,server_ms,400.630,ms,"Seq Scan"
2026-10-07T05:39:01Z,4c8g,vm,postgres,tuned,l,search,exact_miss,noidx_serial,0,latency_ms,383.363,ms,
2026-10-07T05:39:01Z,4c8g,vm,postgres,tuned,l,search,exact_miss,noidx_serial,1,latency_ms,385.718,ms,
2026-10-07T05:39:01Z,4c8g,vm,postgres,tuned,l,search,exact_miss,noidx_serial,2,latency_ms,387.235,ms,
2026-10-07T05:39:01Z,4c8g,vm,postgres,tuned,l,search,exact_miss,noidx_serial,3,latency_ms,387.017,ms,
2026-10-07T05:39:01Z,4c8g,vm,postgres,tuned,l,search,exact_miss,noidx_serial,4,latency_ms,387.269,ms,
2026-10-07T05:39:01Z,4c8g,vm,postgres,tuned,l,search,exact_miss,noidx_serial,0,rows,0,rows,
2026-10-07T05:39:01Z,4c8g,vm,postgres,tuned,l,search,exact_miss,noidx_serial,0,id_sum,0,sum,
2026-10-07T05:39:01Z,4c8g,vm,postgres,tuned,l,search,exact_miss,noidx_serial,0,server_ms,391.535,ms,"Seq Scan"
2026-10-07T05:39:01Z,4c8g,vm,postgres,tuned,l,search,prefix,noidx_serial,0,latency_ms,425.030,ms,
2026-10-07T05:39:01Z,4c8g,vm,postgres,tuned,l,search,prefix,noidx_serial,1,latency_ms,426.659,ms,
2026-10-07T05:39:01Z,4c8g,vm,postgres,tuned,l,search,prefix,noidx_serial,2,latency_ms,425.531,ms,
2026-10-07T05:39:01Z,4c8g,vm,postgres,tuned,l,search,prefix,noidx_serial,3,latency_ms,424.654,ms,
2026-10-07T05:39:01Z,4c8g,vm,postgres,tuned,l,search,prefix,noidx_serial,4,latency_ms,424.029,ms,
2026-10-07T05:39:01Z,4c8g,vm,postgres,tuned,l,search,prefix,noidx_serial,0,rows,3266,rows,
2026-10-07T05:39:01Z,4c8g,vm,postgres,tuned,l,search,prefix,noidx_serial,0,id_sum,58694774105,sum,
2026-10-07T05:39:01Z,4c8g,vm,postgres,tuned,l,search,prefix,noidx_serial,0,server_ms,422.764,ms,"Seq Scan"
2026-10-07T05:39:01Z,4c8g,vm,postgres,tuned,l,search,contains_common,noidx_serial,0,latency_ms,613.314,ms,
2026-10-07T05:39:01Z,4c8g,vm,postgres,tuned,l,search,contains_common,noidx_serial,1,latency_ms,614.973,ms,
2026-10-07T05:39:01Z,4c8g,vm,postgres,tuned,l,search,contains_common,noidx_serial,2,latency_ms,612.792,ms,
2026-10-07T05:39:01Z,4c8g,vm,postgres,tuned,l,search,contains_common,noidx_serial,3,latency_ms,615.457,ms,
2026-10-07T05:39:01Z,4c8g,vm,postgres,tuned,l,search,contains_common,noidx_serial,4,latency_ms,614.989,ms,
2026-10-07T05:39:01Z,4c8g,vm,postgres,tuned,l,search,contains_common,noidx_serial,0,rows,70524,rows,
2026-10-07T05:39:01Z,4c8g,vm,postgres,tuned,l,search,contains_common,noidx_serial,0,id_sum,933383886531,sum,
2026-10-07T05:39:01Z,4c8g,vm,postgres,tuned,l,search,contains_common,noidx_serial,0,server_ms,606.882,ms,"Seq Scan"
2026-10-07T05:39:01Z,4c8g,vm,postgres,tuned,l,search,contains_rare,noidx_serial,0,latency_ms,601.047,ms,
2026-10-07T05:39:01Z,4c8g,vm,postgres,tuned,l,search,contains_rare,noidx_serial,1,latency_ms,603.431,ms,
2026-10-07T05:39:01Z,4c8g,vm,postgres,tuned,l,search,contains_rare,noidx_serial,2,latency_ms,613.094,ms,
2026-10-07T05:39:01Z,4c8g,vm,postgres,tuned,l,search,contains_rare,noidx_serial,3,latency_ms,602.473,ms,
2026-10-07T05:39:01Z,4c8g,vm,postgres,tuned,l,search,contains_rare,noidx_serial,4,latency_ms,602.493,ms,
2026-10-07T05:39:01Z,4c8g,vm,postgres,tuned,l,search,contains_rare,noidx_serial,0,rows,474,rows,
2026-10-07T05:39:01Z,4c8g,vm,postgres,tuned,l,search,contains_rare,noidx_serial,0,id_sum,6572348867,sum,
2026-10-07T05:39:01Z,4c8g,vm,postgres,tuned,l,search,contains_rare,noidx_serial,0,server_ms,601.793,ms,"Seq Scan"
2026-10-07T05:39:01Z,4c8g,vm,postgres,tuned,l,search,contains_miss,noidx_serial,0,latency_ms,593.696,ms,
2026-10-07T05:39:01Z,4c8g,vm,postgres,tuned,l,search,contains_miss,noidx_serial,1,latency_ms,592.825,ms,
2026-10-07T05:39:01Z,4c8g,vm,postgres,tuned,l,search,contains_miss,noidx_serial,2,latency_ms,592.842,ms,
2026-10-07T05:39:01Z,4c8g,vm,postgres,tuned,l,search,contains_miss,noidx_serial,3,latency_ms,595.346,ms,
2026-10-07T05:39:01Z,4c8g,vm,postgres,tuned,l,search,contains_miss,noidx_serial,4,latency_ms,593.600,ms,
2026-10-07T05:39:01Z,4c8g,vm,postgres,tuned,l,search,contains_miss,noidx_serial,0,rows,0,rows,
2026-10-07T05:39:01Z,4c8g,vm,postgres,tuned,l,search,contains_miss,noidx_serial,0,id_sum,0,sum,
2026-10-07T05:39:01Z,4c8g,vm,postgres,tuned,l,search,contains_miss,noidx_serial,0,server_ms,595.942,ms,"Seq Scan"
2026-10-07T05:39:34Z,4c8g,vm,opengauss,tuned,l,search,point,noidx_dop3,0,latency_ms,0.164467,ms,
2026-10-07T05:39:34Z,4c8g,vm,opengauss,tuned,l,search,point,noidx_dop3,1,latency_ms,0.191242,ms,
2026-10-07T05:39:34Z,4c8g,vm,opengauss,tuned,l,search,point,noidx_dop3,2,latency_ms,0.169400,ms,
2026-10-07T05:39:34Z,4c8g,vm,opengauss,tuned,l,search,point,noidx_dop3,3,latency_ms,0.185617,ms,
2026-10-07T05:39:34Z,4c8g,vm,opengauss,tuned,l,search,point,noidx_dop3,4,latency_ms,0.177433,ms,
2026-10-07T05:39:34Z,4c8g,vm,opengauss,tuned,l,search,point,noidx_dop3,0,rows,5,rows,
2026-10-07T05:39:34Z,4c8g,vm,opengauss,tuned,l,search,point,noidx_dop3,0,id_sum,76840469,sum,
2026-10-07T05:39:34Z,4c8g,vm,opengauss,tuned,l,search,point,noidx_dop3,0,server_ms,0.0200000,ms,"Index Scan"
2026-10-07T05:39:34Z,4c8g,vm,opengauss,tuned,l,search,exact_common,noidx_dop3,0,latency_ms,301.751,ms,
2026-10-07T05:39:34Z,4c8g,vm,opengauss,tuned,l,search,exact_common,noidx_dop3,1,latency_ms,266.148,ms,
2026-10-07T05:39:34Z,4c8g,vm,opengauss,tuned,l,search,exact_common,noidx_dop3,2,latency_ms,255.696,ms,
2026-10-07T05:39:34Z,4c8g,vm,opengauss,tuned,l,search,exact_common,noidx_dop3,3,latency_ms,253.234,ms,
2026-10-07T05:39:34Z,4c8g,vm,opengauss,tuned,l,search,exact_common,noidx_dop3,4,latency_ms,260.487,ms,
2026-10-07T05:39:34Z,4c8g,vm,opengauss,tuned,l,search,exact_common,noidx_dop3,0,rows,60684,rows,
2026-10-07T05:39:34Z,4c8g,vm,opengauss,tuned,l,search,exact_common,noidx_dop3,0,id_sum,936128905867,sum,
2026-10-07T05:39:34Z,4c8g,vm,opengauss,tuned,l,search,exact_common,noidx_dop3,0,server_ms,244.533,ms,"Seq Scan"
2026-10-07T05:39:34Z,4c8g,vm,opengauss,tuned,l,search,exact_rare,noidx_dop3,0,latency_ms,227.229,ms,
2026-10-07T05:39:34Z,4c8g,vm,opengauss,tuned,l,search,exact_rare,noidx_dop3,1,latency_ms,225.624,ms,
2026-10-07T05:39:34Z,4c8g,vm,opengauss,tuned,l,search,exact_rare,noidx_dop3,2,latency_ms,224.806,ms,
2026-10-07T05:39:34Z,4c8g,vm,opengauss,tuned,l,search,exact_rare,noidx_dop3,3,latency_ms,220.735,ms,
2026-10-07T05:39:34Z,4c8g,vm,opengauss,tuned,l,search,exact_rare,noidx_dop3,4,latency_ms,220.620,ms,
2026-10-07T05:39:34Z,4c8g,vm,opengauss,tuned,l,search,exact_rare,noidx_dop3,0,rows,47,rows,
2026-10-07T05:39:34Z,4c8g,vm,opengauss,tuned,l,search,exact_rare,noidx_dop3,0,id_sum,502059988,sum,
2026-10-07T05:39:34Z,4c8g,vm,opengauss,tuned,l,search,exact_rare,noidx_dop3,0,server_ms,215.125,ms,"Seq Scan"
2026-10-07T05:39:34Z,4c8g,vm,opengauss,tuned,l,search,exact_miss,noidx_dop3,0,latency_ms,199.175,ms,
2026-10-07T05:39:34Z,4c8g,vm,opengauss,tuned,l,search,exact_miss,noidx_dop3,1,latency_ms,197.639,ms,
2026-10-07T05:39:34Z,4c8g,vm,opengauss,tuned,l,search,exact_miss,noidx_dop3,2,latency_ms,195.734,ms,
2026-10-07T05:39:34Z,4c8g,vm,opengauss,tuned,l,search,exact_miss,noidx_dop3,3,latency_ms,188.599,ms,
2026-10-07T05:39:34Z,4c8g,vm,opengauss,tuned,l,search,exact_miss,noidx_dop3,4,latency_ms,188.048,ms,
2026-10-07T05:39:34Z,4c8g,vm,opengauss,tuned,l,search,exact_miss,noidx_dop3,0,rows,0,rows,
2026-10-07T05:39:34Z,4c8g,vm,opengauss,tuned,l,search,exact_miss,noidx_dop3,0,id_sum,0,sum,
2026-10-07T05:39:34Z,4c8g,vm,opengauss,tuned,l,search,exact_miss,noidx_dop3,0,server_ms,181.343,ms,"Seq Scan"
2026-10-07T05:39:34Z,4c8g,vm,opengauss,tuned,l,search,prefix,noidx_dop3,0,latency_ms,198.506,ms,
2026-10-07T05:39:34Z,4c8g,vm,opengauss,tuned,l,search,prefix,noidx_dop3,1,latency_ms,194.738,ms,
2026-10-07T05:39:34Z,4c8g,vm,opengauss,tuned,l,search,prefix,noidx_dop3,2,latency_ms,182.622,ms,
2026-10-07T05:39:34Z,4c8g,vm,opengauss,tuned,l,search,prefix,noidx_dop3,3,latency_ms,182.969,ms,
2026-10-07T05:39:34Z,4c8g,vm,opengauss,tuned,l,search,prefix,noidx_dop3,4,latency_ms,189.929,ms,
2026-10-07T05:39:34Z,4c8g,vm,opengauss,tuned,l,search,prefix,noidx_dop3,0,rows,3266,rows,
2026-10-07T05:39:34Z,4c8g,vm,opengauss,tuned,l,search,prefix,noidx_dop3,0,id_sum,58694774105,sum,
2026-10-07T05:39:34Z,4c8g,vm,opengauss,tuned,l,search,prefix,noidx_dop3,0,server_ms,192.388,ms,"Seq Scan"
2026-10-07T05:39:34Z,4c8g,vm,opengauss,tuned,l,search,contains_common,noidx_dop3,0,latency_ms,266.348,ms,
2026-10-07T05:39:34Z,4c8g,vm,opengauss,tuned,l,search,contains_common,noidx_dop3,1,latency_ms,263.473,ms,
2026-10-07T05:39:34Z,4c8g,vm,opengauss,tuned,l,search,contains_common,noidx_dop3,2,latency_ms,259.632,ms,
2026-10-07T05:39:34Z,4c8g,vm,opengauss,tuned,l,search,contains_common,noidx_dop3,3,latency_ms,260.679,ms,
2026-10-07T05:39:34Z,4c8g,vm,opengauss,tuned,l,search,contains_common,noidx_dop3,4,latency_ms,264.666,ms,
2026-10-07T05:39:34Z,4c8g,vm,opengauss,tuned,l,search,contains_common,noidx_dop3,0,rows,70524,rows,
2026-10-07T05:39:34Z,4c8g,vm,opengauss,tuned,l,search,contains_common,noidx_dop3,0,id_sum,933383886531,sum,
2026-10-07T05:39:34Z,4c8g,vm,opengauss,tuned,l,search,contains_common,noidx_dop3,0,server_ms,255.618,ms,"Seq Scan"
2026-10-07T05:39:34Z,4c8g,vm,opengauss,tuned,l,search,contains_rare,noidx_dop3,0,latency_ms,246.555,ms,
2026-10-07T05:39:34Z,4c8g,vm,opengauss,tuned,l,search,contains_rare,noidx_dop3,1,latency_ms,247.562,ms,
2026-10-07T05:39:34Z,4c8g,vm,opengauss,tuned,l,search,contains_rare,noidx_dop3,2,latency_ms,245.634,ms,
2026-10-07T05:39:34Z,4c8g,vm,opengauss,tuned,l,search,contains_rare,noidx_dop3,3,latency_ms,245.078,ms,
2026-10-07T05:39:34Z,4c8g,vm,opengauss,tuned,l,search,contains_rare,noidx_dop3,4,latency_ms,247.239,ms,
2026-10-07T05:39:34Z,4c8g,vm,opengauss,tuned,l,search,contains_rare,noidx_dop3,0,rows,474,rows,
2026-10-07T05:39:34Z,4c8g,vm,opengauss,tuned,l,search,contains_rare,noidx_dop3,0,id_sum,6572348867,sum,
2026-10-07T05:39:34Z,4c8g,vm,opengauss,tuned,l,search,contains_rare,noidx_dop3,0,server_ms,244.554,ms,"Seq Scan"
2026-10-07T05:39:34Z,4c8g,vm,opengauss,tuned,l,search,contains_miss,noidx_dop3,0,latency_ms,243.873,ms,
2026-10-07T05:39:34Z,4c8g,vm,opengauss,tuned,l,search,contains_miss,noidx_dop3,1,latency_ms,243.582,ms,
2026-10-07T05:39:34Z,4c8g,vm,opengauss,tuned,l,search,contains_miss,noidx_dop3,2,latency_ms,241.855,ms,
2026-10-07T05:39:34Z,4c8g,vm,opengauss,tuned,l,search,contains_miss,noidx_dop3,3,latency_ms,242.644,ms,
2026-10-07T05:39:34Z,4c8g,vm,opengauss,tuned,l,search,contains_miss,noidx_dop3,4,latency_ms,245.009,ms,
2026-10-07T05:39:34Z,4c8g,vm,opengauss,tuned,l,search,contains_miss,noidx_dop3,0,rows,0,rows,
2026-10-07T05:39:34Z,4c8g,vm,opengauss,tuned,l,search,contains_miss,noidx_dop3,0,id_sum,0,sum,
2026-10-07T05:39:34Z,4c8g,vm,opengauss,tuned,l,search,contains_miss,noidx_dop3,0,server_ms,241.544,ms,"Seq Scan"
2026-10-07T05:39:50Z,4c8g,vm,postgres,default,l,search,point,noidx,0,latency_ms,0.111817,ms,
2026-10-07T05:39:50Z,4c8g,vm,postgres,default,l,search,point,noidx,1,latency_ms,0.129042,ms,
2026-10-07T05:39:50Z,4c8g,vm,postgres,default,l,search,point,noidx,2,latency_ms,0.118283,ms,
2026-10-07T05:39:50Z,4c8g,vm,postgres,default,l,search,point,noidx,3,latency_ms,0.136808,ms,
2026-10-07T05:39:50Z,4c8g,vm,postgres,default,l,search,point,noidx,4,latency_ms,0.145133,ms,
2026-10-07T05:39:50Z,4c8g,vm,postgres,default,l,search,point,noidx,0,rows,5,rows,
2026-10-07T05:39:50Z,4c8g,vm,postgres,default,l,search,point,noidx,0,id_sum,76840469,sum,
2026-10-07T05:39:50Z,4c8g,vm,postgres,default,l,search,point,noidx,0,server_ms,0.0110000,ms,"Index Scan"
2026-10-07T05:39:50Z,4c8g,vm,postgres,default,l,search,exact_common,noidx,0,latency_ms,150.138,ms,
2026-10-07T05:39:50Z,4c8g,vm,postgres,default,l,search,exact_common,noidx,1,latency_ms,170.724,ms,
2026-10-07T05:39:50Z,4c8g,vm,postgres,default,l,search,exact_common,noidx,2,latency_ms,169.815,ms,
2026-10-07T05:39:50Z,4c8g,vm,postgres,default,l,search,exact_common,noidx,3,latency_ms,152.988,ms,
2026-10-07T05:39:50Z,4c8g,vm,postgres,default,l,search,exact_common,noidx,4,latency_ms,144.750,ms,
2026-10-07T05:39:50Z,4c8g,vm,postgres,default,l,search,exact_common,noidx,0,rows,60684,rows,
2026-10-07T05:39:50Z,4c8g,vm,postgres,default,l,search,exact_common,noidx,0,id_sum,936128905867,sum,
2026-10-07T05:39:50Z,4c8g,vm,postgres,default,l,search,exact_common,noidx,0,server_ms,136.151,ms,"Parallel Seq Scan"
2026-10-07T05:39:50Z,4c8g,vm,postgres,default,l,search,exact_rare,noidx,0,latency_ms,143.771,ms,
2026-10-07T05:39:50Z,4c8g,vm,postgres,default,l,search,exact_rare,noidx,1,latency_ms,137.090,ms,
2026-10-07T05:39:50Z,4c8g,vm,postgres,default,l,search,exact_rare,noidx,2,latency_ms,136.678,ms,
2026-10-07T05:39:50Z,4c8g,vm,postgres,default,l,search,exact_rare,noidx,3,latency_ms,135.812,ms,
2026-10-07T05:39:50Z,4c8g,vm,postgres,default,l,search,exact_rare,noidx,4,latency_ms,142.433,ms,
2026-10-07T05:39:50Z,4c8g,vm,postgres,default,l,search,exact_rare,noidx,0,rows,47,rows,
2026-10-07T05:39:50Z,4c8g,vm,postgres,default,l,search,exact_rare,noidx,0,id_sum,502059988,sum,
2026-10-07T05:39:50Z,4c8g,vm,postgres,default,l,search,exact_rare,noidx,0,server_ms,142.466,ms,"Parallel Seq Scan"
2026-10-07T05:39:50Z,4c8g,vm,postgres,default,l,search,exact_miss,noidx,0,latency_ms,139.626,ms,
2026-10-07T05:39:50Z,4c8g,vm,postgres,default,l,search,exact_miss,noidx,1,latency_ms,133.352,ms,
2026-10-07T05:39:50Z,4c8g,vm,postgres,default,l,search,exact_miss,noidx,2,latency_ms,131.654,ms,
2026-10-07T05:39:50Z,4c8g,vm,postgres,default,l,search,exact_miss,noidx,3,latency_ms,135.990,ms,
2026-10-07T05:39:50Z,4c8g,vm,postgres,default,l,search,exact_miss,noidx,4,latency_ms,138.205,ms,
2026-10-07T05:39:50Z,4c8g,vm,postgres,default,l,search,exact_miss,noidx,0,rows,0,rows,
2026-10-07T05:39:50Z,4c8g,vm,postgres,default,l,search,exact_miss,noidx,0,id_sum,0,sum,
2026-10-07T05:39:50Z,4c8g,vm,postgres,default,l,search,exact_miss,noidx,0,server_ms,136.637,ms,"Parallel Seq Scan"
2026-10-07T05:39:50Z,4c8g,vm,postgres,default,l,search,prefix,noidx,0,latency_ms,150.756,ms,
2026-10-07T05:39:50Z,4c8g,vm,postgres,default,l,search,prefix,noidx,1,latency_ms,143.538,ms,
2026-10-07T05:39:50Z,4c8g,vm,postgres,default,l,search,prefix,noidx,2,latency_ms,140.274,ms,
2026-10-07T05:39:50Z,4c8g,vm,postgres,default,l,search,prefix,noidx,3,latency_ms,140.054,ms,
2026-10-07T05:39:50Z,4c8g,vm,postgres,default,l,search,prefix,noidx,4,latency_ms,147.572,ms,
2026-10-07T05:39:50Z,4c8g,vm,postgres,default,l,search,prefix,noidx,0,rows,3266,rows,
2026-10-07T05:39:50Z,4c8g,vm,postgres,default,l,search,prefix,noidx,0,id_sum,58694774105,sum,
2026-10-07T05:39:50Z,4c8g,vm,postgres,default,l,search,prefix,noidx,0,server_ms,148.874,ms,"Parallel Seq Scan"
2026-10-07T05:39:50Z,4c8g,vm,postgres,default,l,search,contains_common,noidx,0,latency_ms,237.008,ms,
2026-10-07T05:39:50Z,4c8g,vm,postgres,default,l,search,contains_common,noidx,1,latency_ms,218.397,ms,
2026-10-07T05:39:50Z,4c8g,vm,postgres,default,l,search,contains_common,noidx,2,latency_ms,218.888,ms,
2026-10-07T05:39:50Z,4c8g,vm,postgres,default,l,search,contains_common,noidx,3,latency_ms,217.351,ms,
2026-10-07T05:39:50Z,4c8g,vm,postgres,default,l,search,contains_common,noidx,4,latency_ms,215.226,ms,
2026-10-07T05:39:50Z,4c8g,vm,postgres,default,l,search,contains_common,noidx,0,rows,70524,rows,
2026-10-07T05:39:50Z,4c8g,vm,postgres,default,l,search,contains_common,noidx,0,id_sum,933383886531,sum,
2026-10-07T05:39:50Z,4c8g,vm,postgres,default,l,search,contains_common,noidx,0,server_ms,212.751,ms,"Parallel Seq Scan"
2026-10-07T05:39:50Z,4c8g,vm,postgres,default,l,search,contains_rare,noidx,0,latency_ms,210.900,ms,
2026-10-07T05:39:50Z,4c8g,vm,postgres,default,l,search,contains_rare,noidx,1,latency_ms,209.875,ms,
2026-10-07T05:39:50Z,4c8g,vm,postgres,default,l,search,contains_rare,noidx,2,latency_ms,208.876,ms,
2026-10-07T05:39:50Z,4c8g,vm,postgres,default,l,search,contains_rare,noidx,3,latency_ms,209.641,ms,
2026-10-07T05:39:50Z,4c8g,vm,postgres,default,l,search,contains_rare,noidx,4,latency_ms,219.285,ms,
2026-10-07T05:39:50Z,4c8g,vm,postgres,default,l,search,contains_rare,noidx,0,rows,474,rows,
2026-10-07T05:39:50Z,4c8g,vm,postgres,default,l,search,contains_rare,noidx,0,id_sum,6572348867,sum,
2026-10-07T05:39:50Z,4c8g,vm,postgres,default,l,search,contains_rare,noidx,0,server_ms,209.898,ms,"Parallel Seq Scan"
2026-10-07T05:39:50Z,4c8g,vm,postgres,default,l,search,contains_miss,noidx,0,latency_ms,209.051,ms,
2026-10-07T05:39:50Z,4c8g,vm,postgres,default,l,search,contains_miss,noidx,1,latency_ms,209.795,ms,
2026-10-07T05:39:50Z,4c8g,vm,postgres,default,l,search,contains_miss,noidx,2,latency_ms,211.528,ms,
2026-10-07T05:39:50Z,4c8g,vm,postgres,default,l,search,contains_miss,noidx,3,latency_ms,210.138,ms,
2026-10-07T05:39:50Z,4c8g,vm,postgres,default,l,search,contains_miss,noidx,4,latency_ms,211.213,ms,
2026-10-07T05:39:50Z,4c8g,vm,postgres,default,l,search,contains_miss,noidx,0,rows,0,rows,
2026-10-07T05:39:50Z,4c8g,vm,postgres,default,l,search,contains_miss,noidx,0,id_sum,0,sum,
2026-10-07T05:39:50Z,4c8g,vm,postgres,default,l,search,contains_miss,noidx,0,server_ms,209.521,ms,"Parallel Seq Scan"
2026-10-07T05:40:04Z,4c8g,vm,postgres,default,l,search,point,btree,0,latency_ms,0.134983,ms,
2026-10-07T05:40:04Z,4c8g,vm,postgres,default,l,search,point,btree,1,latency_ms,0.169717,ms,
2026-10-07T05:40:04Z,4c8g,vm,postgres,default,l,search,point,btree,2,latency_ms,0.151425,ms,
2026-10-07T05:40:04Z,4c8g,vm,postgres,default,l,search,point,btree,3,latency_ms,0.133183,ms,
2026-10-07T05:40:04Z,4c8g,vm,postgres,default,l,search,point,btree,4,latency_ms,0.146667,ms,
2026-10-07T05:40:04Z,4c8g,vm,postgres,default,l,search,point,btree,0,rows,5,rows,
2026-10-07T05:40:04Z,4c8g,vm,postgres,default,l,search,point,btree,0,id_sum,76840469,sum,
2026-10-07T05:40:04Z,4c8g,vm,postgres,default,l,search,point,btree,0,server_ms,0.00500000,ms,"Index Scan"
2026-10-07T05:40:04Z,4c8g,vm,postgres,default,l,search,exact_common,btree,0,latency_ms,70.2850,ms,
2026-10-07T05:40:04Z,4c8g,vm,postgres,default,l,search,exact_common,btree,1,latency_ms,53.2550,ms,
2026-10-07T05:40:04Z,4c8g,vm,postgres,default,l,search,exact_common,btree,2,latency_ms,64.9273,ms,
2026-10-07T05:40:04Z,4c8g,vm,postgres,default,l,search,exact_common,btree,3,latency_ms,50.3471,ms,
2026-10-07T05:40:04Z,4c8g,vm,postgres,default,l,search,exact_common,btree,4,latency_ms,61.1538,ms,
2026-10-07T05:40:04Z,4c8g,vm,postgres,default,l,search,exact_common,btree,0,rows,60684,rows,
2026-10-07T05:40:04Z,4c8g,vm,postgres,default,l,search,exact_common,btree,0,id_sum,936128905867,sum,
2026-10-07T05:40:04Z,4c8g,vm,postgres,default,l,search,exact_common,btree,0,server_ms,57.8070,ms,"Bitmap Heap Scan + Bitmap Index Scan"
2026-10-07T05:40:04Z,4c8g,vm,postgres,default,l,search,exact_rare,btree,0,latency_ms,0.101792,ms,
2026-10-07T05:40:04Z,4c8g,vm,postgres,default,l,search,exact_rare,btree,1,latency_ms,0.118917,ms,
2026-10-07T05:40:04Z,4c8g,vm,postgres,default,l,search,exact_rare,btree,2,latency_ms,0.146625,ms,
2026-10-07T05:40:04Z,4c8g,vm,postgres,default,l,search,exact_rare,btree,3,latency_ms,0.116584,ms,
2026-10-07T05:40:04Z,4c8g,vm,postgres,default,l,search,exact_rare,btree,4,latency_ms,0.109750,ms,
2026-10-07T05:40:04Z,4c8g,vm,postgres,default,l,search,exact_rare,btree,0,rows,47,rows,
2026-10-07T05:40:04Z,4c8g,vm,postgres,default,l,search,exact_rare,btree,0,id_sum,502059988,sum,
2026-10-07T05:40:04Z,4c8g,vm,postgres,default,l,search,exact_rare,btree,0,server_ms,0.0170000,ms,"Bitmap Heap Scan + Bitmap Index Scan"
2026-10-07T05:40:04Z,4c8g,vm,postgres,default,l,search,exact_miss,btree,0,latency_ms,0.111375,ms,
2026-10-07T05:40:04Z,4c8g,vm,postgres,default,l,search,exact_miss,btree,1,latency_ms,0.106875,ms,
2026-10-07T05:40:04Z,4c8g,vm,postgres,default,l,search,exact_miss,btree,2,latency_ms,0.114834,ms,
2026-10-07T05:40:04Z,4c8g,vm,postgres,default,l,search,exact_miss,btree,3,latency_ms,0.120292,ms,
2026-10-07T05:40:04Z,4c8g,vm,postgres,default,l,search,exact_miss,btree,4,latency_ms,0.271709,ms,
2026-10-07T05:40:04Z,4c8g,vm,postgres,default,l,search,exact_miss,btree,0,rows,0,rows,
2026-10-07T05:40:04Z,4c8g,vm,postgres,default,l,search,exact_miss,btree,0,id_sum,0,sum,
2026-10-07T05:40:04Z,4c8g,vm,postgres,default,l,search,exact_miss,btree,0,server_ms,0.00500000,ms,"Bitmap Heap Scan + Bitmap Index Scan"
2026-10-07T05:40:04Z,4c8g,vm,postgres,default,l,search,prefix,btree,0,latency_ms,1.22683,ms,
2026-10-07T05:40:04Z,4c8g,vm,postgres,default,l,search,prefix,btree,1,latency_ms,1.19004,ms,
2026-10-07T05:40:04Z,4c8g,vm,postgres,default,l,search,prefix,btree,2,latency_ms,1.16967,ms,
2026-10-07T05:40:04Z,4c8g,vm,postgres,default,l,search,prefix,btree,3,latency_ms,1.10325,ms,
2026-10-07T05:40:04Z,4c8g,vm,postgres,default,l,search,prefix,btree,4,latency_ms,1.10775,ms,
2026-10-07T05:40:04Z,4c8g,vm,postgres,default,l,search,prefix,btree,0,rows,3266,rows,
2026-10-07T05:40:04Z,4c8g,vm,postgres,default,l,search,prefix,btree,0,id_sum,58694774105,sum,
2026-10-07T05:40:04Z,4c8g,vm,postgres,default,l,search,prefix,btree,0,server_ms,0.664000,ms,"Index Scan"
2026-10-07T05:40:04Z,4c8g,vm,postgres,default,l,search,contains_common,btree,0,latency_ms,240.692,ms,
2026-10-07T05:40:04Z,4c8g,vm,postgres,default,l,search,contains_common,btree,1,latency_ms,236.346,ms,
2026-10-07T05:40:04Z,4c8g,vm,postgres,default,l,search,contains_common,btree,2,latency_ms,234.331,ms,
2026-10-07T05:40:04Z,4c8g,vm,postgres,default,l,search,contains_common,btree,3,latency_ms,223.925,ms,
2026-10-07T05:40:04Z,4c8g,vm,postgres,default,l,search,contains_common,btree,4,latency_ms,223.806,ms,
2026-10-07T05:40:04Z,4c8g,vm,postgres,default,l,search,contains_common,btree,0,rows,70524,rows,
2026-10-07T05:40:04Z,4c8g,vm,postgres,default,l,search,contains_common,btree,0,id_sum,933383886531,sum,
2026-10-07T05:40:04Z,4c8g,vm,postgres,default,l,search,contains_common,btree,0,server_ms,219.618,ms,"Parallel Seq Scan"
2026-10-07T05:40:04Z,4c8g,vm,postgres,default,l,search,contains_rare,btree,0,latency_ms,228.085,ms,
2026-10-07T05:40:04Z,4c8g,vm,postgres,default,l,search,contains_rare,btree,1,latency_ms,221.229,ms,
2026-10-07T05:40:04Z,4c8g,vm,postgres,default,l,search,contains_rare,btree,2,latency_ms,216.571,ms,
2026-10-07T05:40:04Z,4c8g,vm,postgres,default,l,search,contains_rare,btree,3,latency_ms,217.822,ms,
2026-10-07T05:40:04Z,4c8g,vm,postgres,default,l,search,contains_rare,btree,4,latency_ms,218.496,ms,
2026-10-07T05:40:04Z,4c8g,vm,postgres,default,l,search,contains_rare,btree,0,rows,474,rows,
2026-10-07T05:40:04Z,4c8g,vm,postgres,default,l,search,contains_rare,btree,0,id_sum,6572348867,sum,
2026-10-07T05:40:04Z,4c8g,vm,postgres,default,l,search,contains_rare,btree,0,server_ms,214.670,ms,"Parallel Seq Scan"
2026-10-07T05:40:04Z,4c8g,vm,postgres,default,l,search,contains_miss,btree,0,latency_ms,212.566,ms,
2026-10-07T05:40:04Z,4c8g,vm,postgres,default,l,search,contains_miss,btree,1,latency_ms,212.597,ms,
2026-10-07T05:40:04Z,4c8g,vm,postgres,default,l,search,contains_miss,btree,2,latency_ms,214.397,ms,
2026-10-07T05:40:04Z,4c8g,vm,postgres,default,l,search,contains_miss,btree,3,latency_ms,213.138,ms,
2026-10-07T05:40:04Z,4c8g,vm,postgres,default,l,search,contains_miss,btree,4,latency_ms,208.328,ms,
2026-10-07T05:40:04Z,4c8g,vm,postgres,default,l,search,contains_miss,btree,0,rows,0,rows,
2026-10-07T05:40:04Z,4c8g,vm,postgres,default,l,search,contains_miss,btree,0,id_sum,0,sum,
2026-10-07T05:40:04Z,4c8g,vm,postgres,default,l,search,contains_miss,btree,0,server_ms,211.209,ms,"Parallel Seq Scan"
2026-10-07T05:41:00Z,4c8g,vm,opengauss,default,l,search,point,noidx,0,latency_ms,0.174033,ms,
2026-10-07T05:41:00Z,4c8g,vm,opengauss,default,l,search,point,noidx,1,latency_ms,0.227617,ms,
2026-10-07T05:41:00Z,4c8g,vm,opengauss,default,l,search,point,noidx,2,latency_ms,0.215433,ms,
2026-10-07T05:41:00Z,4c8g,vm,opengauss,default,l,search,point,noidx,3,latency_ms,0.181100,ms,
2026-10-07T05:41:00Z,4c8g,vm,opengauss,default,l,search,point,noidx,4,latency_ms,0.169642,ms,
2026-10-07T05:41:00Z,4c8g,vm,opengauss,default,l,search,point,noidx,0,rows,5,rows,
2026-10-07T05:41:00Z,4c8g,vm,opengauss,default,l,search,point,noidx,0,id_sum,76840469,sum,
2026-10-07T05:41:00Z,4c8g,vm,opengauss,default,l,search,point,noidx,0,server_ms,0.0160000,ms,"Index Scan"
2026-10-07T05:41:00Z,4c8g,vm,opengauss,default,l,search,exact_common,noidx,0,latency_ms,785.885,ms,
2026-10-07T05:41:00Z,4c8g,vm,opengauss,default,l,search,exact_common,noidx,1,latency_ms,691.844,ms,
2026-10-07T05:41:00Z,4c8g,vm,opengauss,default,l,search,exact_common,noidx,2,latency_ms,679.212,ms,
2026-10-07T05:41:00Z,4c8g,vm,opengauss,default,l,search,exact_common,noidx,3,latency_ms,694.915,ms,
2026-10-07T05:41:00Z,4c8g,vm,opengauss,default,l,search,exact_common,noidx,4,latency_ms,696.813,ms,
2026-10-07T05:41:00Z,4c8g,vm,opengauss,default,l,search,exact_common,noidx,0,rows,60684,rows,
2026-10-07T05:41:00Z,4c8g,vm,opengauss,default,l,search,exact_common,noidx,0,id_sum,936128905867,sum,
2026-10-07T05:41:00Z,4c8g,vm,opengauss,default,l,search,exact_common,noidx,0,server_ms,670.787,ms,"Seq Scan"
2026-10-07T05:41:00Z,4c8g,vm,opengauss,default,l,search,exact_rare,noidx,0,latency_ms,652.801,ms,
2026-10-07T05:41:00Z,4c8g,vm,opengauss,default,l,search,exact_rare,noidx,1,latency_ms,668.335,ms,
2026-10-07T05:41:00Z,4c8g,vm,opengauss,default,l,search,exact_rare,noidx,2,latency_ms,658.638,ms,
2026-10-07T05:41:00Z,4c8g,vm,opengauss,default,l,search,exact_rare,noidx,3,latency_ms,645.693,ms,
2026-10-07T05:41:00Z,4c8g,vm,opengauss,default,l,search,exact_rare,noidx,4,latency_ms,682.712,ms,
2026-10-07T05:41:00Z,4c8g,vm,opengauss,default,l,search,exact_rare,noidx,0,rows,47,rows,
2026-10-07T05:41:00Z,4c8g,vm,opengauss,default,l,search,exact_rare,noidx,0,id_sum,502059988,sum,
2026-10-07T05:41:00Z,4c8g,vm,opengauss,default,l,search,exact_rare,noidx,0,server_ms,668.110,ms,"Seq Scan"
2026-10-07T05:41:00Z,4c8g,vm,opengauss,default,l,search,exact_miss,noidx,0,latency_ms,621.485,ms,
2026-10-07T05:41:00Z,4c8g,vm,opengauss,default,l,search,exact_miss,noidx,1,latency_ms,625.236,ms,
2026-10-07T05:41:00Z,4c8g,vm,opengauss,default,l,search,exact_miss,noidx,2,latency_ms,634.931,ms,
2026-10-07T05:41:00Z,4c8g,vm,opengauss,default,l,search,exact_miss,noidx,3,latency_ms,633.389,ms,
2026-10-07T05:41:00Z,4c8g,vm,opengauss,default,l,search,exact_miss,noidx,4,latency_ms,661.350,ms,
2026-10-07T05:41:00Z,4c8g,vm,opengauss,default,l,search,exact_miss,noidx,0,rows,0,rows,
2026-10-07T05:41:00Z,4c8g,vm,opengauss,default,l,search,exact_miss,noidx,0,id_sum,0,sum,
2026-10-07T05:41:00Z,4c8g,vm,opengauss,default,l,search,exact_miss,noidx,0,server_ms,659.816,ms,"Seq Scan"
2026-10-07T05:41:00Z,4c8g,vm,opengauss,default,l,search,prefix,noidx,0,latency_ms,676.291,ms,
2026-10-07T05:41:00Z,4c8g,vm,opengauss,default,l,search,prefix,noidx,1,latency_ms,680.855,ms,
2026-10-07T05:41:00Z,4c8g,vm,opengauss,default,l,search,prefix,noidx,2,latency_ms,679.963,ms,
2026-10-07T05:41:00Z,4c8g,vm,opengauss,default,l,search,prefix,noidx,3,latency_ms,682.467,ms,
2026-10-07T05:41:00Z,4c8g,vm,opengauss,default,l,search,prefix,noidx,4,latency_ms,681.993,ms,
2026-10-07T05:41:00Z,4c8g,vm,opengauss,default,l,search,prefix,noidx,0,rows,3266,rows,
2026-10-07T05:41:00Z,4c8g,vm,opengauss,default,l,search,prefix,noidx,0,id_sum,58694774105,sum,
2026-10-07T05:41:00Z,4c8g,vm,opengauss,default,l,search,prefix,noidx,0,server_ms,684.686,ms,"Seq Scan"
2026-10-07T05:41:00Z,4c8g,vm,opengauss,default,l,search,contains_common,noidx,0,latency_ms,906.357,ms,
2026-10-07T05:41:00Z,4c8g,vm,opengauss,default,l,search,contains_common,noidx,1,latency_ms,913.462,ms,
2026-10-07T05:41:00Z,4c8g,vm,opengauss,default,l,search,contains_common,noidx,2,latency_ms,906.633,ms,
2026-10-07T05:41:00Z,4c8g,vm,opengauss,default,l,search,contains_common,noidx,3,latency_ms,909.108,ms,
2026-10-07T05:41:00Z,4c8g,vm,opengauss,default,l,search,contains_common,noidx,4,latency_ms,908.655,ms,
2026-10-07T05:41:00Z,4c8g,vm,opengauss,default,l,search,contains_common,noidx,0,rows,70524,rows,
2026-10-07T05:41:00Z,4c8g,vm,opengauss,default,l,search,contains_common,noidx,0,id_sum,933383886531,sum,
2026-10-07T05:41:00Z,4c8g,vm,opengauss,default,l,search,contains_common,noidx,0,server_ms,926.464,ms,"Seq Scan"
2026-10-07T05:41:00Z,4c8g,vm,opengauss,default,l,search,contains_rare,noidx,0,latency_ms,898.847,ms,
2026-10-07T05:41:00Z,4c8g,vm,opengauss,default,l,search,contains_rare,noidx,1,latency_ms,901.965,ms,
2026-10-07T05:41:00Z,4c8g,vm,opengauss,default,l,search,contains_rare,noidx,2,latency_ms,887.418,ms,
2026-10-07T05:41:00Z,4c8g,vm,opengauss,default,l,search,contains_rare,noidx,3,latency_ms,883.645,ms,
2026-10-07T05:41:00Z,4c8g,vm,opengauss,default,l,search,contains_rare,noidx,4,latency_ms,883.004,ms,
2026-10-07T05:41:00Z,4c8g,vm,opengauss,default,l,search,contains_rare,noidx,0,rows,474,rows,
2026-10-07T05:41:00Z,4c8g,vm,opengauss,default,l,search,contains_rare,noidx,0,id_sum,6572348867,sum,
2026-10-07T05:41:00Z,4c8g,vm,opengauss,default,l,search,contains_rare,noidx,0,server_ms,890.004,ms,"Seq Scan"
2026-10-07T05:41:00Z,4c8g,vm,opengauss,default,l,search,contains_miss,noidx,0,latency_ms,873.841,ms,
2026-10-07T05:41:00Z,4c8g,vm,opengauss,default,l,search,contains_miss,noidx,1,latency_ms,887.305,ms,
2026-10-07T05:41:00Z,4c8g,vm,opengauss,default,l,search,contains_miss,noidx,2,latency_ms,893.556,ms,
2026-10-07T05:41:00Z,4c8g,vm,opengauss,default,l,search,contains_miss,noidx,3,latency_ms,882.162,ms,
2026-10-07T05:41:00Z,4c8g,vm,opengauss,default,l,search,contains_miss,noidx,4,latency_ms,875.519,ms,
2026-10-07T05:41:00Z,4c8g,vm,opengauss,default,l,search,contains_miss,noidx,0,rows,0,rows,
2026-10-07T05:41:00Z,4c8g,vm,opengauss,default,l,search,contains_miss,noidx,0,id_sum,0,sum,
2026-10-07T05:41:00Z,4c8g,vm,opengauss,default,l,search,contains_miss,noidx,0,server_ms,877.647,ms,"Seq Scan"
2026-10-07T05:41:54Z,4c8g,vm,opengauss,default,l,search,point,btree,0,latency_ms,0.171558,ms,
2026-10-07T05:41:54Z,4c8g,vm,opengauss,default,l,search,point,btree,1,latency_ms,0.202192,ms,
2026-10-07T05:41:54Z,4c8g,vm,opengauss,default,l,search,point,btree,2,latency_ms,0.169208,ms,
2026-10-07T05:41:54Z,4c8g,vm,opengauss,default,l,search,point,btree,3,latency_ms,0.156375,ms,
2026-10-07T05:41:54Z,4c8g,vm,opengauss,default,l,search,point,btree,4,latency_ms,0.186917,ms,
2026-10-07T05:41:54Z,4c8g,vm,opengauss,default,l,search,point,btree,0,rows,5,rows,
2026-10-07T05:41:54Z,4c8g,vm,opengauss,default,l,search,point,btree,0,id_sum,76840469,sum,
2026-10-07T05:41:54Z,4c8g,vm,opengauss,default,l,search,point,btree,0,server_ms,0.0180000,ms,"Index Scan"
2026-10-07T05:41:54Z,4c8g,vm,opengauss,default,l,search,exact_common,btree,0,latency_ms,42.0068,ms,
2026-10-07T05:41:54Z,4c8g,vm,opengauss,default,l,search,exact_common,btree,1,latency_ms,40.3151,ms,
2026-10-07T05:41:54Z,4c8g,vm,opengauss,default,l,search,exact_common,btree,2,latency_ms,40.5520,ms,
2026-10-07T05:41:54Z,4c8g,vm,opengauss,default,l,search,exact_common,btree,3,latency_ms,42.0595,ms,
2026-10-07T05:41:54Z,4c8g,vm,opengauss,default,l,search,exact_common,btree,4,latency_ms,45.7023,ms,
2026-10-07T05:41:54Z,4c8g,vm,opengauss,default,l,search,exact_common,btree,0,rows,60684,rows,
2026-10-07T05:41:54Z,4c8g,vm,opengauss,default,l,search,exact_common,btree,0,id_sum,936128905867,sum,
2026-10-07T05:41:54Z,4c8g,vm,opengauss,default,l,search,exact_common,btree,0,server_ms,35.3460,ms,"Bitmap Heap Scan + Bitmap Index Scan"
2026-10-07T05:41:54Z,4c8g,vm,opengauss,default,l,search,exact_rare,btree,0,latency_ms,0.225125,ms,
2026-10-07T05:41:54Z,4c8g,vm,opengauss,default,l,search,exact_rare,btree,1,latency_ms,0.191708,ms,
2026-10-07T05:41:54Z,4c8g,vm,opengauss,default,l,search,exact_rare,btree,2,latency_ms,0.269708,ms,
2026-10-07T05:41:54Z,4c8g,vm,opengauss,default,l,search,exact_rare,btree,3,latency_ms,0.224500,ms,
2026-10-07T05:41:54Z,4c8g,vm,opengauss,default,l,search,exact_rare,btree,4,latency_ms,0.263666,ms,
2026-10-07T05:41:54Z,4c8g,vm,opengauss,default,l,search,exact_rare,btree,0,rows,47,rows,
2026-10-07T05:41:54Z,4c8g,vm,opengauss,default,l,search,exact_rare,btree,0,id_sum,502059988,sum,
2026-10-07T05:41:54Z,4c8g,vm,opengauss,default,l,search,exact_rare,btree,0,server_ms,0.0370000,ms,"Bitmap Heap Scan + Bitmap Index Scan"
2026-10-07T05:41:54Z,4c8g,vm,opengauss,default,l,search,exact_miss,btree,0,latency_ms,0.172375,ms,
2026-10-07T05:41:54Z,4c8g,vm,opengauss,default,l,search,exact_miss,btree,1,latency_ms,0.192917,ms,
2026-10-07T05:41:54Z,4c8g,vm,opengauss,default,l,search,exact_miss,btree,2,latency_ms,0.171000,ms,
2026-10-07T05:41:54Z,4c8g,vm,opengauss,default,l,search,exact_miss,btree,3,latency_ms,0.206750,ms,
2026-10-07T05:41:54Z,4c8g,vm,opengauss,default,l,search,exact_miss,btree,4,latency_ms,0.206083,ms,
2026-10-07T05:41:54Z,4c8g,vm,opengauss,default,l,search,exact_miss,btree,0,rows,0,rows,
2026-10-07T05:41:54Z,4c8g,vm,opengauss,default,l,search,exact_miss,btree,0,id_sum,0,sum,
2026-10-07T05:41:54Z,4c8g,vm,opengauss,default,l,search,exact_miss,btree,0,server_ms,0.00800000,ms,"Bitmap Heap Scan + Bitmap Index Scan"
2026-10-07T05:41:54Z,4c8g,vm,opengauss,default,l,search,prefix,btree,0,latency_ms,2.35092,ms,
2026-10-07T05:41:54Z,4c8g,vm,opengauss,default,l,search,prefix,btree,1,latency_ms,2.17888,ms,
2026-10-07T05:41:54Z,4c8g,vm,opengauss,default,l,search,prefix,btree,2,latency_ms,1.83692,ms,
2026-10-07T05:41:54Z,4c8g,vm,opengauss,default,l,search,prefix,btree,3,latency_ms,2.45300,ms,
2026-10-07T05:41:54Z,4c8g,vm,opengauss,default,l,search,prefix,btree,4,latency_ms,2.36517,ms,
2026-10-07T05:41:54Z,4c8g,vm,opengauss,default,l,search,prefix,btree,0,rows,3266,rows,
2026-10-07T05:41:54Z,4c8g,vm,opengauss,default,l,search,prefix,btree,0,id_sum,58694774105,sum,
2026-10-07T05:41:54Z,4c8g,vm,opengauss,default,l,search,prefix,btree,0,server_ms,1.22300,ms,"Index Scan"
2026-10-07T05:41:54Z,4c8g,vm,opengauss,default,l,search,contains_common,btree,0,latency_ms,864.361,ms,
2026-10-07T05:41:54Z,4c8g,vm,opengauss,default,l,search,contains_common,btree,1,latency_ms,875.162,ms,
2026-10-07T05:41:54Z,4c8g,vm,opengauss,default,l,search,contains_common,btree,2,latency_ms,875.988,ms,
2026-10-07T05:41:54Z,4c8g,vm,opengauss,default,l,search,contains_common,btree,3,latency_ms,872.901,ms,
2026-10-07T05:41:54Z,4c8g,vm,opengauss,default,l,search,contains_common,btree,4,latency_ms,875.793,ms,
2026-10-07T05:41:54Z,4c8g,vm,opengauss,default,l,search,contains_common,btree,0,rows,70524,rows,
2026-10-07T05:41:54Z,4c8g,vm,opengauss,default,l,search,contains_common,btree,0,id_sum,933383886531,sum,
2026-10-07T05:41:54Z,4c8g,vm,opengauss,default,l,search,contains_common,btree,0,server_ms,854.666,ms,"Seq Scan"
2026-10-07T05:41:54Z,4c8g,vm,opengauss,default,l,search,contains_rare,btree,0,latency_ms,835.442,ms,
2026-10-07T05:41:54Z,4c8g,vm,opengauss,default,l,search,contains_rare,btree,1,latency_ms,839.450,ms,
2026-10-07T05:41:54Z,4c8g,vm,opengauss,default,l,search,contains_rare,btree,2,latency_ms,834.114,ms,
2026-10-07T05:41:54Z,4c8g,vm,opengauss,default,l,search,contains_rare,btree,3,latency_ms,834.420,ms,
2026-10-07T05:41:54Z,4c8g,vm,opengauss,default,l,search,contains_rare,btree,4,latency_ms,838.881,ms,
2026-10-07T05:41:54Z,4c8g,vm,opengauss,default,l,search,contains_rare,btree,0,rows,474,rows,
2026-10-07T05:41:54Z,4c8g,vm,opengauss,default,l,search,contains_rare,btree,0,id_sum,6572348867,sum,
2026-10-07T05:41:54Z,4c8g,vm,opengauss,default,l,search,contains_rare,btree,0,server_ms,861.346,ms,"Seq Scan"
2026-10-07T05:41:54Z,4c8g,vm,opengauss,default,l,search,contains_miss,btree,0,latency_ms,836.786,ms,
2026-10-07T05:41:54Z,4c8g,vm,opengauss,default,l,search,contains_miss,btree,1,latency_ms,835.430,ms,
2026-10-07T05:41:54Z,4c8g,vm,opengauss,default,l,search,contains_miss,btree,2,latency_ms,845.846,ms,
2026-10-07T05:41:54Z,4c8g,vm,opengauss,default,l,search,contains_miss,btree,3,latency_ms,832.351,ms,
2026-10-07T05:41:54Z,4c8g,vm,opengauss,default,l,search,contains_miss,btree,4,latency_ms,826.765,ms,
2026-10-07T05:41:54Z,4c8g,vm,opengauss,default,l,search,contains_miss,btree,0,rows,0,rows,
2026-10-07T05:41:54Z,4c8g,vm,opengauss,default,l,search,contains_miss,btree,0,id_sum,0,sum,
2026-10-07T05:41:54Z,4c8g,vm,opengauss,default,l,search,contains_miss,btree,0,server_ms,841.491,ms,"Seq Scan"
