spec,placement,target,config,scale,experiment,operation,variant,metric,unit,n,median,min,max,mean,std,cv_pct
1c1g,server,none,none,none,ladder,machine,no_database,vm_total_mb,MB,1,956.4,956.4,956.4,956.4,,
1c1g,server,none,none,none,ladder,machine,no_database,vm_available_mb,MB,1,712.9,712.9,712.9,712.9,,
1c1g,host,postgres,default,none,ladder,fresh_install,ready,available,bool,1,1.0,1.0,1.0,1.0,,
1c1g,host,postgres,default,none,ladder,fresh_install,ready,time_to_ready_ms,ms,1,1118.85,1118.85,1118.85,1118.85,,
1c1g,server,postgres,default,none,ladder,fresh_install,ready,idle_mem_mb,MB,1,114.4,114.4,114.4,114.4,,
1c1g,host,postgres,default,l,ladder,start,ready,available,bool,1,1.0,1.0,1.0,1.0,,
1c1g,host,postgres,default,l,ladder,start,ready,time_to_ready_ms,ms,1,96.3096,96.3096,96.3096,96.3096,,
1c1g,server,postgres,default,l,ladder,start,ready,idle_mem_mb,MB,1,28.5,28.5,28.5,28.5,,
1c1g,server,postgres,default,l,ladder,start,ready,vm_available_idle_mb,MB,1,684.7,684.7,684.7,684.7,,
1c1g,host,postgres,default,l,ladder,mixed,c16,throughput_ops,ops/s,1,23569.5,23569.5,23569.5,23569.5,,
1c1g,host,postgres,default,l,ladder,mixed,c16,p50_ms,ms,1,0.61,0.61,0.61,0.61,,
1c1g,host,postgres,default,l,ladder,mixed,c16,p95_ms,ms,1,1.274,1.274,1.274,1.274,,
1c1g,host,postgres,default,l,ladder,mixed,c16,p99_ms,ms,1,1.737,1.737,1.737,1.737,,
1c1g,host,postgres,default,l,ladder,mixed,c16,max_ms,ms,1,9.13,9.13,9.13,9.13,,
1c1g,host,postgres,default,l,ladder,mixed,c16,errors,count,1,0.0,0.0,0.0,0.0,,
1c1g,host,postgres,default,l,ladder,mixed,c16,error_rate_pct,%,1,0.0,0.0,0.0,0.0,,
1c1g,host,postgres,default,l,ladder,mixed,c16,connect_failures,count,1,0.0,0.0,0.0,0.0,,
1c1g,server,postgres,default,l,ladder,mixed,c16,server_cpu_cores,cores,1,1.003,1.003,1.003,1.003,,
1c1g,server,postgres,default,l,ladder,mixed,c16,server_mem_mb,MB,1,596.0,596.0,596.0,596.0,,
1c1g,server,postgres,default,l,ladder,mixed,c16,vm_available_mb,MB,1,557.7,557.7,557.7,557.7,,
1c1g,host,postgres,default,l,ladder_heavy,sort_all_titles,single,completed,bool,1,1.0,1.0,1.0,1.0,,
1c1g,host,postgres,default,l,ladder_heavy,sort_all_titles,single,latency_ms,ms,1,3717.86,3717.86,3717.86,3717.86,,
1c1g,host,postgres,default,l,ladder_heavy,join_aggregate,single,completed,bool,1,1.0,1.0,1.0,1.0,,
1c1g,host,postgres,default,l,ladder_heavy,join_aggregate,single,latency_ms,ms,1,2558.64,2558.64,2558.64,2558.64,,
1c1g,server,postgres,default,l,ladder,survive,after_tests,server_mem_peak_mb,MB,1,648.0,648.0,648.0,648.0,,
1c1g,server,postgres,default,l,ladder,survive,after_tests,still_running,bool,1,1.0,1.0,1.0,1.0,,
1c1g,server,postgres,default,l,ladder,survive,after_tests,vm_oom_kills,count,1,0.0,0.0,0.0,0.0,,
1c1g,host,postgres,tuned,l,ladder,start,ready,available,bool,1,1.0,1.0,1.0,1.0,,
1c1g,host,postgres,tuned,l,ladder,start,ready,time_to_ready_ms,ms,1,97.3816,97.3816,97.3816,97.3816,,
1c1g,server,postgres,tuned,l,ladder,start,ready,idle_mem_mb,MB,1,41.1,41.1,41.1,41.1,,
1c1g,server,postgres,tuned,l,ladder,start,ready,vm_available_idle_mb,MB,1,675.1,675.1,675.1,675.1,,
1c1g,host,postgres,tuned,l,ladder,mixed,c16,throughput_ops,ops/s,1,23159.5,23159.5,23159.5,23159.5,,
1c1g,host,postgres,tuned,l,ladder,mixed,c16,p50_ms,ms,1,0.624,0.624,0.624,0.624,,
1c1g,host,postgres,tuned,l,ladder,mixed,c16,p95_ms,ms,1,1.269,1.269,1.269,1.269,,
1c1g,host,postgres,tuned,l,ladder,mixed,c16,p99_ms,ms,1,1.825,1.825,1.825,1.825,,
1c1g,host,postgres,tuned,l,ladder,mixed,c16,max_ms,ms,1,11.572,11.572,11.572,11.572,,
1c1g,host,postgres,tuned,l,ladder,mixed,c16,errors,count,1,0.0,0.0,0.0,0.0,,
1c1g,host,postgres,tuned,l,ladder,mixed,c16,error_rate_pct,%,1,0.0,0.0,0.0,0.0,,
1c1g,host,postgres,tuned,l,ladder,mixed,c16,connect_failures,count,1,0.0,0.0,0.0,0.0,,
1c1g,server,postgres,tuned,l,ladder,mixed,c16,server_cpu_cores,cores,1,1.002,1.002,1.002,1.002,,
1c1g,server,postgres,tuned,l,ladder,mixed,c16,server_mem_mb,MB,1,374.9,374.9,374.9,374.9,,
1c1g,server,postgres,tuned,l,ladder,mixed,c16,vm_available_mb,MB,1,400.6,400.6,400.6,400.6,,
1c1g,host,postgres,tuned,l,ladder_heavy,sort_all_titles,single,completed,bool,1,1.0,1.0,1.0,1.0,,
1c1g,host,postgres,tuned,l,ladder_heavy,sort_all_titles,single,latency_ms,ms,1,3768.84,3768.84,3768.84,3768.84,,
1c1g,host,postgres,tuned,l,ladder_heavy,join_aggregate,single,completed,bool,1,1.0,1.0,1.0,1.0,,
1c1g,host,postgres,tuned,l,ladder_heavy,join_aggregate,single,latency_ms,ms,1,2574.91,2574.91,2574.91,2574.91,,
1c1g,server,postgres,tuned,l,ladder,survive,after_tests,server_mem_peak_mb,MB,1,555.4,555.4,555.4,555.4,,
1c1g,server,postgres,tuned,l,ladder,survive,after_tests,still_running,bool,1,1.0,1.0,1.0,1.0,,
1c1g,server,postgres,tuned,l,ladder,survive,after_tests,vm_oom_kills,count,1,0.0,0.0,0.0,0.0,,
1c1g,host,opengauss,default,none,ladder,fresh_install,ready,available,bool,1,1.0,1.0,1.0,1.0,,
1c1g,host,opengauss,default,none,ladder,fresh_install,ready,time_to_ready_ms,ms,1,6085.26,6085.26,6085.26,6085.26,,
1c1g,server,opengauss,default,none,ladder,fresh_install,ready,idle_mem_mb,MB,1,591.6,591.6,591.6,591.6,,
1c1g,host,opengauss,default,l,ladder,start,ready,available,bool,1,0.0,0.0,0.0,0.0,,
1c1g,server,opengauss,default,l,ladder,start,ready,failure_log,text,1,0.0,0.0,0.0,0.0,,
1c1g,server,opengauss,default,l,ladder,start,ready,vm_oom_kills,count,1,0.0,0.0,0.0,0.0,,
1c1g,host,opengauss,tuned,l,ladder,start,ready,available,bool,1,1.0,1.0,1.0,1.0,,
1c1g,host,opengauss,tuned,l,ladder,start,ready,time_to_ready_ms,ms,1,819.277,819.277,819.277,819.277,,
1c1g,server,opengauss,tuned,l,ladder,start,ready,idle_mem_mb,MB,1,513.7,513.7,513.7,513.7,,
1c1g,server,opengauss,tuned,l,ladder,start,ready,vm_available_idle_mb,MB,1,279.3,279.3,279.3,279.3,,
1c1g,host,opengauss,tuned,l,ladder,mixed,c16,throughput_ops,ops/s,1,16.7,16.7,16.7,16.7,,
1c1g,host,opengauss,tuned,l,ladder,mixed,c16,p50_ms,ms,1,880.119,880.119,880.119,880.119,,
1c1g,host,opengauss,tuned,l,ladder,mixed,c16,p95_ms,ms,1,1863.97,1863.97,1863.97,1863.97,,
1c1g,host,opengauss,tuned,l,ladder,mixed,c16,p99_ms,ms,1,2226.27,2226.27,2226.27,2226.27,,
1c1g,host,opengauss,tuned,l,ladder,mixed,c16,max_ms,ms,1,2400.25,2400.25,2400.25,2400.25,,
1c1g,host,opengauss,tuned,l,ladder,mixed,c16,errors,count,1,0.0,0.0,0.0,0.0,,
1c1g,host,opengauss,tuned,l,ladder,mixed,c16,error_rate_pct,%,1,0.0,0.0,0.0,0.0,,
1c1g,host,opengauss,tuned,l,ladder,mixed,c16,connect_failures,count,1,0.0,0.0,0.0,0.0,,
1c1g,server,opengauss,tuned,l,ladder,mixed,c16,server_cpu_cores,cores,1,0.662,0.662,0.662,0.662,,
1c1g,server,opengauss,tuned,l,ladder,mixed,c16,server_mem_mb,MB,1,692.3,692.3,692.3,692.3,,
1c1g,server,opengauss,tuned,l,ladder,mixed,c16,vm_available_mb,MB,1,85.0,85.0,85.0,85.0,,
1c1g,host,opengauss,tuned,l,ladder_heavy,sort_all_titles,single,completed,bool,1,1.0,1.0,1.0,1.0,,
1c1g,host,opengauss,tuned,l,ladder_heavy,sort_all_titles,single,latency_ms,ms,1,7262.45,7262.45,7262.45,7262.45,,
1c1g,host,opengauss,tuned,l,ladder_heavy,join_aggregate,single,completed,bool,1,1.0,1.0,1.0,1.0,,
1c1g,host,opengauss,tuned,l,ladder_heavy,join_aggregate,single,latency_ms,ms,1,2686.16,2686.16,2686.16,2686.16,,
1c1g,server,opengauss,tuned,l,ladder,survive,after_tests,server_mem_peak_mb,MB,1,762.4,762.4,762.4,762.4,,
1c1g,server,opengauss,tuned,l,ladder,survive,after_tests,still_running,bool,1,1.0,1.0,1.0,1.0,,
1c1g,server,opengauss,tuned,l,ladder,survive,after_tests,vm_oom_kills,count,1,0.0,0.0,0.0,0.0,,
1c512m,server,none,none,none,ladder,machine,no_database,vm_total_mb,MB,1,454.6,454.6,454.6,454.6,,
1c512m,server,none,none,none,ladder,machine,no_database,vm_available_mb,MB,1,290.7,290.7,290.7,290.7,,
1c512m,host,postgres,default,none,ladder,fresh_install,ready,available,bool,1,1.0,1.0,1.0,1.0,,
1c512m,host,postgres,default,none,ladder,fresh_install,ready,time_to_ready_ms,ms,1,1139.35,1139.35,1139.35,1139.35,,
1c512m,server,postgres,default,none,ladder,fresh_install,ready,idle_mem_mb,MB,1,115.2,115.2,115.2,115.2,,
1c512m,host,postgres,default,l,ladder,start,ready,available,bool,1,1.0,1.0,1.0,1.0,,
1c512m,host,postgres,default,l,ladder,start,ready,time_to_ready_ms,ms,1,100.354,100.354,100.354,100.354,,
1c512m,server,postgres,default,l,ladder,start,ready,idle_mem_mb,MB,1,27.6,27.6,27.6,27.6,,
1c512m,server,postgres,default,l,ladder,start,ready,vm_available_idle_mb,MB,1,259.6,259.6,259.6,259.6,,
1c512m,host,postgres,default,l,ladder,mixed,c16,throughput_ops,ops/s,1,21583.7,21583.7,21583.7,21583.7,,
1c512m,host,postgres,default,l,ladder,mixed,c16,p50_ms,ms,1,0.633,0.633,0.633,0.633,,
1c512m,host,postgres,default,l,ladder,mixed,c16,p95_ms,ms,1,1.324,1.324,1.324,1.324,,
1c512m,host,postgres,default,l,ladder,mixed,c16,p99_ms,ms,1,2.734,2.734,2.734,2.734,,
1c512m,host,postgres,default,l,ladder,mixed,c16,max_ms,ms,1,19.843,19.843,19.843,19.843,,
1c512m,host,postgres,default,l,ladder,mixed,c16,errors,count,1,0.0,0.0,0.0,0.0,,
1c512m,host,postgres,default,l,ladder,mixed,c16,error_rate_pct,%,1,0.0,0.0,0.0,0.0,,
1c512m,host,postgres,default,l,ladder,mixed,c16,connect_failures,count,1,0.0,0.0,0.0,0.0,,
1c512m,server,postgres,default,l,ladder,mixed,c16,server_cpu_cores,cores,1,0.863,0.863,0.863,0.863,,
1c512m,server,postgres,default,l,ladder,mixed,c16,server_mem_mb,MB,1,202.7,202.7,202.7,202.7,,
1c512m,server,postgres,default,l,ladder,mixed,c16,vm_available_mb,MB,1,131.6,131.6,131.6,131.6,,
1c512m,host,postgres,default,l,ladder_heavy,sort_all_titles,single,completed,bool,1,1.0,1.0,1.0,1.0,,
1c512m,host,postgres,default,l,ladder_heavy,sort_all_titles,single,latency_ms,ms,1,3811.71,3811.71,3811.71,3811.71,,
1c512m,host,postgres,default,l,ladder_heavy,join_aggregate,single,completed,bool,1,1.0,1.0,1.0,1.0,,
1c512m,host,postgres,default,l,ladder_heavy,join_aggregate,single,latency_ms,ms,1,2840.86,2840.86,2840.86,2840.86,,
1c512m,server,postgres,default,l,ladder,survive,after_tests,server_mem_peak_mb,MB,1,256.6,256.6,256.6,256.6,,
1c512m,server,postgres,default,l,ladder,survive,after_tests,still_running,bool,1,1.0,1.0,1.0,1.0,,
1c512m,server,postgres,default,l,ladder,survive,after_tests,vm_oom_kills,count,1,0.0,0.0,0.0,0.0,,
1c512m,host,postgres,tuned,l,ladder,start,ready,available,bool,1,1.0,1.0,1.0,1.0,,
1c512m,host,postgres,tuned,l,ladder,start,ready,time_to_ready_ms,ms,1,98.8532,98.8532,98.8532,98.8532,,
1c512m,server,postgres,tuned,l,ladder,start,ready,idle_mem_mb,MB,1,39.6,39.6,39.6,39.6,,
1c512m,server,postgres,tuned,l,ladder,start,ready,vm_available_idle_mb,MB,1,218.1,218.1,218.1,218.1,,
1c512m,host,postgres,tuned,l,ladder,mixed,c16,throughput_ops,ops/s,1,21790.0,21790.0,21790.0,21790.0,,
1c512m,host,postgres,tuned,l,ladder,mixed,c16,p50_ms,ms,1,0.632,0.632,0.632,0.632,,
1c512m,host,postgres,tuned,l,ladder,mixed,c16,p95_ms,ms,1,1.296,1.296,1.296,1.296,,
1c512m,host,postgres,tuned,l,ladder,mixed,c16,p99_ms,ms,1,2.469,2.469,2.469,2.469,,
1c512m,host,postgres,tuned,l,ladder,mixed,c16,max_ms,ms,1,14.779,14.779,14.779,14.779,,
1c512m,host,postgres,tuned,l,ladder,mixed,c16,errors,count,1,0.0,0.0,0.0,0.0,,
1c512m,host,postgres,tuned,l,ladder,mixed,c16,error_rate_pct,%,1,0.0,0.0,0.0,0.0,,
1c512m,host,postgres,tuned,l,ladder,mixed,c16,connect_failures,count,1,0.0,0.0,0.0,0.0,,
1c512m,server,postgres,tuned,l,ladder,mixed,c16,server_cpu_cores,cores,1,0.947,0.947,0.947,0.947,,
1c512m,server,postgres,tuned,l,ladder,mixed,c16,server_mem_mb,MB,1,193.7,193.7,193.7,193.7,,
1c512m,server,postgres,tuned,l,ladder,mixed,c16,vm_available_mb,MB,1,164.1,164.1,164.1,164.1,,
1c512m,host,postgres,tuned,l,ladder_heavy,sort_all_titles,single,completed,bool,1,1.0,1.0,1.0,1.0,,
1c512m,host,postgres,tuned,l,ladder_heavy,sort_all_titles,single,latency_ms,ms,1,3865.9,3865.9,3865.9,3865.9,,
1c512m,host,postgres,tuned,l,ladder_heavy,join_aggregate,single,completed,bool,1,1.0,1.0,1.0,1.0,,
1c512m,host,postgres,tuned,l,ladder_heavy,join_aggregate,single,latency_ms,ms,1,2793.2,2793.2,2793.2,2793.2,,
1c512m,server,postgres,tuned,l,ladder,survive,after_tests,server_mem_peak_mb,MB,1,245.0,245.0,245.0,245.0,,
1c512m,server,postgres,tuned,l,ladder,survive,after_tests,still_running,bool,1,1.0,1.0,1.0,1.0,,
1c512m,server,postgres,tuned,l,ladder,survive,after_tests,vm_oom_kills,count,1,0.0,0.0,0.0,0.0,,
1c512m,host,opengauss,default,none,ladder,fresh_install,ready,available,bool,1,0.0,0.0,0.0,0.0,,
1c512m,server,opengauss,default,none,ladder,fresh_install,ready,failure_log,text,1,0.0,0.0,0.0,0.0,,
1c512m,host,opengauss,default,l,ladder,start,ready,available,bool,1,0.0,0.0,0.0,0.0,,
1c512m,server,opengauss,default,l,ladder,start,ready,failure_log,text,1,0.0,0.0,0.0,0.0,,
1c512m,server,opengauss,default,l,ladder,start,ready,vm_oom_kills,count,1,0.0,0.0,0.0,0.0,,
1c512m,host,opengauss,tuned,l,ladder,start,ready,available,bool,1,0.0,0.0,0.0,0.0,,
1c512m,server,opengauss,tuned,l,ladder,start,ready,failure_log,text,1,0.0,0.0,0.0,0.0,,
1c512m,server,opengauss,tuned,l,ladder,start,ready,vm_oom_kills,count,1,0.0,0.0,0.0,0.0,,
2c2g,server,none,none,none,ladder,machine,no_database,vm_total_mb,MB,1,1959.6,1959.6,1959.6,1959.6,,
2c2g,server,none,none,none,ladder,machine,no_database,vm_available_mb,MB,1,1693.1,1693.1,1693.1,1693.1,,
2c2g,host,postgres,default,none,ladder,fresh_install,ready,available,bool,1,1.0,1.0,1.0,1.0,,
2c2g,host,postgres,default,none,ladder,fresh_install,ready,time_to_ready_ms,ms,1,1126.7,1126.7,1126.7,1126.7,,
2c2g,server,postgres,default,none,ladder,fresh_install,ready,idle_mem_mb,MB,1,114.4,114.4,114.4,114.4,,
2c2g,host,postgres,default,l,ladder,start,ready,available,bool,1,1.0,1.0,1.0,1.0,,
2c2g,host,postgres,default,l,ladder,start,ready,time_to_ready_ms,ms,1,97.4584,97.4584,97.4584,97.4584,,
2c2g,server,postgres,default,l,ladder,start,ready,idle_mem_mb,MB,1,28.5,28.5,28.5,28.5,,
2c2g,server,postgres,default,l,ladder,start,ready,vm_available_idle_mb,MB,1,1656.2,1656.2,1656.2,1656.2,,
2c2g,host,postgres,default,l,ladder,mixed,c16,throughput_ops,ops/s,1,47258.3,47258.3,47258.3,47258.3,,
2c2g,host,postgres,default,l,ladder,mixed,c16,p50_ms,ms,1,0.229,0.229,0.229,0.229,,
2c2g,host,postgres,default,l,ladder,mixed,c16,p95_ms,ms,1,0.895,0.895,0.895,0.895,,
2c2g,host,postgres,default,l,ladder,mixed,c16,p99_ms,ms,1,1.207,1.207,1.207,1.207,,
2c2g,host,postgres,default,l,ladder,mixed,c16,max_ms,ms,1,8.99,8.99,8.99,8.99,,
2c2g,host,postgres,default,l,ladder,mixed,c16,errors,count,1,0.0,0.0,0.0,0.0,,
2c2g,host,postgres,default,l,ladder,mixed,c16,error_rate_pct,%,1,0.0,0.0,0.0,0.0,,
2c2g,host,postgres,default,l,ladder,mixed,c16,connect_failures,count,1,0.0,0.0,0.0,0.0,,
2c2g,server,postgres,default,l,ladder,mixed,c16,server_cpu_cores,cores,1,1.698,1.698,1.698,1.698,,
2c2g,server,postgres,default,l,ladder,mixed,c16,server_mem_mb,MB,1,1154.8,1154.8,1154.8,1154.8,,
2c2g,server,postgres,default,l,ladder,mixed,c16,vm_available_mb,MB,1,1547.1,1547.1,1547.1,1547.1,,
2c2g,host,postgres,default,l,ladder_heavy,sort_all_titles,single,completed,bool,1,1.0,1.0,1.0,1.0,,
2c2g,host,postgres,default,l,ladder_heavy,sort_all_titles,single,latency_ms,ms,1,3382.15,3382.15,3382.15,3382.15,,
2c2g,host,postgres,default,l,ladder_heavy,join_aggregate,single,completed,bool,1,1.0,1.0,1.0,1.0,,
2c2g,host,postgres,default,l,ladder_heavy,join_aggregate,single,latency_ms,ms,1,1308.53,1308.53,1308.53,1308.53,,
2c2g,server,postgres,default,l,ladder,survive,after_tests,server_mem_peak_mb,MB,1,1215.6,1215.6,1215.6,1215.6,,
2c2g,server,postgres,default,l,ladder,survive,after_tests,still_running,bool,1,1.0,1.0,1.0,1.0,,
2c2g,server,postgres,default,l,ladder,survive,after_tests,vm_oom_kills,count,1,0.0,0.0,0.0,0.0,,
2c2g,host,postgres,tuned,l,ladder,start,ready,available,bool,1,1.0,1.0,1.0,1.0,,
2c2g,host,postgres,tuned,l,ladder,start,ready,time_to_ready_ms,ms,1,97.3391,97.3391,97.3391,97.3391,,
2c2g,server,postgres,tuned,l,ladder,start,ready,idle_mem_mb,MB,1,44.5,44.5,44.5,44.5,,
2c2g,server,postgres,tuned,l,ladder,start,ready,vm_available_idle_mb,MB,1,1655.8,1655.8,1655.8,1655.8,,
2c2g,host,postgres,tuned,l,ladder,mixed,c16,throughput_ops,ops/s,1,45389.0,45389.0,45389.0,45389.0,,
2c2g,host,postgres,tuned,l,ladder,mixed,c16,p50_ms,ms,1,0.245,0.245,0.245,0.245,,
2c2g,host,postgres,tuned,l,ladder,mixed,c16,p95_ms,ms,1,0.893,0.893,0.893,0.893,,
2c2g,host,postgres,tuned,l,ladder,mixed,c16,p99_ms,ms,1,1.21,1.21,1.21,1.21,,
2c2g,host,postgres,tuned,l,ladder,mixed,c16,max_ms,ms,1,13.824,13.824,13.824,13.824,,
2c2g,host,postgres,tuned,l,ladder,mixed,c16,errors,count,1,0.0,0.0,0.0,0.0,,
2c2g,host,postgres,tuned,l,ladder,mixed,c16,error_rate_pct,%,1,0.0,0.0,0.0,0.0,,
2c2g,host,postgres,tuned,l,ladder,mixed,c16,connect_failures,count,1,0.0,0.0,0.0,0.0,,
2c2g,server,postgres,tuned,l,ladder,mixed,c16,server_cpu_cores,cores,1,1.705,1.705,1.705,1.705,,
2c2g,server,postgres,tuned,l,ladder,mixed,c16,server_mem_mb,MB,1,668.4,668.4,668.4,668.4,,
2c2g,server,postgres,tuned,l,ladder,mixed,c16,vm_available_mb,MB,1,1126.5,1126.5,1126.5,1126.5,,
2c2g,host,postgres,tuned,l,ladder_heavy,sort_all_titles,single,completed,bool,1,1.0,1.0,1.0,1.0,,
2c2g,host,postgres,tuned,l,ladder_heavy,sort_all_titles,single,latency_ms,ms,1,3469.4,3469.4,3469.4,3469.4,,
2c2g,host,postgres,tuned,l,ladder_heavy,join_aggregate,single,completed,bool,1,1.0,1.0,1.0,1.0,,
2c2g,host,postgres,tuned,l,ladder_heavy,join_aggregate,single,latency_ms,ms,1,1525.48,1525.48,1525.48,1525.48,,
2c2g,server,postgres,tuned,l,ladder,survive,after_tests,server_mem_peak_mb,MB,1,1321.7,1321.7,1321.7,1321.7,,
2c2g,server,postgres,tuned,l,ladder,survive,after_tests,still_running,bool,1,1.0,1.0,1.0,1.0,,
2c2g,server,postgres,tuned,l,ladder,survive,after_tests,vm_oom_kills,count,1,0.0,0.0,0.0,0.0,,
2c2g,host,opengauss,default,none,ladder,fresh_install,ready,available,bool,1,1.0,1.0,1.0,1.0,,
2c2g,host,opengauss,default,none,ladder,fresh_install,ready,time_to_ready_ms,ms,1,6442.22,6442.22,6442.22,6442.22,,
2c2g,server,opengauss,default,none,ladder,fresh_install,ready,idle_mem_mb,MB,1,701.4,701.4,701.4,701.4,,
2c2g,host,opengauss,default,l,ladder,start,ready,available,bool,1,0.0,0.0,0.0,0.0,,
2c2g,server,opengauss,default,l,ladder,start,ready,failure_log,text,1,0.0,0.0,0.0,0.0,,
2c2g,server,opengauss,default,l,ladder,start,ready,vm_oom_kills,count,1,0.0,0.0,0.0,0.0,,
2c2g,host,opengauss,tuned,l,ladder,start,ready,available,bool,1,1.0,1.0,1.0,1.0,,
2c2g,host,opengauss,tuned,l,ladder,start,ready,time_to_ready_ms,ms,1,1387.99,1387.99,1387.99,1387.99,,
2c2g,server,opengauss,tuned,l,ladder,start,ready,idle_mem_mb,MB,1,689.8,689.8,689.8,689.8,,
2c2g,server,opengauss,tuned,l,ladder,start,ready,vm_available_idle_mb,MB,1,1239.6,1239.6,1239.6,1239.6,,
2c2g,host,opengauss,tuned,l,ladder,mixed,c16,throughput_ops,ops/s,1,28897.1,28897.1,28897.1,28897.1,,
2c2g,host,opengauss,tuned,l,ladder,mixed,c16,p50_ms,ms,1,0.367,0.367,0.367,0.367,,
2c2g,host,opengauss,tuned,l,ladder,mixed,c16,p95_ms,ms,1,1.77,1.77,1.77,1.77,,
2c2g,host,opengauss,tuned,l,ladder,mixed,c16,p99_ms,ms,1,2.99,2.99,2.99,2.99,,
2c2g,host,opengauss,tuned,l,ladder,mixed,c16,max_ms,ms,1,102.207,102.207,102.207,102.207,,
2c2g,host,opengauss,tuned,l,ladder,mixed,c16,errors,count,1,0.0,0.0,0.0,0.0,,
2c2g,host,opengauss,tuned,l,ladder,mixed,c16,error_rate_pct,%,1,0.0,0.0,0.0,0.0,,
2c2g,host,opengauss,tuned,l,ladder,mixed,c16,connect_failures,count,1,0.0,0.0,0.0,0.0,,
2c2g,server,opengauss,tuned,l,ladder,mixed,c16,server_cpu_cores,cores,1,1.591,1.591,1.591,1.591,,
2c2g,server,opengauss,tuned,l,ladder,mixed,c16,server_mem_mb,MB,1,1311.8,1311.8,1311.8,1311.8,,
2c2g,server,opengauss,tuned,l,ladder,mixed,c16,vm_available_mb,MB,1,709.0,709.0,709.0,709.0,,
2c2g,host,opengauss,tuned,l,ladder_heavy,sort_all_titles,single,completed,bool,1,1.0,1.0,1.0,1.0,,
2c2g,host,opengauss,tuned,l,ladder_heavy,sort_all_titles,single,latency_ms,ms,1,6103.2,6103.2,6103.2,6103.2,,
2c2g,host,opengauss,tuned,l,ladder_heavy,join_aggregate,single,completed,bool,1,1.0,1.0,1.0,1.0,,
2c2g,host,opengauss,tuned,l,ladder_heavy,join_aggregate,single,latency_ms,ms,1,2896.85,2896.85,2896.85,2896.85,,
2c2g,server,opengauss,tuned,l,ladder,survive,after_tests,server_mem_peak_mb,MB,1,1514.2,1514.2,1514.2,1514.2,,
2c2g,server,opengauss,tuned,l,ladder,survive,after_tests,still_running,bool,1,1.0,1.0,1.0,1.0,,
2c2g,server,opengauss,tuned,l,ladder,survive,after_tests,vm_oom_kills,count,1,0.0,0.0,0.0,0.0,,
2c2g,host,postgres,tuned,m,lost_update,counter,atomic,expected,count,3,8000.0,8000.0,8000.0,8000.0,0.0,0.0
2c2g,host,postgres,tuned,m,lost_update,counter,atomic,actual,count,3,8000.0,8000.0,8000.0,8000.0,0.0,0.0
2c2g,host,postgres,tuned,m,lost_update,counter,atomic,lost,count,3,0.0,0.0,0.0,0.0,0.0,
2c2g,host,postgres,tuned,m,lost_update,counter,atomic,retries,count,3,0.0,0.0,0.0,0.0,0.0,
2c2g,host,postgres,tuned,m,lost_update,counter,atomic,failures,count,3,0.0,0.0,0.0,0.0,0.0,
2c2g,host,postgres,tuned,m,lost_update,counter,atomic,throughput_ops,ops/s,3,10500.7,10013.5,10691.7,10401.966666666667,349.7141880641013,3.3620006607478192
2c2g,host,postgres,tuned,m,lost_update,counter,naive,expected,count,3,8000.0,8000.0,8000.0,8000.0,0.0,0.0
2c2g,host,postgres,tuned,m,lost_update,counter,naive,actual,count,3,1080.0,1064.0,1087.0,1077.0,11.789826122551595,1.0946913762814852
2c2g,host,postgres,tuned,m,lost_update,counter,naive,lost,count,3,6920.0,6913.0,6936.0,6923.0,11.789826122551595,0.17029938065219696
2c2g,host,postgres,tuned,m,lost_update,counter,naive,retries,count,3,0.0,0.0,0.0,0.0,0.0,
2c2g,host,postgres,tuned,m,lost_update,counter,naive,failures,count,3,0.0,0.0,0.0,0.0,0.0,
2c2g,host,postgres,tuned,m,lost_update,counter,naive,throughput_ops,ops/s,3,6379.93,6110.39,6483.14,6324.486666666667,192.46067918755108,3.0431035644666458
2c2g,host,postgres,tuned,m,lost_update,counter,forupdate,expected,count,3,8000.0,8000.0,8000.0,8000.0,0.0,0.0
2c2g,host,postgres,tuned,m,lost_update,counter,forupdate,actual,count,3,8000.0,8000.0,8000.0,8000.0,0.0,0.0
2c2g,host,postgres,tuned,m,lost_update,counter,forupdate,lost,count,3,0.0,0.0,0.0,0.0,0.0,
2c2g,host,postgres,tuned,m,lost_update,counter,forupdate,retries,count,3,0.0,0.0,0.0,0.0,0.0,
2c2g,host,postgres,tuned,m,lost_update,counter,forupdate,failures,count,3,0.0,0.0,0.0,0.0,0.0,
2c2g,host,postgres,tuned,m,lost_update,counter,forupdate,throughput_ops,ops/s,3,4977.38,4744.09,5031.63,4917.7,152.77790972519512,3.1066943840656225
2c2g,host,postgres,tuned,m,lost_update,counter,repeatable,expected,count,3,8000.0,8000.0,8000.0,8000.0,0.0,0.0
2c2g,host,postgres,tuned,m,lost_update,counter,repeatable,actual,count,3,8000.0,8000.0,8000.0,8000.0,0.0,0.0
2c2g,host,postgres,tuned,m,lost_update,counter,repeatable,lost,count,3,0.0,0.0,0.0,0.0,0.0,
2c2g,host,postgres,tuned,m,lost_update,counter,repeatable,retries,count,3,26506.0,25938.0,27919.0,26787.666666666668,1020.0942766888423,3.8080743999931896
2c2g,host,postgres,tuned,m,lost_update,counter,repeatable,failures,count,3,0.0,0.0,0.0,0.0,0.0,
2c2g,host,postgres,tuned,m,lost_update,counter,repeatable,throughput_ops,ops/s,3,2568.61,2441.53,2578.32,2529.486666666667,76.32727188451922,3.01750046325022
2c2g,host,postgres,tuned,m,unique_race,signup,t16,rounds,count,1,300.0,300.0,300.0,300.0,,
2c2g,host,postgres,tuned,m,unique_race,signup,t16,accepted,count,1,300.0,300.0,300.0,300.0,,
2c2g,host,postgres,tuned,m,unique_race,signup,t16,rejected_duplicate,count,1,4500.0,4500.0,4500.0,4500.0,,
2c2g,host,postgres,tuned,m,unique_race,signup,t16,other_errors,count,1,0.0,0.0,0.0,0.0,,
2c2g,host,postgres,tuned,m,unique_race,signup,t16,rows_in_table,rows,1,300.0,300.0,300.0,300.0,,
2c2g,host,postgres,tuned,m,errors,duplicate_key,message,raised,bool,1,1.0,1.0,1.0,1.0,,
2c2g,host,postgres,tuned,m,errors,not_null,message,raised,bool,1,1.0,1.0,1.0,1.0,,
2c2g,host,postgres,tuned,m,errors,foreign_key,message,raised,bool,1,1.0,1.0,1.0,1.0,,
2c2g,host,postgres,tuned,m,errors,check_constraint,message,raised,bool,1,1.0,1.0,1.0,1.0,,
2c2g,host,postgres,tuned,m,errors,value_too_long,message,raised,bool,1,1.0,1.0,1.0,1.0,,
2c2g,host,postgres,tuned,m,errors,bad_cast,message,raised,bool,1,1.0,1.0,1.0,1.0,,
2c2g,host,postgres,tuned,m,errors,division_by_zero,message,raised,bool,1,1.0,1.0,1.0,1.0,,
2c2g,host,postgres,tuned,m,errors,syntax_error,message,raised,bool,1,1.0,1.0,1.0,1.0,,
2c2g,host,postgres,tuned,m,errors,unknown_table,message,raised,bool,1,1.0,1.0,1.0,1.0,,
2c2g,host,postgres,tuned,m,errors,unknown_column,message,raised,bool,1,1.0,1.0,1.0,1.0,,
2c2g,host,postgres,tuned,m,conn_limit,open_until_refused,connections,accepted,count,1,100.0,100.0,100.0,100.0,,
2c2g,host,postgres,tuned,m,conn_limit,open_until_refused,connections,usable_afterwards,bool,1,1.0,1.0,1.0,1.0,,
2c2g,host,postgres,tuned,m,crash,write_load,recovery,available,bool,5,1.0,1.0,1.0,1.0,0.0,0.0
2c2g,host,postgres,tuned,m,crash,write_load,recovery,time_to_ready_ms,ms,5,361.905,353.018,426.029,381.5348,32.639068555949954,8.554676678496943
2c2g,host,postgres,tuned,m,crash,write_load,kill9,acknowledged_commits,count,5,122276.0,121823.0,122847.0,122360.4,466.3397902817237,0.3811198641731506
2c2g,host,postgres,tuned,m,crash,write_load,kill9,acknowledged_but_missing,count,5,0.0,0.0,0.0,0.0,0.0,
2c2g,host,postgres,tuned,m,crash,write_load,kill9,partial_transactions,count,5,0.0,0.0,0.0,0.0,0.0,
2c2g,host,postgres,tuned,m,crash,write_load,kill9,unbalanced_transactions,count,5,0.0,0.0,0.0,0.0,0.0,
2c2g,host,postgres,tuned,m,crash,write_load,kill9,committed_without_ack,count,5,2.0,0.0,5.0,2.0,1.8708286933869707,93.54143466934853
2c2g,host,postgres,tuned,m,crash,bulk_update,recovery,available,bool,3,1.0,1.0,1.0,1.0,0.0,0.0
2c2g,host,postgres,tuned,m,crash,bulk_update,recovery,time_to_ready_ms,ms,3,339.794,281.721,418.798,346.771,68.80432311272308,19.84142939078616
2c2g,server,postgres,tuned,m,crash,bulk_update,kill9,kill_landed,bool,3,1.0,1.0,1.0,1.0,0.0,0.0
2c2g,host,postgres,tuned,m,crash,bulk_update,kill9,rows_before,rows,3,1573840.0,1573840.0,1573840.0,1573840.0,0.0,0.0
2c2g,host,postgres,tuned,m,crash,bulk_update,kill9,rows_after,rows,3,1573840.0,1573840.0,1573840.0,1573840.0,0.0,0.0
2c2g,host,postgres,tuned,m,crash,bulk_update,kill9,rows_lost,rows,3,0.0,0.0,0.0,0.0,0.0,
2c2g,host,postgres,tuned,m,crash,bulk_update,kill9,rows_with_Ttt_before,rows,3,1.0,1.0,1.0,1.0,0.0,0.0
2c2g,host,postgres,tuned,m,crash,bulk_update,kill9,rows_with_Ttt_after,rows,3,1.0,1.0,1.0,1.0,0.0,0.0
2c2g,host,postgres,tuned,l,heavy,sort_all_titles,single,completed,bool,1,1.0,1.0,1.0,1.0,,
2c2g,host,postgres,tuned,l,heavy,sort_all_titles,single,latency_ms,ms,1,3288.4,3288.4,3288.4,3288.4,,
2c2g,host,postgres,tuned,l,heavy,join_aggregate,single,completed,bool,1,1.0,1.0,1.0,1.0,,
2c2g,host,postgres,tuned,l,heavy,join_aggregate,single,latency_ms,ms,1,1371.78,1371.78,1371.78,1371.78,,
2c2g,host,postgres,tuned,l,soak,mixed,c16,throughput_ops,ops/s,1,44345.1,44345.1,44345.1,44345.1,,
2c2g,host,postgres,tuned,l,soak,mixed,c16,p50_ms,ms,1,0.242,0.242,0.242,0.242,,
2c2g,host,postgres,tuned,l,soak,mixed,c16,p95_ms,ms,1,0.921,0.921,0.921,0.921,,
2c2g,host,postgres,tuned,l,soak,mixed,c16,p99_ms,ms,1,1.234,1.234,1.234,1.234,,
2c2g,host,postgres,tuned,l,soak,mixed,c16,max_ms,ms,1,29.701,29.701,29.701,29.701,,
2c2g,host,postgres,tuned,l,soak,mixed,c16,errors,count,1,0.0,0.0,0.0,0.0,,
2c2g,host,postgres,tuned,l,soak,mixed,c16,error_rate_pct,%,1,0.0,0.0,0.0,0.0,,
2c2g,host,postgres,tuned,l,soak,mixed,c16,connect_failures,count,1,0.0,0.0,0.0,0.0,,
2c2g,host,postgres,tuned,l,soak_series,mixed,c16,throughput_ops,ops/s,20,44257.25,43865.7,44880.0,44345.055,276.6195020620456,0.6237888352197232
2c2g,host,postgres,tuned,l,soak_series,mixed,c16,p95_ms,ms,20,0.9245000000000001,0.905,0.938,0.9213000000000001,0.009370165420097946,1.0170590925971936
2c2g,host,postgres,tuned,l,soak_series,mixed,c16,p99_ms,ms,20,1.239,1.205,1.266,1.2339,0.01796165506381799,1.4556815839061503
2c2g,server,postgres,tuned,l,soak,mixed,c16,server_cpu_cores,cores,1,1.654,1.654,1.654,1.654,,
2c2g,server,postgres,tuned,l,soak,mixed,c16,server_mem_peak_mb,MB,1,1220.9,1220.9,1220.9,1220.9,,
2c2g,server,postgres,tuned,l,soak,mixed,c16,server_mem_end_mb,MB,1,1137.4,1137.4,1137.4,1137.4,,
2c2g,server,postgres,tuned,l,soak,mixed,c16,vm_oom_kills,count,1,0.0,0.0,0.0,0.0,,
2c2g,host,opengauss,tuned,m,lost_update,counter,atomic,expected,count,3,8000.0,8000.0,8000.0,8000.0,0.0,0.0
2c2g,host,opengauss,tuned,m,lost_update,counter,atomic,actual,count,3,8000.0,8000.0,8000.0,8000.0,0.0,0.0
2c2g,host,opengauss,tuned,m,lost_update,counter,atomic,lost,count,3,0.0,0.0,0.0,0.0,0.0,
2c2g,host,opengauss,tuned,m,lost_update,counter,atomic,retries,count,3,0.0,0.0,0.0,0.0,0.0,
2c2g,host,opengauss,tuned,m,lost_update,counter,atomic,failures,count,3,0.0,0.0,0.0,0.0,0.0,
2c2g,host,opengauss,tuned,m,lost_update,counter,atomic,throughput_ops,ops/s,3,5373.96,4857.66,5643.31,5291.643333333333,399.2411624987255,7.544748150046497
2c2g,host,opengauss,tuned,m,lost_update,counter,naive,expected,count,3,8000.0,8000.0,8000.0,8000.0,0.0,0.0
2c2g,host,opengauss,tuned,m,lost_update,counter,naive,actual,count,3,1105.0,1101.0,1112.0,1106.0,5.5677643628300215,0.5034144993517198
2c2g,host,opengauss,tuned,m,lost_update,counter,naive,lost,count,3,6895.0,6888.0,6899.0,6894.0,5.5677643628300215,0.08076246537322342
2c2g,host,opengauss,tuned,m,lost_update,counter,naive,retries,count,3,0.0,0.0,0.0,0.0,0.0,
2c2g,host,opengauss,tuned,m,lost_update,counter,naive,failures,count,3,0.0,0.0,0.0,0.0,0.0,
2c2g,host,opengauss,tuned,m,lost_update,counter,naive,throughput_ops,ops/s,3,3123.3,3050.73,3346.39,3173.4733333333334,154.08352096617375,4.855358932678613
2c2g,host,opengauss,tuned,m,lost_update,counter,forupdate,expected,count,3,8000.0,8000.0,8000.0,8000.0,0.0,0.0
2c2g,host,opengauss,tuned,m,lost_update,counter,forupdate,actual,count,3,8000.0,8000.0,8000.0,8000.0,0.0,0.0
2c2g,host,opengauss,tuned,m,lost_update,counter,forupdate,lost,count,3,0.0,0.0,0.0,0.0,0.0,
2c2g,host,opengauss,tuned,m,lost_update,counter,forupdate,retries,count,3,0.0,0.0,0.0,0.0,0.0,
2c2g,host,opengauss,tuned,m,lost_update,counter,forupdate,failures,count,3,0.0,0.0,0.0,0.0,0.0,
2c2g,host,opengauss,tuned,m,lost_update,counter,forupdate,throughput_ops,ops/s,3,2215.45,2118.76,2251.01,2195.0733333333333,68.43918492598614,3.1178541457682267
2c2g,host,opengauss,tuned,m,lost_update,counter,repeatable,expected,count,3,8000.0,8000.0,8000.0,8000.0,0.0,0.0
2c2g,host,opengauss,tuned,m,lost_update,counter,repeatable,actual,count,3,8000.0,8000.0,8000.0,8000.0,0.0,0.0
2c2g,host,opengauss,tuned,m,lost_update,counter,repeatable,lost,count,3,0.0,0.0,0.0,0.0,0.0,
2c2g,host,opengauss,tuned,m,lost_update,counter,repeatable,retries,count,3,12824.0,12643.0,13003.0,12823.333333333334,180.0009259235442,1.4036984085537627
2c2g,host,opengauss,tuned,m,lost_update,counter,repeatable,failures,count,3,0.0,0.0,0.0,0.0,0.0,
2c2g,host,opengauss,tuned,m,lost_update,counter,repeatable,throughput_ops,ops/s,3,550.385,543.32,557.777,550.494,7.22911633603997,1.3132052912547585
2c2g,host,opengauss,tuned,m,unique_race,signup,t16,rounds,count,1,300.0,300.0,300.0,300.0,,
2c2g,host,opengauss,tuned,m,unique_race,signup,t16,accepted,count,1,300.0,300.0,300.0,300.0,,
2c2g,host,opengauss,tuned,m,unique_race,signup,t16,rejected_duplicate,count,1,4500.0,4500.0,4500.0,4500.0,,
2c2g,host,opengauss,tuned,m,unique_race,signup,t16,other_errors,count,1,0.0,0.0,0.0,0.0,,
2c2g,host,opengauss,tuned,m,unique_race,signup,t16,rows_in_table,rows,1,300.0,300.0,300.0,300.0,,
2c2g,host,opengauss,tuned,m,errors,duplicate_key,message,raised,bool,1,1.0,1.0,1.0,1.0,,
2c2g,host,opengauss,tuned,m,errors,not_null,message,raised,bool,1,1.0,1.0,1.0,1.0,,
2c2g,host,opengauss,tuned,m,errors,foreign_key,message,raised,bool,1,1.0,1.0,1.0,1.0,,
2c2g,host,opengauss,tuned,m,errors,check_constraint,message,raised,bool,1,1.0,1.0,1.0,1.0,,
2c2g,host,opengauss,tuned,m,errors,value_too_long,message,raised,bool,1,1.0,1.0,1.0,1.0,,
2c2g,host,opengauss,tuned,m,errors,bad_cast,message,raised,bool,1,1.0,1.0,1.0,1.0,,
2c2g,host,opengauss,tuned,m,errors,division_by_zero,message,raised,bool,1,1.0,1.0,1.0,1.0,,
2c2g,host,opengauss,tuned,m,errors,syntax_error,message,raised,bool,1,1.0,1.0,1.0,1.0,,
2c2g,host,opengauss,tuned,m,errors,unknown_table,message,raised,bool,1,1.0,1.0,1.0,1.0,,
2c2g,host,opengauss,tuned,m,errors,unknown_column,message,raised,bool,1,1.0,1.0,1.0,1.0,,
2c2g,host,opengauss,tuned,m,conn_limit,open_until_refused,connections,accepted,count,1,103.0,103.0,103.0,103.0,,
2c2g,host,opengauss,tuned,m,conn_limit,open_until_refused,connections,usable_afterwards,bool,1,1.0,1.0,1.0,1.0,,
2c2g,host,opengauss,tuned,m,crash,write_load,recovery,available,bool,5,1.0,1.0,1.0,1.0,0.0,0.0
2c2g,host,opengauss,tuned,m,crash,write_load,recovery,time_to_ready_ms,ms,5,1632.04,1586.45,1665.35,1629.2040000000002,36.02055635328237,2.210929776337547
2c2g,host,opengauss,tuned,m,crash,write_load,kill9,acknowledged_commits,count,5,47434.0,43409.0,49550.0,46760.6,2961.221167018769,6.332727054440639
2c2g,host,opengauss,tuned,m,crash,write_load,kill9,acknowledged_but_missing,count,5,0.0,0.0,0.0,0.0,0.0,
2c2g,host,opengauss,tuned,m,crash,write_load,kill9,partial_transactions,count,5,0.0,0.0,0.0,0.0,0.0,
2c2g,host,opengauss,tuned,m,crash,write_load,kill9,unbalanced_transactions,count,5,0.0,0.0,0.0,0.0,0.0,
2c2g,host,opengauss,tuned,m,crash,write_load,kill9,committed_without_ack,count,5,0.0,0.0,5.0,1.4,2.1908902300206643,156.4921592871903
2c2g,host,opengauss,tuned,m,crash,bulk_update,recovery,available,bool,3,1.0,1.0,1.0,1.0,0.0,0.0
2c2g,host,opengauss,tuned,m,crash,bulk_update,recovery,time_to_ready_ms,ms,3,1533.78,1443.35,1537.67,1504.9333333333334,53.368185591542556,3.546215929268797
2c2g,server,opengauss,tuned,m,crash,bulk_update,kill9,kill_landed,bool,3,1.0,1.0,1.0,1.0,0.0,0.0
2c2g,host,opengauss,tuned,m,crash,bulk_update,kill9,rows_before,rows,3,1573840.0,1573840.0,1573840.0,1573840.0,0.0,0.0
2c2g,host,opengauss,tuned,m,crash,bulk_update,kill9,rows_after,rows,3,1573840.0,1573840.0,1573840.0,1573840.0,0.0,0.0
2c2g,host,opengauss,tuned,m,crash,bulk_update,kill9,rows_lost,rows,3,0.0,0.0,0.0,0.0,0.0,
2c2g,host,opengauss,tuned,m,crash,bulk_update,kill9,rows_with_Ttt_before,rows,3,1.0,1.0,1.0,1.0,0.0,0.0
2c2g,host,opengauss,tuned,m,crash,bulk_update,kill9,rows_with_Ttt_after,rows,3,1.0,1.0,1.0,1.0,0.0,0.0
2c2g,host,opengauss,tuned,l,heavy,sort_all_titles,single,completed,bool,1,1.0,1.0,1.0,1.0,,
2c2g,host,opengauss,tuned,l,heavy,sort_all_titles,single,latency_ms,ms,1,5826.02,5826.02,5826.02,5826.02,,
2c2g,host,opengauss,tuned,l,heavy,join_aggregate,single,completed,bool,1,1.0,1.0,1.0,1.0,,
2c2g,host,opengauss,tuned,l,heavy,join_aggregate,single,latency_ms,ms,1,2634.82,2634.82,2634.82,2634.82,,
2c2g,host,opengauss,tuned,l,soak,mixed,c16,throughput_ops,ops/s,1,27431.2,27431.2,27431.2,27431.2,,
2c2g,host,opengauss,tuned,l,soak,mixed,c16,p50_ms,ms,1,0.365,0.365,0.365,0.365,,
2c2g,host,opengauss,tuned,l,soak,mixed,c16,p95_ms,ms,1,1.602,1.602,1.602,1.602,,
2c2g,host,opengauss,tuned,l,soak,mixed,c16,p99_ms,ms,1,3.28,3.28,3.28,3.28,,
2c2g,host,opengauss,tuned,l,soak,mixed,c16,max_ms,ms,1,1571.66,1571.66,1571.66,1571.66,,
2c2g,host,opengauss,tuned,l,soak,mixed,c16,errors,count,1,0.0,0.0,0.0,0.0,,
2c2g,host,opengauss,tuned,l,soak,mixed,c16,error_rate_pct,%,1,0.0,0.0,0.0,0.0,,
2c2g,host,opengauss,tuned,l,soak,mixed,c16,connect_failures,count,1,0.0,0.0,0.0,0.0,,
2c2g,host,opengauss,tuned,l,soak_series,mixed,c16,throughput_ops,ops/s,20,28546.3,22432.2,31381.1,27431.184999999998,2664.704545145871,9.714143027892785
2c2g,host,opengauss,tuned,l,soak_series,mixed,c16,p95_ms,ms,20,1.5955,1.212,2.171,1.6500499999999998,0.254912053977755,15.448747248735192
2c2g,host,opengauss,tuned,l,soak_series,mixed,c16,p99_ms,ms,20,3.0065,2.684,6.159,3.7052,1.0668560106070648,28.79347972058363
2c2g,server,opengauss,tuned,l,soak,mixed,c16,server_cpu_cores,cores,1,1.401,1.401,1.401,1.401,,
2c2g,server,opengauss,tuned,l,soak,mixed,c16,server_mem_peak_mb,MB,1,1654.6,1654.6,1654.6,1654.6,,
2c2g,server,opengauss,tuned,l,soak,mixed,c16,server_mem_end_mb,MB,1,1377.4,1377.4,1377.4,1377.4,,
2c2g,server,opengauss,tuned,l,soak,mixed,c16,vm_oom_kills,count,1,0.0,0.0,0.0,0.0,,
2c4g,server,none,none,none,ladder,machine,no_database,vm_total_mb,MB,1,3905.9,3905.9,3905.9,3905.9,,
2c4g,server,none,none,none,ladder,machine,no_database,vm_available_mb,MB,1,3552.5,3552.5,3552.5,3552.5,,
2c4g,host,postgres,default,none,ladder,fresh_install,ready,available,bool,1,1.0,1.0,1.0,1.0,,
2c4g,host,postgres,default,none,ladder,fresh_install,ready,time_to_ready_ms,ms,1,1128.63,1128.63,1128.63,1128.63,,
2c4g,server,postgres,default,none,ladder,fresh_install,ready,idle_mem_mb,MB,1,114.3,114.3,114.3,114.3,,
2c4g,host,postgres,default,l,ladder,start,ready,available,bool,1,1.0,1.0,1.0,1.0,,
2c4g,host,postgres,default,l,ladder,start,ready,time_to_ready_ms,ms,1,98.0916,98.0916,98.0916,98.0916,,
2c4g,server,postgres,default,l,ladder,start,ready,idle_mem_mb,MB,1,28.5,28.5,28.5,28.5,,
2c4g,server,postgres,default,l,ladder,start,ready,vm_available_idle_mb,MB,1,3535.0,3535.0,3535.0,3535.0,,
2c4g,host,postgres,default,l,ladder,mixed,c16,throughput_ops,ops/s,1,53897.5,53897.5,53897.5,53897.5,,
2c4g,host,postgres,default,l,ladder,mixed,c16,p50_ms,ms,1,0.229,0.229,0.229,0.229,,
2c4g,host,postgres,default,l,ladder,mixed,c16,p95_ms,ms,1,0.844,0.844,0.844,0.844,,
2c4g,host,postgres,default,l,ladder,mixed,c16,p99_ms,ms,1,1.197,1.197,1.197,1.197,,
2c4g,host,postgres,default,l,ladder,mixed,c16,max_ms,ms,1,12.227,12.227,12.227,12.227,,
2c4g,host,postgres,default,l,ladder,mixed,c16,errors,count,1,0.0,0.0,0.0,0.0,,
2c4g,host,postgres,default,l,ladder,mixed,c16,error_rate_pct,%,1,0.0,0.0,0.0,0.0,,
2c4g,host,postgres,default,l,ladder,mixed,c16,connect_failures,count,1,0.0,0.0,0.0,0.0,,
2c4g,server,postgres,default,l,ladder,mixed,c16,server_cpu_cores,cores,1,1.618,1.618,1.618,1.618,,
2c4g,server,postgres,default,l,ladder,mixed,c16,server_mem_mb,MB,1,2204.4,2204.4,2204.4,2204.4,,
2c4g,server,postgres,default,l,ladder,mixed,c16,vm_available_mb,MB,1,3407.0,3407.0,3407.0,3407.0,,
2c4g,host,postgres,default,l,ladder_heavy,sort_all_titles,single,completed,bool,1,1.0,1.0,1.0,1.0,,
2c4g,host,postgres,default,l,ladder_heavy,sort_all_titles,single,latency_ms,ms,1,3188.26,3188.26,3188.26,3188.26,,
2c4g,host,postgres,default,l,ladder_heavy,join_aggregate,single,completed,bool,1,1.0,1.0,1.0,1.0,,
2c4g,host,postgres,default,l,ladder_heavy,join_aggregate,single,latency_ms,ms,1,1023.89,1023.89,1023.89,1023.89,,
2c4g,server,postgres,default,l,ladder,survive,after_tests,server_mem_peak_mb,MB,1,2771.4,2771.4,2771.4,2771.4,,
2c4g,server,postgres,default,l,ladder,survive,after_tests,still_running,bool,1,1.0,1.0,1.0,1.0,,
2c4g,server,postgres,default,l,ladder,survive,after_tests,vm_oom_kills,count,1,0.0,0.0,0.0,0.0,,
2c4g,host,postgres,tuned,l,ladder,start,ready,available,bool,1,1.0,1.0,1.0,1.0,,
2c4g,host,postgres,tuned,l,ladder,start,ready,time_to_ready_ms,ms,1,96.8486,96.8486,96.8486,96.8486,,
2c4g,server,postgres,tuned,l,ladder,start,ready,idle_mem_mb,MB,1,57.9,57.9,57.9,57.9,,
2c4g,server,postgres,tuned,l,ladder,start,ready,vm_available_idle_mb,MB,1,3425.1,3425.1,3425.1,3425.1,,
2c4g,host,postgres,tuned,l,ladder,mixed,c16,throughput_ops,ops/s,1,55073.9,55073.9,55073.9,55073.9,,
2c4g,host,postgres,tuned,l,ladder,mixed,c16,p50_ms,ms,1,0.218,0.218,0.218,0.218,,
2c4g,host,postgres,tuned,l,ladder,mixed,c16,p95_ms,ms,1,0.823,0.823,0.823,0.823,,
2c4g,host,postgres,tuned,l,ladder,mixed,c16,p99_ms,ms,1,1.168,1.168,1.168,1.168,,
2c4g,host,postgres,tuned,l,ladder,mixed,c16,max_ms,ms,1,6.774,6.774,6.774,6.774,,
2c4g,host,postgres,tuned,l,ladder,mixed,c16,errors,count,1,0.0,0.0,0.0,0.0,,
2c4g,host,postgres,tuned,l,ladder,mixed,c16,error_rate_pct,%,1,0.0,0.0,0.0,0.0,,
2c4g,host,postgres,tuned,l,ladder,mixed,c16,connect_failures,count,1,0.0,0.0,0.0,0.0,,
2c4g,server,postgres,tuned,l,ladder,mixed,c16,server_cpu_cores,cores,1,1.625,1.625,1.625,1.625,,
2c4g,server,postgres,tuned,l,ladder,mixed,c16,server_mem_mb,MB,1,1965.9,1965.9,1965.9,1965.9,,
2c4g,server,postgres,tuned,l,ladder,mixed,c16,vm_available_mb,MB,1,2443.2,2443.2,2443.2,2443.2,,
2c4g,host,postgres,tuned,l,ladder_heavy,sort_all_titles,single,completed,bool,1,1.0,1.0,1.0,1.0,,
2c4g,host,postgres,tuned,l,ladder_heavy,sort_all_titles,single,latency_ms,ms,1,3185.81,3185.81,3185.81,3185.81,,
2c4g,host,postgres,tuned,l,ladder_heavy,join_aggregate,single,completed,bool,1,1.0,1.0,1.0,1.0,,
2c4g,host,postgres,tuned,l,ladder_heavy,join_aggregate,single,latency_ms,ms,1,1449.83,1449.83,1449.83,1449.83,,
2c4g,server,postgres,tuned,l,ladder,survive,after_tests,server_mem_peak_mb,MB,1,2574.2,2574.2,2574.2,2574.2,,
2c4g,server,postgres,tuned,l,ladder,survive,after_tests,still_running,bool,1,1.0,1.0,1.0,1.0,,
2c4g,server,postgres,tuned,l,ladder,survive,after_tests,vm_oom_kills,count,1,0.0,0.0,0.0,0.0,,
2c4g,host,opengauss,default,none,ladder,fresh_install,ready,available,bool,1,1.0,1.0,1.0,1.0,,
2c4g,host,opengauss,default,none,ladder,fresh_install,ready,time_to_ready_ms,ms,1,7210.94,7210.94,7210.94,7210.94,,
2c4g,server,opengauss,default,none,ladder,fresh_install,ready,idle_mem_mb,MB,1,793.5,793.5,793.5,793.5,,
2c4g,host,opengauss,default,l,ladder,start,ready,available,bool,1,1.0,1.0,1.0,1.0,,
2c4g,host,opengauss,default,l,ladder,start,ready,time_to_ready_ms,ms,1,1013.57,1013.57,1013.57,1013.57,,
2c4g,server,opengauss,default,l,ladder,start,ready,idle_mem_mb,MB,1,752.2,752.2,752.2,752.2,,
2c4g,server,opengauss,default,l,ladder,start,ready,vm_available_idle_mb,MB,1,2977.5,2977.5,2977.5,2977.5,,
2c4g,host,opengauss,default,l,ladder,mixed,c16,throughput_ops,ops/s,1,43636.6,43636.6,43636.6,43636.6,,
2c4g,host,opengauss,default,l,ladder,mixed,c16,p50_ms,ms,1,0.256,0.256,0.256,0.256,,
2c4g,host,opengauss,default,l,ladder,mixed,c16,p95_ms,ms,1,0.916,0.916,0.916,0.916,,
2c4g,host,opengauss,default,l,ladder,mixed,c16,p99_ms,ms,1,1.382,1.382,1.382,1.382,,
2c4g,host,opengauss,default,l,ladder,mixed,c16,max_ms,ms,1,15.143,15.143,15.143,15.143,,
2c4g,host,opengauss,default,l,ladder,mixed,c16,errors,count,1,0.0,0.0,0.0,0.0,,
2c4g,host,opengauss,default,l,ladder,mixed,c16,error_rate_pct,%,1,0.0,0.0,0.0,0.0,,
2c4g,host,opengauss,default,l,ladder,mixed,c16,connect_failures,count,1,0.0,0.0,0.0,0.0,,
2c4g,server,opengauss,default,l,ladder,mixed,c16,server_cpu_cores,cores,1,1.893,1.893,1.893,1.893,,
2c4g,server,opengauss,default,l,ladder,mixed,c16,server_mem_mb,MB,1,2341.3,2341.3,2341.3,2341.3,,
2c4g,server,opengauss,default,l,ladder,mixed,c16,vm_available_mb,MB,1,1977.8,1977.8,1977.8,1977.8,,
2c4g,host,opengauss,default,l,ladder_heavy,sort_all_titles,single,completed,bool,1,1.0,1.0,1.0,1.0,,
2c4g,host,opengauss,default,l,ladder_heavy,sort_all_titles,single,latency_ms,ms,1,6566.98,6566.98,6566.98,6566.98,,
2c4g,host,opengauss,default,l,ladder_heavy,join_aggregate,single,completed,bool,1,1.0,1.0,1.0,1.0,,
2c4g,host,opengauss,default,l,ladder_heavy,join_aggregate,single,latency_ms,ms,1,3586.0,3586.0,3586.0,3586.0,,
2c4g,server,opengauss,default,l,ladder,survive,after_tests,server_mem_peak_mb,MB,1,2483.6,2483.6,2483.6,2483.6,,
2c4g,server,opengauss,default,l,ladder,survive,after_tests,still_running,bool,1,1.0,1.0,1.0,1.0,,
2c4g,server,opengauss,default,l,ladder,survive,after_tests,vm_oom_kills,count,1,0.0,0.0,0.0,0.0,,
2c4g,host,opengauss,tuned,l,ladder,start,ready,available,bool,1,1.0,1.0,1.0,1.0,,
2c4g,host,opengauss,tuned,l,ladder,start,ready,time_to_ready_ms,ms,1,1262.45,1262.45,1262.45,1262.45,,
2c4g,server,opengauss,tuned,l,ladder,start,ready,idle_mem_mb,MB,1,649.9,649.9,649.9,649.9,,
2c4g,server,opengauss,tuned,l,ladder,start,ready,vm_available_idle_mb,MB,1,3026.0,3026.0,3026.0,3026.0,,
2c4g,host,opengauss,tuned,l,ladder,mixed,c16,throughput_ops,ops/s,1,43737.4,43737.4,43737.4,43737.4,,
2c4g,host,opengauss,tuned,l,ladder,mixed,c16,p50_ms,ms,1,0.252,0.252,0.252,0.252,,
2c4g,host,opengauss,tuned,l,ladder,mixed,c16,p95_ms,ms,1,0.924,0.924,0.924,0.924,,
2c4g,host,opengauss,tuned,l,ladder,mixed,c16,p99_ms,ms,1,1.406,1.406,1.406,1.406,,
2c4g,host,opengauss,tuned,l,ladder,mixed,c16,max_ms,ms,1,16.854,16.854,16.854,16.854,,
2c4g,host,opengauss,tuned,l,ladder,mixed,c16,errors,count,1,0.0,0.0,0.0,0.0,,
2c4g,host,opengauss,tuned,l,ladder,mixed,c16,error_rate_pct,%,1,0.0,0.0,0.0,0.0,,
2c4g,host,opengauss,tuned,l,ladder,mixed,c16,connect_failures,count,1,0.0,0.0,0.0,0.0,,
2c4g,server,opengauss,tuned,l,ladder,mixed,c16,server_cpu_cores,cores,1,1.875,1.875,1.875,1.875,,
2c4g,server,opengauss,tuned,l,ladder,mixed,c16,server_mem_mb,MB,1,2314.0,2314.0,2314.0,2314.0,,
2c4g,server,opengauss,tuned,l,ladder,mixed,c16,vm_available_mb,MB,1,1973.0,1973.0,1973.0,1973.0,,
2c4g,host,opengauss,tuned,l,ladder_heavy,sort_all_titles,single,completed,bool,1,1.0,1.0,1.0,1.0,,
2c4g,host,opengauss,tuned,l,ladder_heavy,sort_all_titles,single,latency_ms,ms,1,6243.72,6243.72,6243.72,6243.72,,
2c4g,host,opengauss,tuned,l,ladder_heavy,join_aggregate,single,completed,bool,1,1.0,1.0,1.0,1.0,,
2c4g,host,opengauss,tuned,l,ladder_heavy,join_aggregate,single,latency_ms,ms,1,3078.51,3078.51,3078.51,3078.51,,
2c4g,server,opengauss,tuned,l,ladder,survive,after_tests,server_mem_peak_mb,MB,1,2448.0,2448.0,2448.0,2448.0,,
2c4g,server,opengauss,tuned,l,ladder,survive,after_tests,still_running,bool,1,1.0,1.0,1.0,1.0,,
2c4g,server,opengauss,tuned,l,ladder,survive,after_tests,vm_oom_kills,count,1,0.0,0.0,0.0,0.0,,
4c8g,server,none,none,none,ladder,machine,no_database,vm_total_mb,MB,1,7923.5,7923.5,7923.5,7923.5,,
4c8g,server,none,none,none,ladder,machine,no_database,vm_available_mb,MB,1,7524.8,7524.8,7524.8,7524.8,,
4c8g,host,postgres,default,none,ladder,fresh_install,ready,available,bool,1,1.0,1.0,1.0,1.0,,
4c8g,host,postgres,default,none,ladder,fresh_install,ready,time_to_ready_ms,ms,1,1128.66,1128.66,1128.66,1128.66,,
4c8g,server,postgres,default,none,ladder,fresh_install,ready,idle_mem_mb,MB,1,114.4,114.4,114.4,114.4,,
4c8g,host,postgres,default,l,ladder,start,ready,available,bool,1,1.0,1.0,1.0,1.0,,
4c8g,host,postgres,default,l,ladder,start,ready,time_to_ready_ms,ms,1,98.3388,98.3388,98.3388,98.3388,,
4c8g,server,postgres,default,l,ladder,start,ready,idle_mem_mb,MB,1,28.6,28.6,28.6,28.6,,
4c8g,server,postgres,default,l,ladder,start,ready,vm_available_idle_mb,MB,1,7462.9,7462.9,7462.9,7462.9,,
4c8g,host,postgres,default,l,ladder,mixed,c16,throughput_ops,ops/s,1,78405.1,78405.1,78405.1,78405.1,,
4c8g,host,postgres,default,l,ladder,mixed,c16,p50_ms,ms,1,0.12,0.12,0.12,0.12,,
4c8g,host,postgres,default,l,ladder,mixed,c16,p95_ms,ms,1,0.553,0.553,0.553,0.553,,
4c8g,host,postgres,default,l,ladder,mixed,c16,p99_ms,ms,1,0.844,0.844,0.844,0.844,,
4c8g,host,postgres,default,l,ladder,mixed,c16,max_ms,ms,1,10.045,10.045,10.045,10.045,,
4c8g,host,postgres,default,l,ladder,mixed,c16,errors,count,1,0.0,0.0,0.0,0.0,,
4c8g,host,postgres,default,l,ladder,mixed,c16,error_rate_pct,%,1,0.0,0.0,0.0,0.0,,
4c8g,host,postgres,default,l,ladder,mixed,c16,connect_failures,count,1,0.0,0.0,0.0,0.0,,
4c8g,server,postgres,default,l,ladder,mixed,c16,server_cpu_cores,cores,1,2.657,2.657,2.657,2.657,,
4c8g,server,postgres,default,l,ladder,mixed,c16,server_mem_mb,MB,1,2233.5,2233.5,2233.5,2233.5,,
4c8g,server,postgres,default,l,ladder,mixed,c16,vm_available_mb,MB,1,7374.2,7374.2,7374.2,7374.2,,
4c8g,host,postgres,default,l,ladder_heavy,sort_all_titles,single,completed,bool,1,1.0,1.0,1.0,1.0,,
4c8g,host,postgres,default,l,ladder_heavy,sort_all_titles,single,latency_ms,ms,1,3211.23,3211.23,3211.23,3211.23,,
4c8g,host,postgres,default,l,ladder_heavy,join_aggregate,single,completed,bool,1,1.0,1.0,1.0,1.0,,
4c8g,host,postgres,default,l,ladder_heavy,join_aggregate,single,latency_ms,ms,1,651.675,651.675,651.675,651.675,,
4c8g,server,postgres,default,l,ladder,survive,after_tests,server_mem_peak_mb,MB,1,2800.8,2800.8,2800.8,2800.8,,
4c8g,server,postgres,default,l,ladder,survive,after_tests,still_running,bool,1,1.0,1.0,1.0,1.0,,
4c8g,server,postgres,default,l,ladder,survive,after_tests,vm_oom_kills,count,1,0.0,0.0,0.0,0.0,,
4c8g,host,postgres,tuned,l,ladder,start,ready,available,bool,1,1.0,1.0,1.0,1.0,,
4c8g,host,postgres,tuned,l,ladder,start,ready,time_to_ready_ms,ms,1,99.8885,99.8885,99.8885,99.8885,,
4c8g,server,postgres,tuned,l,ladder,start,ready,idle_mem_mb,MB,1,79.1,79.1,79.1,79.1,,
4c8g,server,postgres,tuned,l,ladder,start,ready,vm_available_idle_mb,MB,1,7364.5,7364.5,7364.5,7364.5,,
4c8g,host,postgres,tuned,l,ladder,mixed,c16,throughput_ops,ops/s,1,83500.9,83500.9,83500.9,83500.9,,
4c8g,host,postgres,tuned,l,ladder,mixed,c16,p50_ms,ms,1,0.118,0.118,0.118,0.118,,
4c8g,host,postgres,tuned,l,ladder,mixed,c16,p95_ms,ms,1,0.509,0.509,0.509,0.509,,
4c8g,host,postgres,tuned,l,ladder,mixed,c16,p99_ms,ms,1,0.735,0.735,0.735,0.735,,
4c8g,host,postgres,tuned,l,ladder,mixed,c16,max_ms,ms,1,5.512,5.512,5.512,5.512,,
4c8g,host,postgres,tuned,l,ladder,mixed,c16,errors,count,1,0.0,0.0,0.0,0.0,,
4c8g,host,postgres,tuned,l,ladder,mixed,c16,error_rate_pct,%,1,0.0,0.0,0.0,0.0,,
4c8g,host,postgres,tuned,l,ladder,mixed,c16,connect_failures,count,1,0.0,0.0,0.0,0.0,,
4c8g,server,postgres,tuned,l,ladder,mixed,c16,server_cpu_cores,cores,1,2.572,2.572,2.572,2.572,,
4c8g,server,postgres,tuned,l,ladder,mixed,c16,server_mem_mb,MB,1,2047.4,2047.4,2047.4,2047.4,,
4c8g,server,postgres,tuned,l,ladder,mixed,c16,vm_available_mb,MB,1,5639.4,5639.4,5639.4,5639.4,,
4c8g,host,postgres,tuned,l,ladder_heavy,sort_all_titles,single,completed,bool,1,1.0,1.0,1.0,1.0,,
4c8g,host,postgres,tuned,l,ladder_heavy,sort_all_titles,single,latency_ms,ms,1,2999.71,2999.71,2999.71,2999.71,,
4c8g,host,postgres,tuned,l,ladder_heavy,join_aggregate,single,completed,bool,1,1.0,1.0,1.0,1.0,,
4c8g,host,postgres,tuned,l,ladder_heavy,join_aggregate,single,latency_ms,ms,1,822.214,822.214,822.214,822.214,,
4c8g,server,postgres,tuned,l,ladder,survive,after_tests,server_mem_peak_mb,MB,1,2676.0,2676.0,2676.0,2676.0,,
4c8g,server,postgres,tuned,l,ladder,survive,after_tests,still_running,bool,1,1.0,1.0,1.0,1.0,,
4c8g,server,postgres,tuned,l,ladder,survive,after_tests,vm_oom_kills,count,1,0.0,0.0,0.0,0.0,,
4c8g,host,opengauss,default,none,ladder,fresh_install,ready,available,bool,1,1.0,1.0,1.0,1.0,,
4c8g,host,opengauss,default,none,ladder,fresh_install,ready,time_to_ready_ms,ms,1,7449.75,7449.75,7449.75,7449.75,,
4c8g,server,opengauss,default,none,ladder,fresh_install,ready,idle_mem_mb,MB,1,795.2,795.2,795.2,795.2,,
4c8g,host,opengauss,default,l,ladder,start,ready,available,bool,1,1.0,1.0,1.0,1.0,,
4c8g,host,opengauss,default,l,ladder,start,ready,time_to_ready_ms,ms,1,1524.62,1524.62,1524.62,1524.62,,
4c8g,server,opengauss,default,l,ladder,start,ready,idle_mem_mb,MB,1,779.8,779.8,779.8,779.8,,
4c8g,server,opengauss,default,l,ladder,start,ready,vm_available_idle_mb,MB,1,6972.0,6972.0,6972.0,6972.0,,
4c8g,host,opengauss,default,l,ladder,mixed,c16,throughput_ops,ops/s,1,59025.6,59025.6,59025.6,59025.6,,
4c8g,host,opengauss,default,l,ladder,mixed,c16,p50_ms,ms,1,0.142,0.142,0.142,0.142,,
4c8g,host,opengauss,default,l,ladder,mixed,c16,p95_ms,ms,1,0.732,0.732,0.732,0.732,,
4c8g,host,opengauss,default,l,ladder,mixed,c16,p99_ms,ms,1,1.448,1.448,1.448,1.448,,
4c8g,host,opengauss,default,l,ladder,mixed,c16,max_ms,ms,1,102.151,102.151,102.151,102.151,,
4c8g,host,opengauss,default,l,ladder,mixed,c16,errors,count,1,0.0,0.0,0.0,0.0,,
4c8g,host,opengauss,default,l,ladder,mixed,c16,error_rate_pct,%,1,0.0,0.0,0.0,0.0,,
4c8g,host,opengauss,default,l,ladder,mixed,c16,connect_failures,count,1,0.0,0.0,0.0,0.0,,
4c8g,server,opengauss,default,l,ladder,mixed,c16,server_cpu_cores,cores,1,2.774,2.774,2.774,2.774,,
4c8g,server,opengauss,default,l,ladder,mixed,c16,server_mem_mb,MB,1,3694.4,3694.4,3694.4,3694.4,,
4c8g,server,opengauss,default,l,ladder,mixed,c16,vm_available_mb,MB,1,5822.6,5822.6,5822.6,5822.6,,
4c8g,host,opengauss,default,l,ladder_heavy,sort_all_titles,single,completed,bool,1,1.0,1.0,1.0,1.0,,
4c8g,host,opengauss,default,l,ladder_heavy,sort_all_titles,single,latency_ms,ms,1,5987.52,5987.52,5987.52,5987.52,,
4c8g,host,opengauss,default,l,ladder_heavy,join_aggregate,single,completed,bool,1,1.0,1.0,1.0,1.0,,
4c8g,host,opengauss,default,l,ladder_heavy,join_aggregate,single,latency_ms,ms,1,2637.18,2637.18,2637.18,2637.18,,
4c8g,server,opengauss,default,l,ladder,survive,after_tests,server_mem_peak_mb,MB,1,4167.3,4167.3,4167.3,4167.3,,
4c8g,server,opengauss,default,l,ladder,survive,after_tests,still_running,bool,1,1.0,1.0,1.0,1.0,,
4c8g,server,opengauss,default,l,ladder,survive,after_tests,vm_oom_kills,count,1,0.0,0.0,0.0,0.0,,
4c8g,host,opengauss,tuned,l,ladder,start,ready,available,bool,1,1.0,1.0,1.0,1.0,,
4c8g,host,opengauss,tuned,l,ladder,start,ready,time_to_ready_ms,ms,1,1127.24,1127.24,1127.24,1127.24,,
4c8g,server,opengauss,tuned,l,ladder,start,ready,idle_mem_mb,MB,1,606.4,606.4,606.4,606.4,,
4c8g,server,opengauss,tuned,l,ladder,start,ready,vm_available_idle_mb,MB,1,6911.5,6911.5,6911.5,6911.5,,
4c8g,host,opengauss,tuned,l,ladder,mixed,c16,throughput_ops,ops/s,1,70033.5,70033.5,70033.5,70033.5,,
4c8g,host,opengauss,tuned,l,ladder,mixed,c16,p50_ms,ms,1,0.133,0.133,0.133,0.133,,
4c8g,host,opengauss,tuned,l,ladder,mixed,c16,p95_ms,ms,1,0.628,0.628,0.628,0.628,,
4c8g,host,opengauss,tuned,l,ladder,mixed,c16,p99_ms,ms,1,0.873,0.873,0.873,0.873,,
4c8g,host,opengauss,tuned,l,ladder,mixed,c16,max_ms,ms,1,18.663,18.663,18.663,18.663,,
4c8g,host,opengauss,tuned,l,ladder,mixed,c16,errors,count,1,0.0,0.0,0.0,0.0,,
4c8g,host,opengauss,tuned,l,ladder,mixed,c16,error_rate_pct,%,1,0.0,0.0,0.0,0.0,,
4c8g,host,opengauss,tuned,l,ladder,mixed,c16,connect_failures,count,1,0.0,0.0,0.0,0.0,,
4c8g,server,opengauss,tuned,l,ladder,mixed,c16,server_cpu_cores,cores,1,2.917,2.917,2.917,2.917,,
4c8g,server,opengauss,tuned,l,ladder,mixed,c16,server_mem_mb,MB,1,2656.9,2656.9,2656.9,2656.9,,
4c8g,server,opengauss,tuned,l,ladder,mixed,c16,vm_available_mb,MB,1,5019.1,5019.1,5019.1,5019.1,,
4c8g,host,opengauss,tuned,l,ladder_heavy,sort_all_titles,single,completed,bool,1,1.0,1.0,1.0,1.0,,
4c8g,host,opengauss,tuned,l,ladder_heavy,sort_all_titles,single,latency_ms,ms,1,5186.96,5186.96,5186.96,5186.96,,
4c8g,host,opengauss,tuned,l,ladder_heavy,join_aggregate,single,completed,bool,1,1.0,1.0,1.0,1.0,,
4c8g,host,opengauss,tuned,l,ladder_heavy,join_aggregate,single,latency_ms,ms,1,2171.98,2171.98,2171.98,2171.98,,
4c8g,server,opengauss,tuned,l,ladder,survive,after_tests,server_mem_peak_mb,MB,1,3122.1,3122.1,3122.1,3122.1,,
4c8g,server,opengauss,tuned,l,ladder,survive,after_tests,still_running,bool,1,1.0,1.0,1.0,1.0,,
4c8g,server,opengauss,tuned,l,ladder,survive,after_tests,vm_oom_kills,count,1,0.0,0.0,0.0,0.0,,
4c8g,host,postgres,tuned,l,load,read,c1,throughput_ops,ops/s,3,16020.6,15307.3,16164.9,15830.933333333334,459.18353991986066,2.9005462296591946
4c8g,host,postgres,tuned,l,load,read,c1,p50_ms,ms,3,0.062,0.061,0.064,0.06233333333333333,0.001527525231651948,2.4505752379443013
4c8g,host,postgres,tuned,l,load,read,c1,p95_ms,ms,3,0.072,0.072,0.074,0.07266666666666666,0.0011547005383792516,1.589037438136585
4c8g,host,postgres,tuned,l,load,read,c1,p99_ms,ms,3,0.077,0.077,0.08,0.078,0.0017320508075688787,2.2205779584216394
4c8g,host,postgres,tuned,l,load,read,c1,max_ms,ms,3,21.601,4.344,31.113,19.019333333333332,13.56995181764966,71.34819911835147
4c8g,host,postgres,tuned,l,load,read,c1,errors,count,3,0.0,0.0,0.0,0.0,0.0,
4c8g,host,postgres,tuned,l,load,read,c1,error_rate_pct,%,3,0.0,0.0,0.0,0.0,0.0,
4c8g,host,postgres,tuned,l,load,read,c1,connect_failures,count,3,0.0,0.0,0.0,0.0,0.0,
4c8g,server,postgres,tuned,l,load,read,c1,server_cpu_cores,cores,3,0.354,0.354,0.368,0.3586666666666667,0.008082903768654764,2.2535977050152685
4c8g,server,postgres,tuned,l,load,read,c1,server_mem_mb,MB,3,2178.7,1870.2,2274.9,2107.9333333333334,211.42720575492018,10.030070800227087
4c8g,server,postgres,tuned,l,load,read,c1,host_load_before,load,3,7.71,3.27,8.03,6.336666666666666,2.6606264926391545,41.987793150539005
4c8g,host,postgres,tuned,l,load,read,c4,throughput_ops,ops/s,3,51953.5,51007.7,52292.2,51751.13333333333,665.732125808372,1.286410717849088
4c8g,host,postgres,tuned,l,load,read,c4,p50_ms,ms,3,0.075,0.075,0.077,0.07566666666666666,0.0011547005383792516,1.5260359538051784
4c8g,host,postgres,tuned,l,load,read,c4,p95_ms,ms,3,0.092,0.091,0.094,0.09233333333333334,0.0015275252316519483,1.6543594566627597
4c8g,host,postgres,tuned,l,load,read,c4,p99_ms,ms,3,0.106,0.105,0.11,0.107,0.002645751311064593,2.4726647766958814
4c8g,host,postgres,tuned,l,load,read,c4,max_ms,ms,3,2.538,1.506,3.018,2.3539999999999996,0.7726111570512035,32.82120463259149
4c8g,host,postgres,tuned,l,load,read,c4,errors,count,3,0.0,0.0,0.0,0.0,0.0,
4c8g,host,postgres,tuned,l,load,read,c4,error_rate_pct,%,3,0.0,0.0,0.0,0.0,0.0,
4c8g,host,postgres,tuned,l,load,read,c4,connect_failures,count,3,0.0,0.0,0.0,0.0,0.0,
4c8g,server,postgres,tuned,l,load,read,c4,server_cpu_cores,cores,3,1.094,1.091,1.115,1.0999999999999999,0.013076696830622027,1.188790620965639
4c8g,server,postgres,tuned,l,load,read,c4,server_mem_mb,MB,3,2178.6,1870.1,2275.0,2107.9,211.50619376273607,10.033976647978369
4c8g,server,postgres,tuned,l,load,read,c4,host_load_before,load,3,5.68,2.78,5.98,4.8133333333333335,1.7672954855748753,36.716665212774416
4c8g,host,postgres,tuned,l,load,read,c16,throughput_ops,ops/s,3,99419.8,98960.3,99485.8,99288.63333333335,286.25352981812125,0.2883044314419219
4c8g,host,postgres,tuned,l,load,read,c16,p50_ms,ms,3,0.136,0.135,0.136,0.13566666666666669,0.0005773502691896243,0.42556530898498096
4c8g,host,postgres,tuned,l,load,read,c16,p95_ms,ms,3,0.351,0.34,0.351,0.3473333333333333,0.006350852961085857,1.828460545418193
4c8g,host,postgres,tuned,l,load,read,c16,p99_ms,ms,3,0.582,0.563,0.585,0.5766666666666667,0.01193035344544882,2.0688474182859227
4c8g,host,postgres,tuned,l,load,read,c16,max_ms,ms,3,2.087,1.848,2.312,2.082333333333333,0.23203519847931114,11.143038185335898
4c8g,host,postgres,tuned,l,load,read,c16,errors,count,3,0.0,0.0,0.0,0.0,0.0,
4c8g,host,postgres,tuned,l,load,read,c16,error_rate_pct,%,3,0.0,0.0,0.0,0.0,0.0,
4c8g,host,postgres,tuned,l,load,read,c16,connect_failures,count,3,0.0,0.0,0.0,0.0,0.0,
4c8g,server,postgres,tuned,l,load,read,c16,server_cpu_cores,cores,3,2.659,2.654,2.676,2.663,0.011532562594670908,0.43306656382541897
4c8g,server,postgres,tuned,l,load,read,c16,server_mem_mb,MB,3,2178.7,1870.2,2275.0,2107.9666666666667,211.4666955653616,10.031785554738132
4c8g,server,postgres,tuned,l,load,read,c16,host_load_before,load,3,5.21,3.64,5.31,4.72,0.9366429415737888,19.844130118088746
4c8g,host,postgres,tuned,l,load,read,c64,throughput_ops,ops/s,3,120441.0,120372.0,121042.0,120618.33333333333,368.5245355920483,0.30552945427758216
4c8g,host,postgres,tuned,l,load,read,c64,p50_ms,ms,3,0.44,0.435,0.456,0.44366666666666665,0.010969655114602907,2.4724992745160574
4c8g,host,postgres,tuned,l,load,read,c64,p95_ms,ms,3,0.898,0.866,0.908,0.8906666666666667,0.021939310229205814,2.4632459089677186
4c8g,host,postgres,tuned,l,load,read,c64,p99_ms,ms,3,3.028,2.615,3.177,2.94,0.29115116348728526,9.903100798887255
4c8g,host,postgres,tuned,l,load,read,c64,max_ms,ms,3,17.329,12.918,17.811,16.019333333333332,2.6966242477092233,16.83356099531331
4c8g,host,postgres,tuned,l,load,read,c64,errors,count,3,0.0,0.0,0.0,0.0,0.0,
4c8g,host,postgres,tuned,l,load,read,c64,error_rate_pct,%,3,0.0,0.0,0.0,0.0,0.0,
4c8g,host,postgres,tuned,l,load,read,c64,connect_failures,count,3,0.0,0.0,0.0,0.0,0.0,
4c8g,server,postgres,tuned,l,load,read,c64,server_cpu_cores,cores,3,3.822,3.814,3.857,3.831,0.022869193252058585,0.5969510115389869
4c8g,server,postgres,tuned,l,load,read,c64,server_mem_mb,MB,3,2178.6,1870.2,2274.9,2107.9,211.41047750762027,10.029435813255859
4c8g,server,postgres,tuned,l,load,read,c64,host_load_before,load,3,5.88,4.61,6.74,5.743333333333333,1.071556500299136,18.657396987216533
4c8g,host,postgres,tuned,l,load,mixed,c1,throughput_ops,ops/s,3,15515.8,15469.1,15556.3,15513.733333333332,43.63672001116978,0.28127800751486715
4c8g,host,postgres,tuned,l,load,mixed,c1,p50_ms,ms,3,0.05,0.05,0.05,0.05000000000000001,0.0,0.0
4c8g,host,postgres,tuned,l,load,mixed,c1,p95_ms,ms,3,0.128,0.126,0.129,0.12766666666666668,0.0015275252316519518,1.1964949595185
4c8g,host,postgres,tuned,l,load,mixed,c1,p99_ms,ms,3,0.138,0.136,0.139,0.1376666666666667,0.0015275252316519518,1.1095824927253886
4c8g,host,postgres,tuned,l,load,mixed,c1,max_ms,ms,3,5.326,5.04,28.96,13.108666666666666,13.728402140574604,104.72767741881658
4c8g,host,postgres,tuned,l,load,mixed,c1,errors,count,3,0.0,0.0,0.0,0.0,0.0,
4c8g,host,postgres,tuned,l,load,mixed,c1,error_rate_pct,%,3,0.0,0.0,0.0,0.0,0.0,
4c8g,host,postgres,tuned,l,load,mixed,c1,connect_failures,count,3,0.0,0.0,0.0,0.0,0.0,
4c8g,server,postgres,tuned,l,load,mixed,c1,server_cpu_cores,cores,3,0.373,0.369,0.383,0.375,0.007211102550927985,1.9229606802474628
4c8g,server,postgres,tuned,l,load,mixed,c1,server_mem_mb,MB,3,2364.4,1907.6,2404.9,2225.633333333333,276.1683604856526,12.408529129640371
4c8g,server,postgres,tuned,l,load,mixed,c1,host_load_before,load,3,7.18,6.56,7.99,7.243333333333333,0.7171006437964852,9.900146946108862
4c8g,host,postgres,tuned,l,load,mixed,c4,throughput_ops,ops/s,3,42872.5,42384.6,43306.3,42854.46666666667,461.11454469939855,1.076001127924585
4c8g,host,postgres,tuned,l,load,mixed,c4,p50_ms,ms,3,0.067,0.067,0.067,0.067,0.0,0.0
4c8g,host,postgres,tuned,l,load,mixed,c4,p95_ms,ms,3,0.227,0.223,0.23,0.22666666666666668,0.0035118845842842528,1.5493608460077584
4c8g,host,postgres,tuned,l,load,mixed,c4,p99_ms,ms,3,0.274,0.268,0.277,0.273,0.004582575694955844,1.6785991556614814
4c8g,host,postgres,tuned,l,load,mixed,c4,max_ms,ms,3,7.368,5.035,27.232,13.211666666666668,12.197869991655647,92.32650428905498
4c8g,host,postgres,tuned,l,load,mixed,c4,errors,count,3,0.0,0.0,0.0,0.0,0.0,
4c8g,host,postgres,tuned,l,load,mixed,c4,error_rate_pct,%,3,0.0,0.0,0.0,0.0,0.0,
4c8g,host,postgres,tuned,l,load,mixed,c4,connect_failures,count,3,0.0,0.0,0.0,0.0,0.0,
4c8g,server,postgres,tuned,l,load,mixed,c4,server_cpu_cores,cores,3,1.151,1.151,1.164,1.1553333333333333,0.007505553499465078,0.6496439843737805
4c8g,server,postgres,tuned,l,load,mixed,c4,server_mem_mb,MB,3,2414.5,1908.7,2456.6,2259.9333333333334,304.9044823109909,13.491746761452736
4c8g,server,postgres,tuned,l,load,mixed,c4,host_load_before,load,3,5.56,4.96,5.76,5.426666666666667,0.41633319989322676,7.671987713020149
4c8g,host,postgres,tuned,l,load,mixed,c16,throughput_ops,ops/s,3,80555.7,78812.6,81612.6,80326.96666666667,1413.944554547084,1.7602364600851153
4c8g,host,postgres,tuned,l,load,mixed,c16,p50_ms,ms,3,0.12,0.119,0.121,0.12,0.0010000000000000009,0.8333333333333341
4c8g,host,postgres,tuned,l,load,mixed,c16,p95_ms,ms,3,0.537,0.525,0.56,0.5406666666666667,0.01778576209593876,3.2895984147852206
4c8g,host,postgres,tuned,l,load,mixed,c16,p99_ms,ms,3,0.792,0.756,0.844,0.7973333333333333,0.04424176006143217,5.548715726768249
4c8g,host,postgres,tuned,l,load,mixed,c16,max_ms,ms,3,5.872,3.827,6.074,5.257666666666666,1.2431035086964133,23.64363485759995
4c8g,host,postgres,tuned,l,load,mixed,c16,errors,count,3,0.0,0.0,0.0,0.0,0.0,
4c8g,host,postgres,tuned,l,load,mixed,c16,error_rate_pct,%,3,0.0,0.0,0.0,0.0,0.0,
4c8g,host,postgres,tuned,l,load,mixed,c16,connect_failures,count,3,0.0,0.0,0.0,0.0,0.0,
4c8g,server,postgres,tuned,l,load,mixed,c16,server_cpu_cores,cores,3,2.614,2.608,2.643,2.6216666666666666,0.01871719352182182,0.7139425373867191
4c8g,server,postgres,tuned,l,load,mixed,c16,server_mem_mb,MB,3,2473.2,1910.5,2550.1,2311.2666666666664,349.1974274437502,15.108487154680706
4c8g,server,postgres,tuned,l,load,mixed,c16,host_load_before,load,3,5.21,4.98,5.3,5.163333333333333,0.16502525059315373,3.196099107678897
4c8g,host,postgres,tuned,l,load,mixed,c64,throughput_ops,ops/s,3,96891.4,94537.7,97029.9,96153.0,1400.6038447755354,1.4566408170057465
4c8g,host,postgres,tuned,l,load,mixed,c64,p50_ms,ms,3,0.335,0.33,0.335,0.3333333333333333,0.0028867513459481273,0.8660254037844383
4c8g,host,postgres,tuned,l,load,mixed,c64,p95_ms,ms,3,2.208,2.169,2.256,2.211,0.04357751713900194,1.9709415259611913
4c8g,host,postgres,tuned,l,load,mixed,c64,p99_ms,ms,3,3.593,3.448,3.599,3.546666666666667,0.08550048732804602,2.410728026166711
4c8g,host,postgres,tuned,l,load,mixed,c64,max_ms,ms,3,17.448,16.034,30.33,21.270666666666667,7.877403717807875,37.03411764781487
4c8g,host,postgres,tuned,l,load,mixed,c64,errors,count,3,0.0,0.0,0.0,0.0,0.0,
4c8g,host,postgres,tuned,l,load,mixed,c64,error_rate_pct,%,3,0.0,0.0,0.0,0.0,0.0,
4c8g,host,postgres,tuned,l,load,mixed,c64,connect_failures,count,3,0.0,0.0,0.0,0.0,0.0,
4c8g,server,postgres,tuned,l,load,mixed,c64,server_cpu_cores,cores,3,3.715,3.66,3.72,3.6983333333333337,0.03329164059239693,0.9001795563514264
4c8g,server,postgres,tuned,l,load,mixed,c64,server_mem_mb,MB,3,2552.2,1915.0,2608.2,2358.4666666666667,385.0727377176075,16.327249528688448
4c8g,server,postgres,tuned,l,load,mixed,c64,host_load_before,load,3,6.34,6.0,7.26,6.533333333333334,0.6518691075157138,9.977588380342556
4c8g,host,opengauss,tuned,l,load,read,c1,throughput_ops,ops/s,3,14183.8,13895.0,14327.7,14135.5,220.35650659783138,1.5588872455720093
4c8g,host,opengauss,tuned,l,load,read,c1,p50_ms,ms,3,0.069,0.068,0.071,0.06933333333333334,0.0015275252316519425,2.203161391805686
4c8g,host,opengauss,tuned,l,load,read,c1,p95_ms,ms,3,0.08,0.08,0.082,0.08066666666666666,0.0011547005383792546,1.4314469484040349
4c8g,host,opengauss,tuned,l,load,read,c1,p99_ms,ms,3,0.086,0.086,0.088,0.08666666666666667,0.0011547005383792546,1.332346775052986
4c8g,host,opengauss,tuned,l,load,read,c1,max_ms,ms,3,16.342,15.453,17.406,16.400333333333332,0.9778058771214932,5.9621097769648586
4c8g,host,opengauss,tuned,l,load,read,c1,errors,count,3,0.0,0.0,0.0,0.0,0.0,
4c8g,host,opengauss,tuned,l,load,read,c1,error_rate_pct,%,3,0.0,0.0,0.0,0.0,0.0,
4c8g,host,opengauss,tuned,l,load,read,c1,connect_failures,count,3,0.0,0.0,0.0,0.0,0.0,
4c8g,server,opengauss,tuned,l,load,read,c1,server_cpu_cores,cores,3,0.454,0.45,0.454,0.4526666666666667,0.0023094010767585093,0.5101769683560772
4c8g,server,opengauss,tuned,l,load,read,c1,server_mem_mb,MB,3,2562.4,2444.1,2654.0,2553.5,105.23264702553107,4.121114040553399
4c8g,server,opengauss,tuned,l,load,read,c1,host_load_before,load,3,7.24,7.05,7.38,7.223333333333334,0.16563010998406497,2.292987217130572
4c8g,host,opengauss,tuned,l,load,read,c4,throughput_ops,ops/s,3,47616.2,47568.4,47781.4,47655.333333333336,111.76230730140695,0.23452213946268402
4c8g,host,opengauss,tuned,l,load,read,c4,p50_ms,ms,3,0.082,0.082,0.082,0.082,0.0,0.0
4c8g,host,opengauss,tuned,l,load,read,c4,p95_ms,ms,3,0.102,0.101,0.103,0.102,0.0009999999999999905,0.9803921568627358
4c8g,host,opengauss,tuned,l,load,read,c4,p99_ms,ms,3,0.116,0.115,0.118,0.11633333333333333,0.0015275252316519431,1.313058938382759
4c8g,host,opengauss,tuned,l,load,read,c4,max_ms,ms,3,2.693,2.47,3.436,2.8663333333333334,0.5057888228631919,17.645847989179856
4c8g,host,opengauss,tuned,l,load,read,c4,errors,count,3,0.0,0.0,0.0,0.0,0.0,
4c8g,host,opengauss,tuned,l,load,read,c4,error_rate_pct,%,3,0.0,0.0,0.0,0.0,0.0,
4c8g,host,opengauss,tuned,l,load,read,c4,connect_failures,count,3,0.0,0.0,0.0,0.0,0.0,
4c8g,server,opengauss,tuned,l,load,read,c4,server_cpu_cores,cores,3,1.414,1.406,1.421,1.4136666666666666,0.007505553499465196,0.5309280947511339
4c8g,server,opengauss,tuned,l,load,read,c4,server_mem_mb,MB,3,2578.2,2465.9,2675.1,2573.0666666666666,104.69442837769968,4.068857979234883
4c8g,server,opengauss,tuned,l,load,read,c4,host_load_before,load,3,5.43,5.01,5.57,5.336666666666666,0.2914332399252589,5.460960148505788
4c8g,host,opengauss,tuned,l,load,read,c16,throughput_ops,ops/s,3,90222.4,89694.3,90666.0,90194.23333333334,486.4619649400439,0.5393492986876588
4c8g,host,opengauss,tuned,l,load,read,c16,p50_ms,ms,3,0.144,0.143,0.144,0.14366666666666664,0.0005773502691896302,0.40186793679092603
4c8g,host,opengauss,tuned,l,load,read,c16,p95_ms,ms,3,0.427,0.419,0.432,0.426,0.006557438524302007,1.5393048179112694
4c8g,host,opengauss,tuned,l,load,read,c16,p99_ms,ms,3,0.694,0.671,0.701,0.6886666666666666,0.015695009822658052,2.2790430526608985
4c8g,host,opengauss,tuned,l,load,read,c16,max_ms,ms,3,2.943,2.504,4.068,3.1716666666666664,0.8066847794109748,25.43409709125512
4c8g,host,opengauss,tuned,l,load,read,c16,errors,count,3,0.0,0.0,0.0,0.0,0.0,
4c8g,host,opengauss,tuned,l,load,read,c16,error_rate_pct,%,3,0.0,0.0,0.0,0.0,0.0,
4c8g,host,opengauss,tuned,l,load,read,c16,connect_failures,count,3,0.0,0.0,0.0,0.0,0.0,
4c8g,server,opengauss,tuned,l,load,read,c16,server_cpu_cores,cores,3,3.093,3.091,3.093,3.092333333333334,0.0011547005383791243,0.03734075256157564
4c8g,server,opengauss,tuned,l,load,read,c16,server_mem_mb,MB,3,2578.9,2466.9,2676.5,2574.1,104.88241034606328,4.074527421081671
4c8g,server,opengauss,tuned,l,load,read,c16,host_load_before,load,3,4.98,4.78,5.05,4.9366666666666665,0.1401189970465579,2.8383321481409434
4c8g,host,opengauss,tuned,l,load,read,c64,throughput_ops,ops/s,3,105748.0,104942.0,106294.0,105661.33333333333,680.1539041520901,0.6437112638039366
4c8g,host,opengauss,tuned,l,load,read,c64,p50_ms,ms,3,0.441,0.44,0.445,0.442,0.002645751311064593,0.5985862694716274
4c8g,host,opengauss,tuned,l,load,read,c64,p95_ms,ms,3,1.058,1.049,1.059,1.0553333333333332,0.005507570547286102,0.5218797107346275
4c8g,host,opengauss,tuned,l,load,read,c64,p99_ms,ms,3,4.946,4.892,5.092,4.976666666666667,0.1034665807559777,2.079033772725607
4c8g,host,opengauss,tuned,l,load,read,c64,max_ms,ms,3,28.707,24.58,41.388,31.558333333333334,8.759268938292356,27.75580334288573
4c8g,host,opengauss,tuned,l,load,read,c64,errors,count,3,0.0,0.0,0.0,0.0,0.0,
4c8g,host,opengauss,tuned,l,load,read,c64,error_rate_pct,%,3,0.0,0.0,0.0,0.0,0.0,
4c8g,host,opengauss,tuned,l,load,read,c64,connect_failures,count,3,0.0,0.0,0.0,0.0,0.0,
4c8g,server,opengauss,tuned,l,load,read,c64,server_cpu_cores,cores,3,4.055,4.052,4.062,4.056333333333334,0.005131601439447675,0.12650837635255996
4c8g,server,opengauss,tuned,l,load,read,c64,server_mem_mb,MB,3,2584.2,2475.5,2663.6,2574.433333333333,94.42956810942911,3.6679748854542407
4c8g,server,opengauss,tuned,l,load,read,c64,host_load_before,load,3,6.1,6.08,6.73,6.303333333333334,0.3696394639825862,5.864190332880796
4c8g,host,opengauss,tuned,l,load,mixed,c1,throughput_ops,ops/s,3,6880.45,6852.7,6961.7,6898.283333333333,56.64601339311817,0.8211610143555257
4c8g,host,opengauss,tuned,l,load,mixed,c1,p50_ms,ms,3,0.103,0.102,0.103,0.10266666666666667,0.0005773502691896273,0.562354158301585
4c8g,host,opengauss,tuned,l,load,mixed,c1,p95_ms,ms,3,0.319,0.316,0.32,0.31833333333333336,0.002081665999466129,0.6539264919788887
4c8g,host,opengauss,tuned,l,load,mixed,c1,p99_ms,ms,3,0.331,0.329,0.338,0.33266666666666667,0.0047258156262526205,1.420585859594976
4c8g,host,opengauss,tuned,l,load,mixed,c1,max_ms,ms,3,10.531,7.535,14.05,10.705333333333334,3.260996831236322,30.461422635785794
4c8g,host,opengauss,tuned,l,load,mixed,c1,errors,count,3,0.0,0.0,0.0,0.0,0.0,
4c8g,host,opengauss,tuned,l,load,mixed,c1,error_rate_pct,%,3,0.0,0.0,0.0,0.0,0.0,
4c8g,host,opengauss,tuned,l,load,mixed,c1,connect_failures,count,3,0.0,0.0,0.0,0.0,0.0,
4c8g,server,opengauss,tuned,l,load,mixed,c1,server_cpu_cores,cores,3,0.396,0.391,0.398,0.395,0.0036055512754639926,0.9127977912567069
4c8g,server,opengauss,tuned,l,load,mixed,c1,server_mem_mb,MB,3,2598.1,2590.8,2707.0,2631.9666666666667,65.08320315821386,2.4727973945293327
4c8g,server,opengauss,tuned,l,load,mixed,c1,host_load_before,load,3,7.34,6.91,7.58,7.276666666666666,0.3394603560555096,4.665052992059225
4c8g,host,opengauss,tuned,l,load,mixed,c4,throughput_ops,ops/s,3,34320.4,34091.7,34330.4,34247.5,135.01936898090096,0.3942459127845856
4c8g,host,opengauss,tuned,l,load,mixed,c4,p50_ms,ms,3,0.073,0.073,0.073,0.073,0.0,0.0
4c8g,host,opengauss,tuned,l,load,mixed,c4,p95_ms,ms,3,0.314,0.313,0.315,0.314,0.0010000000000000009,0.3184713375796181
4c8g,host,opengauss,tuned,l,load,mixed,c4,p99_ms,ms,3,0.377,0.375,0.379,0.377,0.0020000000000000018,0.5305039787798413
4c8g,host,opengauss,tuned,l,load,mixed,c4,max_ms,ms,3,17.676,11.672,17.787,15.711666666666666,3.4988941586354576,22.269401667352017
4c8g,host,opengauss,tuned,l,load,mixed,c4,errors,count,3,0.0,0.0,0.0,0.0,0.0,
4c8g,host,opengauss,tuned,l,load,mixed,c4,error_rate_pct,%,3,0.0,0.0,0.0,0.0,0.0,
4c8g,host,opengauss,tuned,l,load,mixed,c4,connect_failures,count,3,0.0,0.0,0.0,0.0,0.0,
4c8g,server,opengauss,tuned,l,load,mixed,c4,server_cpu_cores,cores,3,1.47,1.463,1.475,1.4693333333333334,0.006027713773341707,0.41023460344884577
4c8g,server,opengauss,tuned,l,load,mixed,c4,server_mem_mb,MB,3,2707.1,2656.5,2838.5,2734.0333333333333,93.9417550045416,3.436013521093681
4c8g,server,opengauss,tuned,l,load,mixed,c4,host_load_before,load,3,5.42,5.15,5.55,5.373333333333334,0.2040424792373717,3.7973166111173393
4c8g,host,opengauss,tuned,l,load,mixed,c16,throughput_ops,ops/s,3,69302.0,57095.5,70420.4,65605.96666666666,7391.463779477873,11.266450530380428
4c8g,host,opengauss,tuned,l,load,mixed,c16,p50_ms,ms,3,0.133,0.131,0.133,0.13233333333333333,0.0011547005383792546,0.8725696763571194
4c8g,host,opengauss,tuned,l,load,mixed,c16,p95_ms,ms,3,0.643,0.637,0.802,0.694,0.09357884376289335,13.48398325113737
4c8g,host,opengauss,tuned,l,load,mixed,c16,p99_ms,ms,3,0.911,0.884,2.33,1.375,0.8271644334713625,60.157413343371815
4c8g,host,opengauss,tuned,l,load,mixed,c16,max_ms,ms,3,18.411,16.52,22.311,19.08066666666667,2.9530086917131366,15.476444001151968
4c8g,host,opengauss,tuned,l,load,mixed,c16,errors,count,3,0.0,0.0,0.0,0.0,0.0,
4c8g,host,opengauss,tuned,l,load,mixed,c16,error_rate_pct,%,3,0.0,0.0,0.0,0.0,0.0,
4c8g,host,opengauss,tuned,l,load,mixed,c16,connect_failures,count,3,0.0,0.0,0.0,0.0,0.0,
4c8g,server,opengauss,tuned,l,load,mixed,c16,server_cpu_cores,cores,3,2.921,2.545,2.954,2.8066666666666666,0.227209888282472,8.095364190586888
4c8g,server,opengauss,tuned,l,load,mixed,c16,server_mem_mb,MB,3,2870.9,2769.4,2959.9,2866.7333333333336,95.3183263246545,3.3249805699165544
4c8g,server,opengauss,tuned,l,load,mixed,c16,host_load_before,load,3,5.14,4.88,5.62,5.213333333333334,0.3754108860080291,7.200976074322808
4c8g,host,opengauss,tuned,l,load,mixed,c64,throughput_ops,ops/s,3,81834.3,80712.9,82309.2,81618.8,819.6789676452622,1.004277161199702
4c8g,host,opengauss,tuned,l,load,mixed,c64,p50_ms,ms,3,0.444,0.408,0.471,0.441,0.03160696125855821,7.167111396498462
4c8g,host,opengauss,tuned,l,load,mixed,c64,p95_ms,ms,3,2.564,2.391,2.678,2.5443333333333333,0.144507208586054,5.679570624369999
4c8g,host,opengauss,tuned,l,load,mixed,c64,p99_ms,ms,3,3.681,3.595,3.834,3.703333333333333,0.12105508388057615,3.268814146190175
4c8g,host,opengauss,tuned,l,load,mixed,c64,max_ms,ms,3,26.44,22.559,30.127,26.375333333333334,3.7844143976754614,14.348309270058369
4c8g,host,opengauss,tuned,l,load,mixed,c64,errors,count,3,0.0,0.0,0.0,0.0,0.0,
4c8g,host,opengauss,tuned,l,load,mixed,c64,error_rate_pct,%,3,0.0,0.0,0.0,0.0,0.0,
4c8g,host,opengauss,tuned,l,load,mixed,c64,connect_failures,count,3,0.0,0.0,0.0,0.0,0.0,
4c8g,server,opengauss,tuned,l,load,mixed,c64,server_cpu_cores,cores,3,3.803,3.755,3.813,3.7903333333333333,0.03100537587795607,0.8180118514982694
4c8g,server,opengauss,tuned,l,load,mixed,c64,server_mem_mb,MB,3,3091.0,2928.0,3108.7,3042.566666666667,99.61156224722771,3.273931951550589
4c8g,server,opengauss,tuned,l,load,mixed,c64,host_load_before,load,3,5.76,5.21,6.88,5.95,0.8510581648747638,14.30349856932376
4c8g,vm,file,na,all,prep,titles,raw,rows,rows,1,12842753.0,12842753.0,12842753.0,12842753.0,,
4c8g,vm,file,na,all,prep,titles,raw,malformed_rows,rows,1,0.0,0.0,0.0,0.0,,
4c8g,vm,file,na,all,prep,titles,s,rows,rows,1,127865.0,127865.0,127865.0,127865.0,,
4c8g,vm,file,na,all,prep,titles,s,file_bytes,bytes,1,10845462.0,10845462.0,10845462.0,10845462.0,,
4c8g,vm,file,na,all,prep,titles,m,rows,rows,1,1285110.0,1285110.0,1285110.0,1285110.0,,
4c8g,vm,file,na,all,prep,titles,m,file_bytes,bytes,1,108924855.0,108924855.0,108924855.0,108924855.0,,
4c8g,vm,file,na,all,prep,titles,l,rows,rows,1,12842753.0,12842753.0,12842753.0,12842753.0,,
4c8g,vm,file,na,all,prep,titles,l,file_bytes,bytes,1,1088366750.0,1088366750.0,1088366750.0,1088366750.0,,
4c8g,vm,file,na,all,prep,people,raw,rows,rows,1,15712491.0,15712491.0,15712491.0,15712491.0,,
4c8g,vm,file,na,all,prep,people,raw,malformed_rows,rows,1,0.0,0.0,0.0,0.0,,
4c8g,vm,file,na,all,prep,people,s,rows,rows,1,156787.0,156787.0,156787.0,156787.0,,
4c8g,vm,file,na,all,prep,people,s,file_bytes,bytes,1,9360798.0,9360798.0,9360798.0,9360798.0,,
4c8g,vm,file,na,all,prep,people,m,rows,rows,1,1573840.0,1573840.0,1573840.0,1573840.0,,
4c8g,vm,file,na,all,prep,people,m,file_bytes,bytes,1,94024145.0,94024145.0,94024145.0,94024145.0,,
4c8g,vm,file,na,all,prep,people,l,rows,rows,1,15712491.0,15712491.0,15712491.0,15712491.0,,
4c8g,vm,file,na,all,prep,people,l,file_bytes,bytes,1,938587560.0,938587560.0,938587560.0,938587560.0,,
4c8g,vm,file,na,all,prep,ratings,raw,rows,rows,1,1718051.0,1718051.0,1718051.0,1718051.0,,
4c8g,vm,file,na,all,prep,ratings,raw,malformed_rows,rows,1,0.0,0.0,0.0,0.0,,
4c8g,vm,file,na,all,prep,ratings,s,rows,rows,1,17065.0,17065.0,17065.0,17065.0,,
4c8g,vm,file,na,all,prep,ratings,s,file_bytes,bytes,1,258526.0,258526.0,258526.0,258526.0,,
4c8g,vm,file,na,all,prep,ratings,m,rows,rows,1,171407.0,171407.0,171407.0,171407.0,,
4c8g,vm,file,na,all,prep,ratings,m,file_bytes,bytes,1,2597028.0,2597028.0,2597028.0,2597028.0,,
4c8g,vm,file,na,all,prep,ratings,l,rows,rows,1,1718051.0,1718051.0,1718051.0,1718051.0,,
4c8g,vm,file,na,all,prep,ratings,l,file_bytes,bytes,1,26023145.0,26023145.0,26023145.0,26023145.0,,
4c8g,vm,file,na,all,prep,people,s,rows_with_T,rows,1,13090.0,13090.0,13090.0,13090.0,,
4c8g,vm,file,na,all,prep,people,m,rows_with_T,rows,1,130384.0,130384.0,130384.0,130384.0,,
4c8g,vm,file,na,all,prep,people,l,rows_with_T,rows,1,1305670.0,1305670.0,1305670.0,1305670.0,,
4c8g,vm,file,na,m,lost_update,counter,nolock,expected,count,3,16000.0,16000.0,16000.0,16000.0,0.0,0.0
4c8g,vm,file,na,m,lost_update,counter,nolock,actual,count,3,3401.0,2674.0,6566.0,4213.666666666667,2069.35650223284,49.110588614021985
4c8g,vm,file,na,m,lost_update,counter,nolock,lost,count,3,12599.0,9434.0,13326.0,11786.333333333334,2069.35650223284,17.557254183372038
4c8g,vm,file,na,m,lost_update,counter,nolock,failures,count,3,0.0,0.0,0.0,0.0,0.0,
4c8g,vm,file,na,m,lost_update,counter,nolock,throughput_ops,ops/s,3,805024.6823,269798.1963,978807.7718,684543.5501333333,369540.82581467764,53.983537751936986
4c8g,vm,file,na,m,lost_update,counter,lock,expected,count,3,16000.0,16000.0,16000.0,16000.0,0.0,0.0
4c8g,vm,file,na,m,lost_update,counter,lock,actual,count,3,16000.0,16000.0,16000.0,16000.0,0.0,0.0
4c8g,vm,file,na,m,lost_update,counter,lock,lost,count,3,0.0,0.0,0.0,0.0,0.0,
4c8g,vm,file,na,m,lost_update,counter,lock,failures,count,3,0.0,0.0,0.0,0.0,0.0,
4c8g,vm,file,na,m,lost_update,counter,lock,throughput_ops,ops/s,3,602559.9382,408533.6761,721606.4764,577566.6969,158025.76104841562,27.36060820275727
4c8g,vm,file,na,m,lost_update,counter,lock_fsync,expected,count,3,16000.0,16000.0,16000.0,16000.0,0.0,0.0
4c8g,vm,file,na,m,lost_update,counter,lock_fsync,actual,count,3,16000.0,16000.0,16000.0,16000.0,0.0,0.0
4c8g,vm,file,na,m,lost_update,counter,lock_fsync,lost,count,3,0.0,0.0,0.0,0.0,0.0,
4c8g,vm,file,na,m,lost_update,counter,lock_fsync,failures,count,3,0.0,0.0,0.0,0.0,0.0,
4c8g,vm,file,na,m,lost_update,counter,lock_fsync,throughput_ops,ops/s,3,14740.6588,14279.4118,14807.7172,14609.2626,287.6201834853031,1.9687522317882293
4c8g,vm,file,na,m,crash,bulk_update,inplace,rows_before,rows,1,1573840.0,1573840.0,1573840.0,1573840.0,,
4c8g,vm,file,na,m,crash,bulk_update,inplace,rows_after,rows,1,779602.0,779602.0,779602.0,779602.0,,
4c8g,vm,file,na,m,crash,bulk_update,inplace,rows_lost,rows,1,794238.0,794238.0,794238.0,794238.0,,
4c8g,vm,file,na,m,crash,bulk_update,inplace,rows_with_Ttt_before,rows,1,1.0,1.0,1.0,1.0,,
4c8g,vm,file,na,m,crash,bulk_update,inplace,rows_with_Ttt_after,rows,1,63573.0,63573.0,63573.0,63573.0,,
4c8g,vm,file,na,m,crash,bulk_update,inplace,truncated_last_line,bool,1,1.0,1.0,1.0,1.0,,
4c8g,vm,file,na,m,crash,bulk_update,inplace,leftover_temp_bytes,bytes,1,0.0,0.0,0.0,0.0,,
4c8g,vm,file,na,m,crash,bulk_update,safe,rows_before,rows,1,1573840.0,1573840.0,1573840.0,1573840.0,,
4c8g,vm,file,na,m,crash,bulk_update,safe,rows_after,rows,1,1573840.0,1573840.0,1573840.0,1573840.0,,
4c8g,vm,file,na,m,crash,bulk_update,safe,rows_lost,rows,1,0.0,0.0,0.0,0.0,,
4c8g,vm,file,na,m,crash,bulk_update,safe,rows_with_Ttt_before,rows,1,1.0,1.0,1.0,1.0,,
4c8g,vm,file,na,m,crash,bulk_update,safe,rows_with_Ttt_after,rows,1,1.0,1.0,1.0,1.0,,
4c8g,vm,file,na,m,crash,bulk_update,safe,truncated_last_line,bool,1,0.0,0.0,0.0,0.0,,
4c8g,vm,file,na,m,crash,bulk_update,safe,leftover_temp_bytes,bytes,1,46194681.0,46194681.0,46194681.0,46194681.0,,
4c8g,vm,file,na,s,search,point,scan,latency_ms,ms,5,6.3128,5.9797,6.9032,6.38772,0.39323098428277486,6.156046042762909
4c8g,vm,file,na,s,search,point,scan,rows,rows,1,5.0,5.0,5.0,5.0,,
4c8g,vm,file,na,s,search,point,scan,id_sum,sum,1,77016375.0,77016375.0,77016375.0,77016375.0,,
4c8g,vm,file,na,s,search,exact_common,scan,latency_ms,ms,5,12.2437,11.9191,13.1158,12.30268,0.48262246321529634,3.922905116733072
4c8g,vm,file,na,s,search,exact_common,scan,rows,rows,1,578.0,578.0,578.0,578.0,,
4c8g,vm,file,na,s,search,exact_common,scan,id_sum,sum,1,8262982838.0,8262982838.0,8262982838.0,8262982838.0,,
4c8g,vm,file,na,s,search,exact_rare,scan,latency_ms,ms,5,11.693,11.609,12.3058,11.821299999999999,0.28085159782347663,2.3758097487034138
4c8g,vm,file,na,s,search,exact_rare,scan,rows,rows,1,0.0,0.0,0.0,0.0,,
4c8g,vm,file,na,s,search,exact_rare,scan,id_sum,sum,1,0.0,0.0,0.0,0.0,,
4c8g,vm,file,na,s,search,exact_miss,scan,latency_ms,ms,5,11.6071,11.5568,12.0842,11.69034,0.22140358624015005,1.893902027145062
4c8g,vm,file,na,s,search,exact_miss,scan,rows,rows,1,0.0,0.0,0.0,0.0,,
4c8g,vm,file,na,s,search,exact_miss,scan,id_sum,sum,1,0.0,0.0,0.0,0.0,,
4c8g,vm,file,na,s,search,prefix,scan,latency_ms,ms,5,11.819,11.7625,12.353,11.93292,0.2427717178750439,2.0344703381489517
4c8g,vm,file,na,s,search,prefix,scan,rows,rows,1,33.0,33.0,33.0,33.0,,
4c8g,vm,file,na,s,search,prefix,scan,id_sum,sum,1,592694280.0,592694280.0,592694280.0,592694280.0,,
4c8g,vm,file,na,s,search,contains_common,scan,latency_ms,ms,5,14.2179,14.1191,15.1455,14.37076,0.43634266121936766,3.036322791692072
4c8g,vm,file,na,s,search,contains_common,scan,rows,rows,1,682.0,682.0,682.0,682.0,,
4c8g,vm,file,na,s,search,contains_common,scan,id_sum,sum,1,9803835120.0,9803835120.0,9803835120.0,9803835120.0,,
4c8g,vm,file,na,s,search,contains_rare,scan,latency_ms,ms,5,14.0897,13.9584,14.6947,14.17166,0.2983900517778702,2.1055405773061886
4c8g,vm,file,na,s,search,contains_rare,scan,rows,rows,1,4.0,4.0,4.0,4.0,,
4c8g,vm,file,na,s,search,contains_rare,scan,id_sum,sum,1,75971361.0,75971361.0,75971361.0,75971361.0,,
4c8g,vm,file,na,s,search,contains_miss,scan,latency_ms,ms,5,14.1862,13.806,14.5238,14.178880000000001,0.31656511494477735,2.2326524728665262
4c8g,vm,file,na,s,search,contains_miss,scan,rows,rows,1,0.0,0.0,0.0,0.0,,
4c8g,vm,file,na,s,search,contains_miss,scan,id_sum,sum,1,0.0,0.0,0.0,0.0,,
4c8g,vm,file,na,m,search,point,scan,latency_ms,ms,5,61.0952,60.7452,61.5522,61.14756,0.31994638300815337,0.5232365494357475
4c8g,vm,file,na,m,search,point,scan,rows,rows,1,5.0,5.0,5.0,5.0,,
4c8g,vm,file,na,m,search,point,scan,id_sum,sum,1,76859199.0,76859199.0,76859199.0,76859199.0,,
4c8g,vm,file,na,m,search,exact_common,scan,latency_ms,ms,5,130.8523,130.5103,135.8419,131.89528,2.2631068803748517,1.7158361393787946
4c8g,vm,file,na,m,search,exact_common,scan,rows,rows,1,6000.0,6000.0,6000.0,6000.0,,
4c8g,vm,file,na,m,search,exact_common,scan,id_sum,sum,1,90507904289.0,90507904289.0,90507904289.0,90507904289.0,,
4c8g,vm,file,na,m,search,exact_rare,scan,latency_ms,ms,5,129.8588,129.7173,130.883,130.08914,0.4723844811168179,0.36312368666348166
4c8g,vm,file,na,m,search,exact_rare,scan,rows,rows,1,9.0,9.0,9.0,9.0,,
4c8g,vm,file,na,m,search,exact_rare,scan,id_sum,sum,1,108959755.0,108959755.0,108959755.0,108959755.0,,
4c8g,vm,file,na,m,search,exact_miss,scan,latency_ms,ms,5,128.5828,128.1474,128.8762,128.52102,0.3516446388045807,0.2736086585716334
4c8g,vm,file,na,m,search,exact_miss,scan,rows,rows,1,0.0,0.0,0.0,0.0,,
4c8g,vm,file,na,m,search,exact_miss,scan,id_sum,sum,1,0.0,0.0,0.0,0.0,,
4c8g,vm,file,na,m,search,prefix,scan,latency_ms,ms,5,132.1805,131.4865,132.7383,132.19738,0.4801378260458263,0.3631976867059137
4c8g,vm,file,na,m,search,prefix,scan,rows,rows,1,303.0,303.0,303.0,303.0,,
4c8g,vm,file,na,m,search,prefix,scan,id_sum,sum,1,5269081058.0,5269081058.0,5269081058.0,5269081058.0,,
4c8g,vm,file,na,m,search,contains_common,scan,latency_ms,ms,5,155.7874,155.6285,157.1077,156.0428,0.6191768527650188,0.3967993734828001
4c8g,vm,file,na,m,search,contains_common,scan,rows,rows,1,7044.0,7044.0,7044.0,7044.0,,
4c8g,vm,file,na,m,search,contains_common,scan,id_sum,sum,1,94864047422.0,94864047422.0,94864047422.0,94864047422.0,,
4c8g,vm,file,na,m,search,contains_rare,scan,latency_ms,ms,5,154.3695,153.7548,155.1358,154.30698,0.5714704340558701,0.3703464574680096
4c8g,vm,file,na,m,search,contains_rare,scan,rows,rows,1,55.0,55.0,55.0,55.0,,
4c8g,vm,file,na,m,search,contains_rare,scan,id_sum,sum,1,706631613.0,706631613.0,706631613.0,706631613.0,,
4c8g,vm,file,na,m,search,contains_miss,scan,latency_ms,ms,5,153.3382,152.8606,155.0215,153.8114,0.9663736725511458,0.6282848166983369
4c8g,vm,file,na,m,search,contains_miss,scan,rows,rows,1,0.0,0.0,0.0,0.0,,
4c8g,vm,file,na,m,search,contains_miss,scan,id_sum,sum,1,0.0,0.0,0.0,0.0,,
4c8g,vm,file,na,l,search,point,scan,latency_ms,ms,5,572.0559,571.0503,575.8311,572.51966,1.9211814888240069,0.33556602909042577
4c8g,vm,file,na,l,search,point,scan,rows,rows,1,5.0,5.0,5.0,5.0,,
4c8g,vm,file,na,l,search,point,scan,id_sum,sum,1,76840469.0,76840469.0,76840469.0,76840469.0,,
4c8g,vm,file,na,l,search,exact_common,scan,latency_ms,ms,5,1263.9103,1250.848,1268.2891,1259.89996,8.056249923072155,0.6394356836928669
4c8g,vm,file,na,l,search,exact_common,scan,rows,rows,1,60684.0,60684.0,60684.0,60684.0,,
4c8g,vm,file,na,l,search,exact_common,scan,id_sum,sum,1,936128905867.0,936128905867.0,936128905867.0,936128905867.0,,
4c8g,vm,file,na,l,search,exact_rare,scan,latency_ms,ms,5,1233.4178,1232.3105,1242.133,1236.2644,4.850968365697731,0.3923892304670207
4c8g,vm,file,na,l,search,exact_rare,scan,rows,rows,1,47.0,47.0,47.0,47.0,,
4c8g,vm,file,na,l,search,exact_rare,scan,id_sum,sum,1,502059988.0,502059988.0,502059988.0,502059988.0,,
4c8g,vm,file,na,l,search,exact_miss,scan,latency_ms,ms,5,1233.9556,1231.363,1236.345,1234.11202,2.191478708999924,0.17757534757662632
4c8g,vm,file,na,l,search,exact_miss,scan,rows,rows,1,0.0,0.0,0.0,0.0,,
4c8g,vm,file,na,l,search,exact_miss,scan,id_sum,sum,1,0.0,0.0,0.0,0.0,,
4c8g,vm,file,na,l,search,prefix,scan,latency_ms,ms,5,1258.5145,1255.4038,1258.7603,1257.37644,1.7562226789333355,0.13967357929287552
4c8g,vm,file,na,l,search,prefix,scan,rows,rows,1,3266.0,3266.0,3266.0,3266.0,,
4c8g,vm,file,na,l,search,prefix,scan,id_sum,sum,1,58694774105.0,58694774105.0,58694774105.0,58694774105.0,,
4c8g,vm,file,na,l,search,contains_common,scan,latency_ms,ms,5,1501.8097,1500.6804,1504.8005,1502.5722600000001,1.7675648030553321,0.11763592674440375
4c8g,vm,file,na,l,search,contains_common,scan,rows,rows,1,70524.0,70524.0,70524.0,70524.0,,
4c8g,vm,file,na,l,search,contains_common,scan,id_sum,sum,1,933383886531.0,933383886531.0,933383886531.0,933383886531.0,,
4c8g,vm,file,na,l,search,contains_rare,scan,latency_ms,ms,5,1493.4503,1490.2056,1504.1495,1495.0325,5.449741184221518,0.364523258472409
4c8g,vm,file,na,l,search,contains_rare,scan,rows,rows,1,474.0,474.0,474.0,474.0,,
4c8g,vm,file,na,l,search,contains_rare,scan,id_sum,sum,1,6572348867.0,6572348867.0,6572348867.0,6572348867.0,,
4c8g,vm,file,na,l,search,contains_miss,scan,latency_ms,ms,5,1453.8468,1452.6747,1460.707,1455.31322,3.2235303964753443,0.22150079805331147
4c8g,vm,file,na,l,search,contains_miss,scan,rows,rows,1,0.0,0.0,0.0,0.0,,
4c8g,vm,file,na,l,search,contains_miss,scan,id_sum,sum,1,0.0,0.0,0.0,0.0,,
4c8g,vm,postgres,tuned,s,search,point,noidx,latency_ms,ms,5,0.1012,0.082,0.1177,0.0998,0.014796790192470795,14.826443078628051
4c8g,vm,postgres,tuned,s,search,point,noidx,rows,rows,1,5.0,5.0,5.0,5.0,,
4c8g,vm,postgres,tuned,s,search,point,noidx,id_sum,sum,1,77016375.0,77016375.0,77016375.0,77016375.0,,
4c8g,vm,postgres,tuned,s,search,point,noidx,server_ms,ms,1,0.011,0.011,0.011,0.011,,
4c8g,vm,postgres,tuned,s,search,exact_common,noidx,latency_ms,ms,5,2.9282,2.8838,2.9822,2.93586,0.040283222314010735,1.3721097843225065
4c8g,vm,postgres,tuned,s,search,exact_common,noidx,rows,rows,1,578.0,578.0,578.0,578.0,,
4c8g,vm,postgres,tuned,s,search,exact_common,noidx,id_sum,sum,1,8262982838.0,8262982838.0,8262982838.0,8262982838.0,,
4c8g,vm,postgres,tuned,s,search,exact_common,noidx,server_ms,ms,1,2.576,2.576,2.576,2.576,,
4c8g,vm,postgres,tuned,s,search,exact_rare,noidx,latency_ms,ms,5,2.8968,2.7798,3.0749,2.9393000000000002,0.12341794845159286,4.198889138624599
4c8g,vm,postgres,tuned,s,search,exact_rare,noidx,rows,rows,1,0.0,0.0,0.0,0.0,,
4c8g,vm,postgres,tuned,s,search,exact_rare,noidx,id_sum,sum,1,0.0,0.0,0.0,0.0,,
4c8g,vm,postgres,tuned,s,search,exact_rare,noidx,server_ms,ms,1,2.64,2.64,2.64,2.64,,
4c8g,vm,postgres,tuned,s,search,exact_miss,noidx,latency_ms,ms,5,2.6231,2.585,2.6525,2.61888,0.024673001438819713,0.9421203506391936
4c8g,vm,postgres,tuned,s,search,exact_miss,noidx,rows,rows,1,0.0,0.0,0.0,0.0,,
4c8g,vm,postgres,tuned,s,search,exact_miss,noidx,id_sum,sum,1,0.0,0.0,0.0,0.0,,
4c8g,vm,postgres,tuned,s,search,exact_miss,noidx,server_ms,ms,1,2.409,2.409,2.409,2.409,,
4c8g,vm,postgres,tuned,s,search,prefix,noidx,latency_ms,ms,5,2.9725,2.91,3.0334,2.9711600000000002,0.060108011113328176,2.023048611092239
4c8g,vm,postgres,tuned,s,search,prefix,noidx,rows,rows,1,33.0,33.0,33.0,33.0,,
4c8g,vm,postgres,tuned,s,search,prefix,noidx,id_sum,sum,1,592694280.0,592694280.0,592694280.0,592694280.0,,
4c8g,vm,postgres,tuned,s,search,prefix,noidx,server_ms,ms,1,2.821,2.821,2.821,2.821,,
4c8g,vm,postgres,tuned,s,search,contains_common,noidx,latency_ms,ms,5,5.7748,5.5183,8.6245,6.29798,1.3087891606366548,20.781094265727344
4c8g,vm,postgres,tuned,s,search,contains_common,noidx,rows,rows,1,682.0,682.0,682.0,682.0,,
4c8g,vm,postgres,tuned,s,search,contains_common,noidx,id_sum,sum,1,9803835120.0,9803835120.0,9803835120.0,9803835120.0,,
4c8g,vm,postgres,tuned,s,search,contains_common,noidx,server_ms,ms,1,5.206,5.206,5.206,5.206,,
4c8g,vm,postgres,tuned,s,search,contains_rare,noidx,latency_ms,ms,5,5.159,5.1422,5.2959,5.2094000000000005,0.07822240727566475,1.5015626996518743
4c8g,vm,postgres,tuned,s,search,contains_rare,noidx,rows,rows,1,4.0,4.0,4.0,4.0,,
4c8g,vm,postgres,tuned,s,search,contains_rare,noidx,id_sum,sum,1,75971361.0,75971361.0,75971361.0,75971361.0,,
4c8g,vm,postgres,tuned,s,search,contains_rare,noidx,server_ms,ms,1,5.439,5.439,5.439,5.439,,
4c8g,vm,postgres,tuned,s,search,contains_miss,noidx,latency_ms,ms,5,5.2237,5.0215,5.3841,5.2199,0.12987542107727715,2.4880825509545614
4c8g,vm,postgres,tuned,s,search,contains_miss,noidx,rows,rows,1,0.0,0.0,0.0,0.0,,
4c8g,vm,postgres,tuned,s,search,contains_miss,noidx,id_sum,sum,1,0.0,0.0,0.0,0.0,,
4c8g,vm,postgres,tuned,s,search,contains_miss,noidx,server_ms,ms,1,5.297,5.297,5.297,5.297,,
4c8g,vm,postgres,tuned,s,search,point,btree,latency_ms,ms,5,0.1261,0.1118,0.144,0.12525999999999998,0.012064534802469589,9.63159412619319
4c8g,vm,postgres,tuned,s,search,point,btree,rows,rows,1,5.0,5.0,5.0,5.0,,
4c8g,vm,postgres,tuned,s,search,point,btree,id_sum,sum,1,77016375.0,77016375.0,77016375.0,77016375.0,,
4c8g,vm,postgres,tuned,s,search,point,btree,server_ms,ms,1,0.005,0.005,0.005,0.005,,
4c8g,vm,postgres,tuned,s,search,exact_common,btree,latency_ms,ms,5,0.4165,0.3501,0.4915,0.42346000000000006,0.05386044931115964,12.719135056713652
4c8g,vm,postgres,tuned,s,search,exact_common,btree,rows,rows,1,578.0,578.0,578.0,578.0,,
4c8g,vm,postgres,tuned,s,search,exact_common,btree,id_sum,sum,1,8262982838.0,8262982838.0,8262982838.0,8262982838.0,,
4c8g,vm,postgres,tuned,s,search,exact_common,btree,server_ms,ms,1,0.159,0.159,0.159,0.159,,
4c8g,vm,postgres,tuned,s,search,exact_rare,btree,latency_ms,ms,5,0.1394,0.1106,0.1666,0.13688,0.020574547382627883,15.03108371027753
4c8g,vm,postgres,tuned,s,search,exact_rare,btree,rows,rows,1,0.0,0.0,0.0,0.0,,
4c8g,vm,postgres,tuned,s,search,exact_rare,btree,id_sum,sum,1,0.0,0.0,0.0,0.0,,
4c8g,vm,postgres,tuned,s,search,exact_rare,btree,server_ms,ms,1,0.005,0.005,0.005,0.005,,
4c8g,vm,postgres,tuned,s,search,exact_miss,btree,latency_ms,ms,5,0.1365,0.1103,0.162,0.1388,0.019686797606517932,14.18357176262099
4c8g,vm,postgres,tuned,s,search,exact_miss,btree,rows,rows,1,0.0,0.0,0.0,0.0,,
4c8g,vm,postgres,tuned,s,search,exact_miss,btree,id_sum,sum,1,0.0,0.0,0.0,0.0,,
4c8g,vm,postgres,tuned,s,search,exact_miss,btree,server_ms,ms,1,0.004,0.004,0.004,0.004,,
4c8g,vm,postgres,tuned,s,search,prefix,btree,latency_ms,ms,5,0.1765,0.1434,0.3076,0.20884,0.07510148467240842,35.96125487090999
4c8g,vm,postgres,tuned,s,search,prefix,btree,rows,rows,1,33.0,33.0,33.0,33.0,,
4c8g,vm,postgres,tuned,s,search,prefix,btree,id_sum,sum,1,592694280.0,592694280.0,592694280.0,592694280.0,,
4c8g,vm,postgres,tuned,s,search,prefix,btree,server_ms,ms,1,0.013,0.013,0.013,0.013,,
4c8g,vm,postgres,tuned,s,search,contains_common,btree,latency_ms,ms,5,5.5166,5.4351,5.7522,5.54642,0.12120722750727385,2.1853236413267267
4c8g,vm,postgres,tuned,s,search,contains_common,btree,rows,rows,1,682.0,682.0,682.0,682.0,,
4c8g,vm,postgres,tuned,s,search,contains_common,btree,id_sum,sum,1,9803835120.0,9803835120.0,9803835120.0,9803835120.0,,
4c8g,vm,postgres,tuned,s,search,contains_common,btree,server_ms,ms,1,5.221,5.221,5.221,5.221,,
4c8g,vm,postgres,tuned,s,search,contains_rare,btree,latency_ms,ms,5,5.1909,5.1119,5.2698,5.19318,0.05772016112243601,1.1114608221250952
4c8g,vm,postgres,tuned,s,search,contains_rare,btree,rows,rows,1,4.0,4.0,4.0,4.0,,
4c8g,vm,postgres,tuned,s,search,contains_rare,btree,id_sum,sum,1,75971361.0,75971361.0,75971361.0,75971361.0,,
4c8g,vm,postgres,tuned,s,search,contains_rare,btree,server_ms,ms,1,4.97,4.97,4.97,4.97,,
4c8g,vm,postgres,tuned,s,search,contains_miss,btree,latency_ms,ms,5,5.0897,5.0693,5.1953,5.11248,0.051647768586842197,1.0102292544292046
4c8g,vm,postgres,tuned,s,search,contains_miss,btree,rows,rows,1,0.0,0.0,0.0,0.0,,
4c8g,vm,postgres,tuned,s,search,contains_miss,btree,id_sum,sum,1,0.0,0.0,0.0,0.0,,
4c8g,vm,postgres,tuned,s,search,contains_miss,btree,server_ms,ms,1,4.814,4.814,4.814,4.814,,
4c8g,vm,postgres,tuned,s,search,point,trgm,latency_ms,ms,5,0.0875,0.0817,0.1108,0.09446,0.012797382544880024,13.547938328265957
4c8g,vm,postgres,tuned,s,search,point,trgm,rows,rows,1,5.0,5.0,5.0,5.0,,
4c8g,vm,postgres,tuned,s,search,point,trgm,id_sum,sum,1,77016375.0,77016375.0,77016375.0,77016375.0,,
4c8g,vm,postgres,tuned,s,search,point,trgm,server_ms,ms,1,0.005,0.005,0.005,0.005,,
4c8g,vm,postgres,tuned,s,search,exact_common,trgm,latency_ms,ms,5,5.2881,5.0759,6.1125,5.38646,0.4159764272167354,7.72263095273585
4c8g,vm,postgres,tuned,s,search,exact_common,trgm,rows,rows,1,578.0,578.0,578.0,578.0,,
4c8g,vm,postgres,tuned,s,search,exact_common,trgm,id_sum,sum,1,8262982838.0,8262982838.0,8262982838.0,8262982838.0,,
4c8g,vm,postgres,tuned,s,search,exact_common,trgm,server_ms,ms,1,4.949,4.949,4.949,4.949,,
4c8g,vm,postgres,tuned,s,search,exact_rare,trgm,latency_ms,ms,5,0.2667,0.2453,0.3416,0.27806000000000003,0.03699733774205923,13.305523175594919
4c8g,vm,postgres,tuned,s,search,exact_rare,trgm,rows,rows,1,0.0,0.0,0.0,0.0,,
4c8g,vm,postgres,tuned,s,search,exact_rare,trgm,id_sum,sum,1,0.0,0.0,0.0,0.0,,
4c8g,vm,postgres,tuned,s,search,exact_rare,trgm,server_ms,ms,1,0.155,0.155,0.155,0.155,,
4c8g,vm,postgres,tuned,s,search,exact_miss,trgm,latency_ms,ms,5,0.1867,0.1661,0.2333,0.19522,0.025351272157428318,12.986001514920764
4c8g,vm,postgres,tuned,s,search,exact_miss,trgm,rows,rows,1,0.0,0.0,0.0,0.0,,
4c8g,vm,postgres,tuned,s,search,exact_miss,trgm,id_sum,sum,1,0.0,0.0,0.0,0.0,,
4c8g,vm,postgres,tuned,s,search,exact_miss,trgm,server_ms,ms,1,0.09,0.09,0.09,0.09,,
4c8g,vm,postgres,tuned,s,search,prefix,trgm,latency_ms,ms,5,0.3449,0.3374,0.4095,0.35678,0.029775107052704263,8.345509011913297
4c8g,vm,postgres,tuned,s,search,prefix,trgm,rows,rows,1,33.0,33.0,33.0,33.0,,
4c8g,vm,postgres,tuned,s,search,prefix,trgm,id_sum,sum,1,592694280.0,592694280.0,592694280.0,592694280.0,,
4c8g,vm,postgres,tuned,s,search,prefix,trgm,server_ms,ms,1,0.195,0.195,0.195,0.195,,
4c8g,vm,postgres,tuned,s,search,contains_common,trgm,latency_ms,ms,5,0.5193,0.4386,0.8023,0.5717800000000001,0.14116213019078455,24.688189546816
4c8g,vm,postgres,tuned,s,search,contains_common,trgm,rows,rows,1,682.0,682.0,682.0,682.0,,
4c8g,vm,postgres,tuned,s,search,contains_common,trgm,id_sum,sum,1,9803835120.0,9803835120.0,9803835120.0,9803835120.0,,
4c8g,vm,postgres,tuned,s,search,contains_common,trgm,server_ms,ms,1,0.208,0.208,0.208,0.208,,
4c8g,vm,postgres,tuned,s,search,contains_rare,trgm,latency_ms,ms,5,0.18,0.1332,0.4466,0.22142,0.1274834969711766,57.575420906501954
4c8g,vm,postgres,tuned,s,search,contains_rare,trgm,rows,rows,1,4.0,4.0,4.0,4.0,,
4c8g,vm,postgres,tuned,s,search,contains_rare,trgm,id_sum,sum,1,75971361.0,75971361.0,75971361.0,75971361.0,,
4c8g,vm,postgres,tuned,s,search,contains_rare,trgm,server_ms,ms,1,0.035,0.035,0.035,0.035,,
4c8g,vm,postgres,tuned,s,search,contains_miss,trgm,latency_ms,ms,5,0.1263,0.1033,0.1613,0.13033999999999998,0.021970047792392255,16.855951965929307
4c8g,vm,postgres,tuned,s,search,contains_miss,trgm,rows,rows,1,0.0,0.0,0.0,0.0,,
4c8g,vm,postgres,tuned,s,search,contains_miss,trgm,id_sum,sum,1,0.0,0.0,0.0,0.0,,
4c8g,vm,postgres,tuned,s,search,contains_miss,trgm,server_ms,ms,1,0.005,0.005,0.005,0.005,,
4c8g,vm,postgres,tuned,s,search,word_common,fts,latency_ms,ms,5,0.5144,0.4867,0.9376,0.59456,0.19290016329697596,32.44418785269375
4c8g,vm,postgres,tuned,s,search,word_common,fts,rows,rows,1,579.0,579.0,579.0,579.0,,
4c8g,vm,postgres,tuned,s,search,word_common,fts,id_sum,sum,1,8580795053.0,8580795053.0,8580795053.0,8580795053.0,,
4c8g,vm,postgres,tuned,s,search,word_common,fts,server_ms,ms,1,0.15,0.15,0.15,0.15,,
4c8g,vm,postgres,tuned,s,search,word_rare,fts,latency_ms,ms,5,0.1284,0.1075,0.1748,0.13916,0.027048715311452417,19.437133739186844
4c8g,vm,postgres,tuned,s,search,word_rare,fts,rows,rows,1,4.0,4.0,4.0,4.0,,
4c8g,vm,postgres,tuned,s,search,word_rare,fts,id_sum,sum,1,75971361.0,75971361.0,75971361.0,75971361.0,,
4c8g,vm,postgres,tuned,s,search,word_rare,fts,server_ms,ms,1,0.007,0.007,0.007,0.007,,
4c8g,vm,postgres,tuned,s,search,word_miss,fts,latency_ms,ms,5,0.1448,0.0957,0.169,0.13972,0.026813932945392416,19.191191629968802
4c8g,vm,postgres,tuned,s,search,word_miss,fts,rows,rows,1,0.0,0.0,0.0,0.0,,
4c8g,vm,postgres,tuned,s,search,word_miss,fts,id_sum,sum,1,0.0,0.0,0.0,0.0,,
4c8g,vm,postgres,tuned,s,search,word_miss,fts,server_ms,ms,1,0.004,0.004,0.004,0.004,,
4c8g,vm,postgres,tuned,m,search,point,noidx,latency_ms,ms,5,0.1248,0.1096,0.1485,0.12647999999999998,0.014815768626703103,11.713922064123263
4c8g,vm,postgres,tuned,m,search,point,noidx,rows,rows,1,5.0,5.0,5.0,5.0,,
4c8g,vm,postgres,tuned,m,search,point,noidx,id_sum,sum,1,76859199.0,76859199.0,76859199.0,76859199.0,,
4c8g,vm,postgres,tuned,m,search,point,noidx,server_ms,ms,1,0.005,0.005,0.005,0.005,,
4c8g,vm,postgres,tuned,m,search,exact_common,noidx,latency_ms,ms,5,15.8847,14.821,22.1821,16.764519999999997,3.0738050559526364,18.335180822073266
4c8g,vm,postgres,tuned,m,search,exact_common,noidx,rows,rows,1,6000.0,6000.0,6000.0,6000.0,,
4c8g,vm,postgres,tuned,m,search,exact_common,noidx,id_sum,sum,1,90507904289.0,90507904289.0,90507904289.0,90507904289.0,,
4c8g,vm,postgres,tuned,m,search,exact_common,noidx,server_ms,ms,1,14.474,14.474,14.474,14.474,,
4c8g,vm,postgres,tuned,m,search,exact_rare,noidx,latency_ms,ms,5,14.6977,13.7763,15.5493,14.752080000000001,0.666650052126301,4.519024111354473
4c8g,vm,postgres,tuned,m,search,exact_rare,noidx,rows,rows,1,9.0,9.0,9.0,9.0,,
4c8g,vm,postgres,tuned,m,search,exact_rare,noidx,id_sum,sum,1,108959755.0,108959755.0,108959755.0,108959755.0,,
4c8g,vm,postgres,tuned,m,search,exact_rare,noidx,server_ms,ms,1,15.43,15.43,15.43,15.43,,
4c8g,vm,postgres,tuned,m,search,exact_miss,noidx,latency_ms,ms,5,14.2337,13.5068,14.7946,14.186520000000002,0.49164689259670913,3.4655919323182087
4c8g,vm,postgres,tuned,m,search,exact_miss,noidx,rows,rows,1,0.0,0.0,0.0,0.0,,
4c8g,vm,postgres,tuned,m,search,exact_miss,noidx,id_sum,sum,1,0.0,0.0,0.0,0.0,,
4c8g,vm,postgres,tuned,m,search,exact_miss,noidx,server_ms,ms,1,13.71,13.71,13.71,13.71,,
4c8g,vm,postgres,tuned,m,search,prefix,noidx,latency_ms,ms,5,15.1316,14.8216,16.2233,15.300180000000001,0.5378871879864767,3.515561176316074
4c8g,vm,postgres,tuned,m,search,prefix,noidx,rows,rows,1,303.0,303.0,303.0,303.0,,
4c8g,vm,postgres,tuned,m,search,prefix,noidx,id_sum,sum,1,5269081058.0,5269081058.0,5269081058.0,5269081058.0,,
4c8g,vm,postgres,tuned,m,search,prefix,noidx,server_ms,ms,1,14.999,14.999,14.999,14.999,,
4c8g,vm,postgres,tuned,m,search,contains_common,noidx,latency_ms,ms,5,24.4771,23.595,24.9823,24.41082,0.5078254198048783,2.080329213868597
4c8g,vm,postgres,tuned,m,search,contains_common,noidx,rows,rows,1,7044.0,7044.0,7044.0,7044.0,,
4c8g,vm,postgres,tuned,m,search,contains_common,noidx,id_sum,sum,1,94864047422.0,94864047422.0,94864047422.0,94864047422.0,,
4c8g,vm,postgres,tuned,m,search,contains_common,noidx,server_ms,ms,1,23.834,23.834,23.834,23.834,,
4c8g,vm,postgres,tuned,m,search,contains_rare,noidx,latency_ms,ms,5,23.9014,23.8367,24.3259,24.03862,0.23882088895237008,0.993488348966663
4c8g,vm,postgres,tuned,m,search,contains_rare,noidx,rows,rows,1,55.0,55.0,55.0,55.0,,
4c8g,vm,postgres,tuned,m,search,contains_rare,noidx,id_sum,sum,1,706631613.0,706631613.0,706631613.0,706631613.0,,
4c8g,vm,postgres,tuned,m,search,contains_rare,noidx,server_ms,ms,1,23.001,23.001,23.001,23.001,,
4c8g,vm,postgres,tuned,m,search,contains_miss,noidx,latency_ms,ms,5,22.6333,22.2048,22.8351,22.55922,0.23617607203101762,1.0469159484725872
4c8g,vm,postgres,tuned,m,search,contains_miss,noidx,rows,rows,1,0.0,0.0,0.0,0.0,,
4c8g,vm,postgres,tuned,m,search,contains_miss,noidx,id_sum,sum,1,0.0,0.0,0.0,0.0,,
4c8g,vm,postgres,tuned,m,search,contains_miss,noidx,server_ms,ms,1,21.867,21.867,21.867,21.867,,
4c8g,vm,postgres,tuned,m,search,point,btree,latency_ms,ms,5,0.121,0.1169,0.1331,0.12279999999999999,0.0060876925020897695,4.957404317662679
4c8g,vm,postgres,tuned,m,search,point,btree,rows,rows,1,5.0,5.0,5.0,5.0,,
4c8g,vm,postgres,tuned,m,search,point,btree,id_sum,sum,1,76859199.0,76859199.0,76859199.0,76859199.0,,
4c8g,vm,postgres,tuned,m,search,point,btree,server_ms,ms,1,0.004,0.004,0.004,0.004,,
4c8g,vm,postgres,tuned,m,search,exact_common,btree,latency_ms,ms,5,2.6646,2.622,3.0481,2.7265,0.18083608600055448,6.632535705136785
4c8g,vm,postgres,tuned,m,search,exact_common,btree,rows,rows,1,6000.0,6000.0,6000.0,6000.0,,
4c8g,vm,postgres,tuned,m,search,exact_common,btree,id_sum,sum,1,90507904289.0,90507904289.0,90507904289.0,90507904289.0,,
4c8g,vm,postgres,tuned,m,search,exact_common,btree,server_ms,ms,1,1.677,1.677,1.677,1.677,,
4c8g,vm,postgres,tuned,m,search,exact_rare,btree,latency_ms,ms,5,0.1303,0.1153,0.1469,0.13313999999999998,0.013524902957137987,10.158406907869903
4c8g,vm,postgres,tuned,m,search,exact_rare,btree,rows,rows,1,9.0,9.0,9.0,9.0,,
4c8g,vm,postgres,tuned,m,search,exact_rare,btree,id_sum,sum,1,108959755.0,108959755.0,108959755.0,108959755.0,,
4c8g,vm,postgres,tuned,m,search,exact_rare,btree,server_ms,ms,1,0.008,0.008,0.008,0.008,,
4c8g,vm,postgres,tuned,m,search,exact_miss,btree,latency_ms,ms,5,0.1128,0.1071,0.1327,0.11644000000000002,0.010543623665514625,9.054984254134853
4c8g,vm,postgres,tuned,m,search,exact_miss,btree,rows,rows,1,0.0,0.0,0.0,0.0,,
4c8g,vm,postgres,tuned,m,search,exact_miss,btree,id_sum,sum,1,0.0,0.0,0.0,0.0,,
4c8g,vm,postgres,tuned,m,search,exact_miss,btree,server_ms,ms,1,0.005,0.005,0.005,0.005,,
4c8g,vm,postgres,tuned,m,search,prefix,btree,latency_ms,ms,5,0.2687,0.2184,0.3088,0.26822,0.0357088504435525,13.31326912368671
4c8g,vm,postgres,tuned,m,search,prefix,btree,rows,rows,1,303.0,303.0,303.0,303.0,,
4c8g,vm,postgres,tuned,m,search,prefix,btree,id_sum,sum,1,5269081058.0,5269081058.0,5269081058.0,5269081058.0,,
4c8g,vm,postgres,tuned,m,search,prefix,btree,server_ms,ms,1,0.072,0.072,0.072,0.072,,
4c8g,vm,postgres,tuned,m,search,contains_common,btree,latency_ms,ms,5,25.3241,23.8805,26.0158,25.2131,0.8042653138113058,3.1898707965752164
4c8g,vm,postgres,tuned,m,search,contains_common,btree,rows,rows,1,7044.0,7044.0,7044.0,7044.0,,
4c8g,vm,postgres,tuned,m,search,contains_common,btree,id_sum,sum,1,94864047422.0,94864047422.0,94864047422.0,94864047422.0,,
4c8g,vm,postgres,tuned,m,search,contains_common,btree,server_ms,ms,1,24.729,24.729,24.729,24.729,,
4c8g,vm,postgres,tuned,m,search,contains_rare,btree,latency_ms,ms,5,24.5524,22.8696,25.2248,24.337079999999997,0.8744971537975423,3.593270654480909
4c8g,vm,postgres,tuned,m,search,contains_rare,btree,rows,rows,1,55.0,55.0,55.0,55.0,,
4c8g,vm,postgres,tuned,m,search,contains_rare,btree,id_sum,sum,1,706631613.0,706631613.0,706631613.0,706631613.0,,
4c8g,vm,postgres,tuned,m,search,contains_rare,btree,server_ms,ms,1,24.074,24.074,24.074,24.074,,
4c8g,vm,postgres,tuned,m,search,contains_miss,btree,latency_ms,ms,5,25.3395,24.2559,25.7159,25.0961,0.6075592810582353,2.4209310652182423
4c8g,vm,postgres,tuned,m,search,contains_miss,btree,rows,rows,1,0.0,0.0,0.0,0.0,,
4c8g,vm,postgres,tuned,m,search,contains_miss,btree,id_sum,sum,1,0.0,0.0,0.0,0.0,,
4c8g,vm,postgres,tuned,m,search,contains_miss,btree,server_ms,ms,1,23.917,23.917,23.917,23.917,,
4c8g,vm,postgres,tuned,m,search,point,trgm,latency_ms,ms,5,0.111,0.0978,0.1216,0.11166000000000001,0.008967608376819319,8.031173541840692
4c8g,vm,postgres,tuned,m,search,point,trgm,rows,rows,1,5.0,5.0,5.0,5.0,,
4c8g,vm,postgres,tuned,m,search,point,trgm,id_sum,sum,1,76859199.0,76859199.0,76859199.0,76859199.0,,
4c8g,vm,postgres,tuned,m,search,point,trgm,server_ms,ms,1,0.011,0.011,0.011,0.011,,
4c8g,vm,postgres,tuned,m,search,exact_common,trgm,latency_ms,ms,5,50.7785,50.0785,51.9325,50.78514,0.7442246220060185,1.465437767831335
4c8g,vm,postgres,tuned,m,search,exact_common,trgm,rows,rows,1,6000.0,6000.0,6000.0,6000.0,,
4c8g,vm,postgres,tuned,m,search,exact_common,trgm,id_sum,sum,1,90507904289.0,90507904289.0,90507904289.0,90507904289.0,,
4c8g,vm,postgres,tuned,m,search,exact_common,trgm,server_ms,ms,1,49.059,49.059,49.059,49.059,,
4c8g,vm,postgres,tuned,m,search,exact_rare,trgm,latency_ms,ms,5,1.7388,1.7092,1.8023,1.74618,0.04050490093803465,2.319629187027377
4c8g,vm,postgres,tuned,m,search,exact_rare,trgm,rows,rows,1,9.0,9.0,9.0,9.0,,
4c8g,vm,postgres,tuned,m,search,exact_rare,trgm,id_sum,sum,1,108959755.0,108959755.0,108959755.0,108959755.0,,
4c8g,vm,postgres,tuned,m,search,exact_rare,trgm,server_ms,ms,1,1.607,1.607,1.607,1.607,,
4c8g,vm,postgres,tuned,m,search,exact_miss,trgm,latency_ms,ms,5,0.3111,0.2966,0.3563,0.31896,0.022643939586564885,7.099303858341136
4c8g,vm,postgres,tuned,m,search,exact_miss,trgm,rows,rows,1,0.0,0.0,0.0,0.0,,
4c8g,vm,postgres,tuned,m,search,exact_miss,trgm,id_sum,sum,1,0.0,0.0,0.0,0.0,,
4c8g,vm,postgres,tuned,m,search,exact_miss,trgm,server_ms,ms,1,0.163,0.163,0.163,0.163,,
4c8g,vm,postgres,tuned,m,search,prefix,trgm,latency_ms,ms,5,2.3143,2.2323,2.3435,2.30336,0.04287386150091935,1.8613617281241033
4c8g,vm,postgres,tuned,m,search,prefix,trgm,rows,rows,1,303.0,303.0,303.0,303.0,,
4c8g,vm,postgres,tuned,m,search,prefix,trgm,id_sum,sum,1,5269081058.0,5269081058.0,5269081058.0,5269081058.0,,
4c8g,vm,postgres,tuned,m,search,prefix,trgm,server_ms,ms,1,2.11,2.11,2.11,2.11,,
4c8g,vm,postgres,tuned,m,search,contains_common,trgm,latency_ms,ms,5,4.1468,3.9178,4.8019,4.2398,0.33469135782090337,7.894036459759975
4c8g,vm,postgres,tuned,m,search,contains_common,trgm,rows,rows,1,7044.0,7044.0,7044.0,7044.0,,
4c8g,vm,postgres,tuned,m,search,contains_common,trgm,id_sum,sum,1,94864047422.0,94864047422.0,94864047422.0,94864047422.0,,
4c8g,vm,postgres,tuned,m,search,contains_common,trgm,server_ms,ms,1,3.703,3.703,3.703,3.703,,
4c8g,vm,postgres,tuned,m,search,contains_rare,trgm,latency_ms,ms,5,0.4906,0.4728,0.5441,0.49954,0.02812113084497138,5.62940522179833
4c8g,vm,postgres,tuned,m,search,contains_rare,trgm,rows,rows,1,55.0,55.0,55.0,55.0,,
4c8g,vm,postgres,tuned,m,search,contains_rare,trgm,id_sum,sum,1,706631613.0,706631613.0,706631613.0,706631613.0,,
4c8g,vm,postgres,tuned,m,search,contains_rare,trgm,server_ms,ms,1,0.36,0.36,0.36,0.36,,
4c8g,vm,postgres,tuned,m,search,contains_miss,trgm,latency_ms,ms,5,0.1139,0.1063,0.1332,0.11552,0.010521739399928138,9.108153912680175
4c8g,vm,postgres,tuned,m,search,contains_miss,trgm,rows,rows,1,0.0,0.0,0.0,0.0,,
4c8g,vm,postgres,tuned,m,search,contains_miss,trgm,id_sum,sum,1,0.0,0.0,0.0,0.0,,
4c8g,vm,postgres,tuned,m,search,contains_miss,trgm,server_ms,ms,1,0.005,0.005,0.005,0.005,,
4c8g,vm,postgres,tuned,m,search,word_common,fts,latency_ms,ms,5,2.9583,2.7578,2.9988,2.89682,0.11132812762280704,3.8431151270291926
4c8g,vm,postgres,tuned,m,search,word_common,fts,rows,rows,1,5946.0,5946.0,5946.0,5946.0,,
4c8g,vm,postgres,tuned,m,search,word_common,fts,id_sum,sum,1,81764417290.0,81764417290.0,81764417290.0,81764417290.0,,
4c8g,vm,postgres,tuned,m,search,word_common,fts,server_ms,ms,1,1.824,1.824,1.824,1.824,,
4c8g,vm,postgres,tuned,m,search,word_rare,fts,latency_ms,ms,5,0.19,0.1506,0.2444,0.19192,0.03410413464669643,17.76997428443957
4c8g,vm,postgres,tuned,m,search,word_rare,fts,rows,rows,1,51.0,51.0,51.0,51.0,,
4c8g,vm,postgres,tuned,m,search,word_rare,fts,id_sum,sum,1,693484358.0,693484358.0,693484358.0,693484358.0,,
4c8g,vm,postgres,tuned,m,search,word_rare,fts,server_ms,ms,1,0.025,0.025,0.025,0.025,,
4c8g,vm,postgres,tuned,m,search,word_miss,fts,latency_ms,ms,5,0.1378,0.1333,0.1605,0.14208,0.010699158845442012,7.5303764396410555
4c8g,vm,postgres,tuned,m,search,word_miss,fts,rows,rows,1,0.0,0.0,0.0,0.0,,
4c8g,vm,postgres,tuned,m,search,word_miss,fts,id_sum,sum,1,0.0,0.0,0.0,0.0,,
4c8g,vm,postgres,tuned,m,search,word_miss,fts,server_ms,ms,1,0.005,0.005,0.005,0.005,,
4c8g,vm,postgres,tuned,l,search,point,noidx,latency_ms,ms,5,0.122,0.1173,0.1426,0.12818000000000002,0.01109963963378992,8.659416159923481
4c8g,vm,postgres,tuned,l,search,point,noidx,rows,rows,1,5.0,5.0,5.0,5.0,,
4c8g,vm,postgres,tuned,l,search,point,noidx,id_sum,sum,1,76840469.0,76840469.0,76840469.0,76840469.0,,
4c8g,vm,postgres,tuned,l,search,point,noidx,server_ms,ms,1,0.007,0.007,0.007,0.007,,
4c8g,vm,postgres,tuned,l,search,exact_common,noidx,latency_ms,ms,5,147.3601,145.469,163.4798,151.6107,7.5213951694482795,4.960992310864787
4c8g,vm,postgres,tuned,l,search,exact_common,noidx,rows,rows,1,60684.0,60684.0,60684.0,60684.0,,
4c8g,vm,postgres,tuned,l,search,exact_common,noidx,id_sum,sum,1,936128905867.0,936128905867.0,936128905867.0,936128905867.0,,
4c8g,vm,postgres,tuned,l,search,exact_common,noidx,server_ms,ms,1,149.224,149.224,149.224,149.224,,
4c8g,vm,postgres,tuned,l,search,exact_rare,noidx,latency_ms,ms,5,142.1509,140.4044,145.9795,142.70106,2.072700114102367,1.4524770272220588
4c8g,vm,postgres,tuned,l,search,exact_rare,noidx,rows,rows,1,47.0,47.0,47.0,47.0,,
4c8g,vm,postgres,tuned,l,search,exact_rare,noidx,id_sum,sum,1,502059988.0,502059988.0,502059988.0,502059988.0,,
4c8g,vm,postgres,tuned,l,search,exact_rare,noidx,server_ms,ms,1,142.83,142.83,142.83,142.83,,
4c8g,vm,postgres,tuned,l,search,exact_miss,noidx,latency_ms,ms,5,139.7529,136.3868,148.6368,140.65806,4.7688583542604865,3.3903911046835753
4c8g,vm,postgres,tuned,l,search,exact_miss,noidx,rows,rows,1,0.0,0.0,0.0,0.0,,
4c8g,vm,postgres,tuned,l,search,exact_miss,noidx,id_sum,sum,1,0.0,0.0,0.0,0.0,,
4c8g,vm,postgres,tuned,l,search,exact_miss,noidx,server_ms,ms,1,138.625,138.625,138.625,138.625,,
4c8g,vm,postgres,tuned,l,search,prefix,noidx,latency_ms,ms,5,146.9453,146.2123,156.6572,150.25454,4.953306268847101,3.2966100517475887
4c8g,vm,postgres,tuned,l,search,prefix,noidx,rows,rows,1,3266.0,3266.0,3266.0,3266.0,,
4c8g,vm,postgres,tuned,l,search,prefix,noidx,id_sum,sum,1,58694774105.0,58694774105.0,58694774105.0,58694774105.0,,
4c8g,vm,postgres,tuned,l,search,prefix,noidx,server_ms,ms,1,149.593,149.593,149.593,149.593,,
4c8g,vm,postgres,tuned,l,search,contains_common,noidx,latency_ms,ms,5,220.0776,219.4143,224.5862,221.65158000000002,2.589021834013763,1.1680592730328216
4c8g,vm,postgres,tuned,l,search,contains_common,noidx,rows,rows,1,70524.0,70524.0,70524.0,70524.0,,
4c8g,vm,postgres,tuned,l,search,contains_common,noidx,id_sum,sum,1,933383886531.0,933383886531.0,933383886531.0,933383886531.0,,
4c8g,vm,postgres,tuned,l,search,contains_common,noidx,server_ms,ms,1,217.283,217.283,217.283,217.283,,
4c8g,vm,postgres,tuned,l,search,contains_rare,noidx,latency_ms,ms,5,214.4398,213.8338,216.8863,214.83514,1.2345784819119496,0.5746631961195686
4c8g,vm,postgres,tuned,l,search,contains_rare,noidx,rows,rows,1,474.0,474.0,474.0,474.0,,
4c8g,vm,postgres,tuned,l,search,contains_rare,noidx,id_sum,sum,1,6572348867.0,6572348867.0,6572348867.0,6572348867.0,,
4c8g,vm,postgres,tuned,l,search,contains_rare,noidx,server_ms,ms,1,215.202,215.202,215.202,215.202,,
4c8g,vm,postgres,tuned,l,search,contains_miss,noidx,latency_ms,ms,5,213.4068,208.5393,222.1925,214.48466,5.272378823927579,2.458161261475566
4c8g,vm,postgres,tuned,l,search,contains_miss,noidx,rows,rows,1,0.0,0.0,0.0,0.0,,
4c8g,vm,postgres,tuned,l,search,contains_miss,noidx,id_sum,sum,1,0.0,0.0,0.0,0.0,,
4c8g,vm,postgres,tuned,l,search,contains_miss,noidx,server_ms,ms,1,221.075,221.075,221.075,221.075,,
4c8g,vm,postgres,tuned,l,search,point,btree,latency_ms,ms,5,0.1206,0.0812,0.1313,0.10981999999999999,0.022371343276611708,20.370919028056555
4c8g,vm,postgres,tuned,l,search,point,btree,rows,rows,1,5.0,5.0,5.0,5.0,,
4c8g,vm,postgres,tuned,l,search,point,btree,id_sum,sum,1,76840469.0,76840469.0,76840469.0,76840469.0,,
4c8g,vm,postgres,tuned,l,search,point,btree,server_ms,ms,1,0.008,0.008,0.008,0.008,,
4c8g,vm,postgres,tuned,l,search,exact_common,btree,latency_ms,ms,5,39.0798,37.5268,39.538,38.75304,0.7880019435255188,2.0333938796169764
4c8g,vm,postgres,tuned,l,search,exact_common,btree,rows,rows,1,60684.0,60684.0,60684.0,60684.0,,
4c8g,vm,postgres,tuned,l,search,exact_common,btree,id_sum,sum,1,936128905867.0,936128905867.0,936128905867.0,936128905867.0,,
4c8g,vm,postgres,tuned,l,search,exact_common,btree,server_ms,ms,1,32.223,32.223,32.223,32.223,,
4c8g,vm,postgres,tuned,l,search,exact_rare,btree,latency_ms,ms,5,0.1299,0.1107,0.1498,0.1292,0.018226354544998834,14.107085561144608
4c8g,vm,postgres,tuned,l,search,exact_rare,btree,rows,rows,1,47.0,47.0,47.0,47.0,,
4c8g,vm,postgres,tuned,l,search,exact_rare,btree,id_sum,sum,1,502059988.0,502059988.0,502059988.0,502059988.0,,
4c8g,vm,postgres,tuned,l,search,exact_rare,btree,server_ms,ms,1,0.019,0.019,0.019,0.019,,
4c8g,vm,postgres,tuned,l,search,exact_miss,btree,latency_ms,ms,5,0.1103,0.0922,0.1237,0.10876000000000001,0.011419194367379863,10.499443147646065
4c8g,vm,postgres,tuned,l,search,exact_miss,btree,rows,rows,1,0.0,0.0,0.0,0.0,,
4c8g,vm,postgres,tuned,l,search,exact_miss,btree,id_sum,sum,1,0.0,0.0,0.0,0.0,,
4c8g,vm,postgres,tuned,l,search,exact_miss,btree,server_ms,ms,1,0.006,0.006,0.006,0.006,,
4c8g,vm,postgres,tuned,l,search,prefix,btree,latency_ms,ms,5,1.3586,1.2701,1.389,1.33738,0.04909548859111199,3.6710200983349526
4c8g,vm,postgres,tuned,l,search,prefix,btree,rows,rows,1,3266.0,3266.0,3266.0,3266.0,,
4c8g,vm,postgres,tuned,l,search,prefix,btree,id_sum,sum,1,58694774105.0,58694774105.0,58694774105.0,58694774105.0,,
4c8g,vm,postgres,tuned,l,search,prefix,btree,server_ms,ms,1,0.847,0.847,0.847,0.847,,
4c8g,vm,postgres,tuned,l,search,contains_common,btree,latency_ms,ms,5,228.1121,224.7949,233.2085,228.5286,3.6079036794238357,1.5787536787184782
4c8g,vm,postgres,tuned,l,search,contains_common,btree,rows,rows,1,70524.0,70524.0,70524.0,70524.0,,
4c8g,vm,postgres,tuned,l,search,contains_common,btree,id_sum,sum,1,933383886531.0,933383886531.0,933383886531.0,933383886531.0,,
4c8g,vm,postgres,tuned,l,search,contains_common,btree,server_ms,ms,1,226.298,226.298,226.298,226.298,,
4c8g,vm,postgres,tuned,l,search,contains_rare,btree,latency_ms,ms,5,219.0634,214.7468,221.9125,219.02506,2.9197156253649026,1.333050941917287
4c8g,vm,postgres,tuned,l,search,contains_rare,btree,rows,rows,1,474.0,474.0,474.0,474.0,,
4c8g,vm,postgres,tuned,l,search,contains_rare,btree,id_sum,sum,1,6572348867.0,6572348867.0,6572348867.0,6572348867.0,,
4c8g,vm,postgres,tuned,l,search,contains_rare,btree,server_ms,ms,1,217.832,217.832,217.832,217.832,,
4c8g,vm,postgres,tuned,l,search,contains_miss,btree,latency_ms,ms,5,221.1447,215.3189,226.3836,221.96596,4.573136252945017,2.0602871958137263
4c8g,vm,postgres,tuned,l,search,contains_miss,btree,rows,rows,1,0.0,0.0,0.0,0.0,,
4c8g,vm,postgres,tuned,l,search,contains_miss,btree,id_sum,sum,1,0.0,0.0,0.0,0.0,,
4c8g,vm,postgres,tuned,l,search,contains_miss,btree,server_ms,ms,1,224.492,224.492,224.492,224.492,,
4c8g,vm,postgres,tuned,l,search,point,trgm,latency_ms,ms,5,0.0882,0.0841,0.0977,0.08964,0.005779100275994523,6.447010571167473
4c8g,vm,postgres,tuned,l,search,point,trgm,rows,rows,1,5.0,5.0,5.0,5.0,,
4c8g,vm,postgres,tuned,l,search,point,trgm,id_sum,sum,1,76840469.0,76840469.0,76840469.0,76840469.0,,
4c8g,vm,postgres,tuned,l,search,point,trgm,server_ms,ms,1,0.008,0.008,0.008,0.008,,
4c8g,vm,postgres,tuned,l,search,exact_common,trgm,latency_ms,ms,5,531.2358,528.443,538.596,532.19514,4.196341047627064,0.7884966870661511
4c8g,vm,postgres,tuned,l,search,exact_common,trgm,rows,rows,1,60684.0,60684.0,60684.0,60684.0,,
4c8g,vm,postgres,tuned,l,search,exact_common,trgm,id_sum,sum,1,936128905867.0,936128905867.0,936128905867.0,936128905867.0,,
4c8g,vm,postgres,tuned,l,search,exact_common,trgm,server_ms,ms,1,522.139,522.139,522.139,522.139,,
4c8g,vm,postgres,tuned,l,search,exact_rare,trgm,latency_ms,ms,5,15.8603,15.6802,15.9847,15.8172,0.1273500687082655,0.8051366152559587
4c8g,vm,postgres,tuned,l,search,exact_rare,trgm,rows,rows,1,47.0,47.0,47.0,47.0,,
4c8g,vm,postgres,tuned,l,search,exact_rare,trgm,id_sum,sum,1,502059988.0,502059988.0,502059988.0,502059988.0,,
4c8g,vm,postgres,tuned,l,search,exact_rare,trgm,server_ms,ms,1,15.873,15.873,15.873,15.873,,
4c8g,vm,postgres,tuned,l,search,exact_miss,trgm,latency_ms,ms,5,0.3383,0.3252,0.3998,0.35497999999999996,0.031461595636585245,8.862920625552213
4c8g,vm,postgres,tuned,l,search,exact_miss,trgm,rows,rows,1,0.0,0.0,0.0,0.0,,
4c8g,vm,postgres,tuned,l,search,exact_miss,trgm,id_sum,sum,1,0.0,0.0,0.0,0.0,,
4c8g,vm,postgres,tuned,l,search,exact_miss,trgm,server_ms,ms,1,0.234,0.234,0.234,0.234,,
4c8g,vm,postgres,tuned,l,search,prefix,trgm,latency_ms,ms,5,23.1154,22.2155,24.3923,23.0871,0.8257333619274443,3.5766006208118135
4c8g,vm,postgres,tuned,l,search,prefix,trgm,rows,rows,1,3266.0,3266.0,3266.0,3266.0,,
4c8g,vm,postgres,tuned,l,search,prefix,trgm,id_sum,sum,1,58694774105.0,58694774105.0,58694774105.0,58694774105.0,,
4c8g,vm,postgres,tuned,l,search,prefix,trgm,server_ms,ms,1,21.614,21.614,21.614,21.614,,
4c8g,vm,postgres,tuned,l,search,contains_common,trgm,latency_ms,ms,5,53.5118,53.1911,54.741,53.677139999999994,0.6201839428750142,1.155396772024393
4c8g,vm,postgres,tuned,l,search,contains_common,trgm,rows,rows,1,70524.0,70524.0,70524.0,70524.0,,
4c8g,vm,postgres,tuned,l,search,contains_common,trgm,id_sum,sum,1,933383886531.0,933383886531.0,933383886531.0,933383886531.0,,
4c8g,vm,postgres,tuned,l,search,contains_common,trgm,server_ms,ms,1,45.091,45.091,45.091,45.091,,
4c8g,vm,postgres,tuned,l,search,contains_rare,trgm,latency_ms,ms,5,3.8862,3.813,3.9236,3.87062,0.053337716486553825,1.378014800898921
4c8g,vm,postgres,tuned,l,search,contains_rare,trgm,rows,rows,1,474.0,474.0,474.0,474.0,,
4c8g,vm,postgres,tuned,l,search,contains_rare,trgm,id_sum,sum,1,6572348867.0,6572348867.0,6572348867.0,6572348867.0,,
4c8g,vm,postgres,tuned,l,search,contains_rare,trgm,server_ms,ms,1,3.776,3.776,3.776,3.776,,
4c8g,vm,postgres,tuned,l,search,contains_miss,trgm,latency_ms,ms,5,0.1212,0.0873,0.1362,0.11774,0.018836878722336133,15.998707934717288
4c8g,vm,postgres,tuned,l,search,contains_miss,trgm,rows,rows,1,0.0,0.0,0.0,0.0,,
4c8g,vm,postgres,tuned,l,search,contains_miss,trgm,id_sum,sum,1,0.0,0.0,0.0,0.0,,
4c8g,vm,postgres,tuned,l,search,contains_miss,trgm,server_ms,ms,1,0.006,0.006,0.006,0.006,,
4c8g,vm,postgres,tuned,l,search,word_common,fts,latency_ms,ms,5,41.901,39.7924,43.9986,42.223040000000005,1.7404760937743446,4.122100383521282
4c8g,vm,postgres,tuned,l,search,word_common,fts,rows,rows,1,59547.0,59547.0,59547.0,59547.0,,
4c8g,vm,postgres,tuned,l,search,word_common,fts,id_sum,sum,1,803152511191.0,803152511191.0,803152511191.0,803152511191.0,,
4c8g,vm,postgres,tuned,l,search,word_common,fts,server_ms,ms,1,37.403,37.403,37.403,37.403,,
4c8g,vm,postgres,tuned,l,search,word_rare,fts,latency_ms,ms,5,0.367,0.3238,0.469,0.3798,0.05391326367416464,14.195172110101273
4c8g,vm,postgres,tuned,l,search,word_rare,fts,rows,rows,1,429.0,429.0,429.0,429.0,,
4c8g,vm,postgres,tuned,l,search,word_rare,fts,id_sum,sum,1,6122950223.0,6122950223.0,6122950223.0,6122950223.0,,
4c8g,vm,postgres,tuned,l,search,word_rare,fts,server_ms,ms,1,0.136,0.136,0.136,0.136,,
4c8g,vm,postgres,tuned,l,search,word_miss,fts,latency_ms,ms,5,0.1126,0.1023,0.1679,0.12522,0.02707447137064729,21.62152321565827
4c8g,vm,postgres,tuned,l,search,word_miss,fts,rows,rows,1,0.0,0.0,0.0,0.0,,
4c8g,vm,postgres,tuned,l,search,word_miss,fts,id_sum,sum,1,0.0,0.0,0.0,0.0,,
4c8g,vm,postgres,tuned,l,search,word_miss,fts,server_ms,ms,1,0.004,0.004,0.004,0.004,,
4c8g,vm,opengauss,tuned,s,search,point,noidx,latency_ms,ms,5,0.1624,0.1425,0.1906,0.16784,0.02020972538160774,12.041066123455519
4c8g,vm,opengauss,tuned,s,search,point,noidx,rows,rows,1,5.0,5.0,5.0,5.0,,
4c8g,vm,opengauss,tuned,s,search,point,noidx,id_sum,sum,1,77016375.0,77016375.0,77016375.0,77016375.0,,
4c8g,vm,opengauss,tuned,s,search,point,noidx,server_ms,ms,1,0.015,0.015,0.015,0.015,,
4c8g,vm,opengauss,tuned,s,search,exact_common,noidx,latency_ms,ms,5,6.0454,6.0072,6.1247,6.06588,0.051733615763833826,0.8528624991564923
4c8g,vm,opengauss,tuned,s,search,exact_common,noidx,rows,rows,1,578.0,578.0,578.0,578.0,,
4c8g,vm,opengauss,tuned,s,search,exact_common,noidx,id_sum,sum,1,8262982838.0,8262982838.0,8262982838.0,8262982838.0,,
4c8g,vm,opengauss,tuned,s,search,exact_common,noidx,server_ms,ms,1,5.673,5.673,5.673,5.673,,
4c8g,vm,opengauss,tuned,s,search,exact_rare,noidx,latency_ms,ms,5,5.6415,5.5714,5.7085,5.63606,0.05594115658439653,0.9925578610660023
4c8g,vm,opengauss,tuned,s,search,exact_rare,noidx,rows,rows,1,0.0,0.0,0.0,0.0,,
4c8g,vm,opengauss,tuned,s,search,exact_rare,noidx,id_sum,sum,1,0.0,0.0,0.0,0.0,,
4c8g,vm,opengauss,tuned,s,search,exact_rare,noidx,server_ms,ms,1,5.459,5.459,5.459,5.459,,
4c8g,vm,opengauss,tuned,s,search,exact_miss,noidx,latency_ms,ms,5,5.4603,5.3553,5.631,5.48992,0.11523470397410704,2.099023373275149
4c8g,vm,opengauss,tuned,s,search,exact_miss,noidx,rows,rows,1,0.0,0.0,0.0,0.0,,
4c8g,vm,opengauss,tuned,s,search,exact_miss,noidx,id_sum,sum,1,0.0,0.0,0.0,0.0,,
4c8g,vm,opengauss,tuned,s,search,exact_miss,noidx,server_ms,ms,1,5.194,5.194,5.194,5.194,,
4c8g,vm,opengauss,tuned,s,search,prefix,noidx,latency_ms,ms,5,6.1371,6.0463,6.2404,6.13804,0.06996847861716043,1.1399156508781376
4c8g,vm,opengauss,tuned,s,search,prefix,noidx,rows,rows,1,33.0,33.0,33.0,33.0,,
4c8g,vm,opengauss,tuned,s,search,prefix,noidx,id_sum,sum,1,592694280.0,592694280.0,592694280.0,592694280.0,,
4c8g,vm,opengauss,tuned,s,search,prefix,noidx,server_ms,ms,1,5.905,5.905,5.905,5.905,,
4c8g,vm,opengauss,tuned,s,search,contains_common,noidx,latency_ms,ms,5,8.6069,8.48,8.9494,8.68724,0.185527283707814,2.1356297708802106
4c8g,vm,opengauss,tuned,s,search,contains_common,noidx,rows,rows,1,682.0,682.0,682.0,682.0,,
4c8g,vm,opengauss,tuned,s,search,contains_common,noidx,id_sum,sum,1,9803835120.0,9803835120.0,9803835120.0,9803835120.0,,
4c8g,vm,opengauss,tuned,s,search,contains_common,noidx,server_ms,ms,1,8.078,8.078,8.078,8.078,,
4c8g,vm,opengauss,tuned,s,search,contains_rare,noidx,latency_ms,ms,5,8.2601,8.2542,8.3774,8.2944,0.05488647374353664,0.6617292841379322
4c8g,vm,opengauss,tuned,s,search,contains_rare,noidx,rows,rows,1,4.0,4.0,4.0,4.0,,
4c8g,vm,opengauss,tuned,s,search,contains_rare,noidx,id_sum,sum,1,75971361.0,75971361.0,75971361.0,75971361.0,,
4c8g,vm,opengauss,tuned,s,search,contains_rare,noidx,server_ms,ms,1,7.977,7.977,7.977,7.977,,
4c8g,vm,opengauss,tuned,s,search,contains_miss,noidx,latency_ms,ms,5,8.2117,8.1025,8.3343,8.2378,0.09672988162920546,1.1742198357474745
4c8g,vm,opengauss,tuned,s,search,contains_miss,noidx,rows,rows,1,0.0,0.0,0.0,0.0,,
4c8g,vm,opengauss,tuned,s,search,contains_miss,noidx,id_sum,sum,1,0.0,0.0,0.0,0.0,,
4c8g,vm,opengauss,tuned,s,search,contains_miss,noidx,server_ms,ms,1,7.801,7.801,7.801,7.801,,
4c8g,vm,opengauss,tuned,s,search,point,btree,latency_ms,ms,5,0.1587,0.1559,0.2081,0.16846,0.022317773186409078,13.248114203020942
4c8g,vm,opengauss,tuned,s,search,point,btree,rows,rows,1,5.0,5.0,5.0,5.0,,
4c8g,vm,opengauss,tuned,s,search,point,btree,id_sum,sum,1,77016375.0,77016375.0,77016375.0,77016375.0,,
4c8g,vm,opengauss,tuned,s,search,point,btree,server_ms,ms,1,0.015,0.015,0.015,0.015,,
4c8g,vm,opengauss,tuned,s,search,exact_common,btree,latency_ms,ms,5,0.6573,0.6274,2.3013,0.98232,0.7375155639035693,75.07895226642736
4c8g,vm,opengauss,tuned,s,search,exact_common,btree,rows,rows,1,578.0,578.0,578.0,578.0,,
4c8g,vm,opengauss,tuned,s,search,exact_common,btree,id_sum,sum,1,8262982838.0,8262982838.0,8262982838.0,8262982838.0,,
4c8g,vm,opengauss,tuned,s,search,exact_common,btree,server_ms,ms,1,0.229,0.229,0.229,0.229,,
4c8g,vm,opengauss,tuned,s,search,exact_rare,btree,latency_ms,ms,5,0.1863,0.1435,0.2216,0.1855,0.02782076562569765,14.997717318435392
4c8g,vm,opengauss,tuned,s,search,exact_rare,btree,rows,rows,1,0.0,0.0,0.0,0.0,,
4c8g,vm,opengauss,tuned,s,search,exact_rare,btree,id_sum,sum,1,0.0,0.0,0.0,0.0,,
4c8g,vm,opengauss,tuned,s,search,exact_rare,btree,server_ms,ms,1,0.01,0.01,0.01,0.01,,
4c8g,vm,opengauss,tuned,s,search,exact_miss,btree,latency_ms,ms,5,0.236,0.2,0.5763,0.29324,0.15962929868918174,54.436399771239174
4c8g,vm,opengauss,tuned,s,search,exact_miss,btree,rows,rows,1,0.0,0.0,0.0,0.0,,
4c8g,vm,opengauss,tuned,s,search,exact_miss,btree,id_sum,sum,1,0.0,0.0,0.0,0.0,,
4c8g,vm,opengauss,tuned,s,search,exact_miss,btree,server_ms,ms,1,0.01,0.01,0.01,0.01,,
4c8g,vm,opengauss,tuned,s,search,prefix,btree,latency_ms,ms,5,0.2701,0.2418,0.3122,0.27026,0.026359779968732656,9.753489221021482
4c8g,vm,opengauss,tuned,s,search,prefix,btree,rows,rows,1,33.0,33.0,33.0,33.0,,
4c8g,vm,opengauss,tuned,s,search,prefix,btree,id_sum,sum,1,592694280.0,592694280.0,592694280.0,592694280.0,,
4c8g,vm,opengauss,tuned,s,search,prefix,btree,server_ms,ms,1,0.021,0.021,0.021,0.021,,
4c8g,vm,opengauss,tuned,s,search,contains_common,btree,latency_ms,ms,5,9.0667,8.9995,9.1916,9.070179999999999,0.07763289895398691,0.8559135425535868
4c8g,vm,opengauss,tuned,s,search,contains_common,btree,rows,rows,1,682.0,682.0,682.0,682.0,,
4c8g,vm,opengauss,tuned,s,search,contains_common,btree,id_sum,sum,1,9803835120.0,9803835120.0,9803835120.0,9803835120.0,,
4c8g,vm,opengauss,tuned,s,search,contains_common,btree,server_ms,ms,1,9.082,9.082,9.082,9.082,,
4c8g,vm,opengauss,tuned,s,search,contains_rare,btree,latency_ms,ms,5,8.2615,8.1269,9.0346,8.40736,0.36017838358235743,4.284084225991957
4c8g,vm,opengauss,tuned,s,search,contains_rare,btree,rows,rows,1,4.0,4.0,4.0,4.0,,
4c8g,vm,opengauss,tuned,s,search,contains_rare,btree,id_sum,sum,1,75971361.0,75971361.0,75971361.0,75971361.0,,
4c8g,vm,opengauss,tuned,s,search,contains_rare,btree,server_ms,ms,1,7.903,7.903,7.903,7.903,,
4c8g,vm,opengauss,tuned,s,search,contains_miss,btree,latency_ms,ms,5,8.2732,8.119,8.534,8.287600000000001,0.16549802113620593,1.9969354353034159
4c8g,vm,opengauss,tuned,s,search,contains_miss,btree,rows,rows,1,0.0,0.0,0.0,0.0,,
4c8g,vm,opengauss,tuned,s,search,contains_miss,btree,id_sum,sum,1,0.0,0.0,0.0,0.0,,
4c8g,vm,opengauss,tuned,s,search,contains_miss,btree,server_ms,ms,1,7.997,7.997,7.997,7.997,,
4c8g,vm,opengauss,tuned,s,search,word_common,fts,latency_ms,ms,5,0.8834,0.7738,1.3104,0.9296599999999999,0.21887550799484165,23.54360820029276
4c8g,vm,opengauss,tuned,s,search,word_common,fts,rows,rows,1,579.0,579.0,579.0,579.0,,
4c8g,vm,opengauss,tuned,s,search,word_common,fts,id_sum,sum,1,8580795053.0,8580795053.0,8580795053.0,8580795053.0,,
4c8g,vm,opengauss,tuned,s,search,word_common,fts,server_ms,ms,1,0.27,0.27,0.27,0.27,,
4c8g,vm,opengauss,tuned,s,search,word_rare,fts,latency_ms,ms,5,0.3151,0.284,0.3945,0.32199999999999995,0.04518965589601232,14.034054626090786
4c8g,vm,opengauss,tuned,s,search,word_rare,fts,rows,rows,1,4.0,4.0,4.0,4.0,,
4c8g,vm,opengauss,tuned,s,search,word_rare,fts,id_sum,sum,1,75971361.0,75971361.0,75971361.0,75971361.0,,
4c8g,vm,opengauss,tuned,s,search,word_rare,fts,server_ms,ms,1,0.017,0.017,0.017,0.017,,
4c8g,vm,opengauss,tuned,s,search,word_miss,fts,latency_ms,ms,5,0.2889,0.2511,0.3899,0.30428,0.052863522394936975,17.373314839929332
4c8g,vm,opengauss,tuned,s,search,word_miss,fts,rows,rows,1,0.0,0.0,0.0,0.0,,
4c8g,vm,opengauss,tuned,s,search,word_miss,fts,id_sum,sum,1,0.0,0.0,0.0,0.0,,
4c8g,vm,opengauss,tuned,s,search,word_miss,fts,server_ms,ms,1,0.01,0.01,0.01,0.01,,
4c8g,vm,opengauss,tuned,m,search,point,noidx,latency_ms,ms,5,0.1756,0.1571,0.1812,0.1699,0.011328503872974587,6.667748012345253
4c8g,vm,opengauss,tuned,m,search,point,noidx,rows,rows,1,5.0,5.0,5.0,5.0,,
4c8g,vm,opengauss,tuned,m,search,point,noidx,id_sum,sum,1,76859199.0,76859199.0,76859199.0,76859199.0,,
4c8g,vm,opengauss,tuned,m,search,point,noidx,server_ms,ms,1,0.013,0.013,0.013,0.013,,
4c8g,vm,opengauss,tuned,m,search,exact_common,noidx,latency_ms,ms,5,58.7831,57.8543,59.011,58.588879999999996,0.4592682571221303,0.7838829776608297
4c8g,vm,opengauss,tuned,m,search,exact_common,noidx,rows,rows,1,6000.0,6000.0,6000.0,6000.0,,
4c8g,vm,opengauss,tuned,m,search,exact_common,noidx,id_sum,sum,1,90507904289.0,90507904289.0,90507904289.0,90507904289.0,,
4c8g,vm,opengauss,tuned,m,search,exact_common,noidx,server_ms,ms,1,57.37,57.37,57.37,57.37,,
4c8g,vm,opengauss,tuned,m,search,exact_rare,noidx,latency_ms,ms,5,57.541,57.1533,57.7585,57.48864,0.27212932219810365,0.47336190627940355
4c8g,vm,opengauss,tuned,m,search,exact_rare,noidx,rows,rows,1,9.0,9.0,9.0,9.0,,
4c8g,vm,opengauss,tuned,m,search,exact_rare,noidx,id_sum,sum,1,108959755.0,108959755.0,108959755.0,108959755.0,,
4c8g,vm,opengauss,tuned,m,search,exact_rare,noidx,server_ms,ms,1,59.334,59.334,59.334,59.334,,
4c8g,vm,opengauss,tuned,m,search,exact_miss,noidx,latency_ms,ms,5,56.2878,56.1935,56.7063,56.407140000000005,0.2351626096980549,0.4169022036892047
4c8g,vm,opengauss,tuned,m,search,exact_miss,noidx,rows,rows,1,0.0,0.0,0.0,0.0,,
4c8g,vm,opengauss,tuned,m,search,exact_miss,noidx,id_sum,sum,1,0.0,0.0,0.0,0.0,,
4c8g,vm,opengauss,tuned,m,search,exact_miss,noidx,server_ms,ms,1,55.957,55.957,55.957,55.957,,
4c8g,vm,opengauss,tuned,m,search,prefix,noidx,latency_ms,ms,5,62.1207,61.54,62.4549,62.036159999999995,0.33590631580844277,0.5414685818858594
4c8g,vm,opengauss,tuned,m,search,prefix,noidx,rows,rows,1,303.0,303.0,303.0,303.0,,
4c8g,vm,opengauss,tuned,m,search,prefix,noidx,id_sum,sum,1,5269081058.0,5269081058.0,5269081058.0,5269081058.0,,
4c8g,vm,opengauss,tuned,m,search,prefix,noidx,server_ms,ms,1,61.666,61.666,61.666,61.666,,
4c8g,vm,opengauss,tuned,m,search,contains_common,noidx,latency_ms,ms,5,84.5943,83.5076,85.4774,84.58008,0.8210314713821927,0.9707149382953915
4c8g,vm,opengauss,tuned,m,search,contains_common,noidx,rows,rows,1,7044.0,7044.0,7044.0,7044.0,,
4c8g,vm,opengauss,tuned,m,search,contains_common,noidx,id_sum,sum,1,94864047422.0,94864047422.0,94864047422.0,94864047422.0,,
4c8g,vm,opengauss,tuned,m,search,contains_common,noidx,server_ms,ms,1,82.441,82.441,82.441,82.441,,
4c8g,vm,opengauss,tuned,m,search,contains_rare,noidx,latency_ms,ms,5,81.8042,81.0275,83.3773,81.86242,0.9113472867134685,1.113266974899433
4c8g,vm,opengauss,tuned,m,search,contains_rare,noidx,rows,rows,1,55.0,55.0,55.0,55.0,,
4c8g,vm,opengauss,tuned,m,search,contains_rare,noidx,id_sum,sum,1,706631613.0,706631613.0,706631613.0,706631613.0,,
4c8g,vm,opengauss,tuned,m,search,contains_rare,noidx,server_ms,ms,1,82.562,82.562,82.562,82.562,,
4c8g,vm,opengauss,tuned,m,search,contains_miss,noidx,latency_ms,ms,5,81.0516,80.7457,81.2132,80.97261999999999,0.20204883568088056,0.24952735342005802
4c8g,vm,opengauss,tuned,m,search,contains_miss,noidx,rows,rows,1,0.0,0.0,0.0,0.0,,
4c8g,vm,opengauss,tuned,m,search,contains_miss,noidx,id_sum,sum,1,0.0,0.0,0.0,0.0,,
4c8g,vm,opengauss,tuned,m,search,contains_miss,noidx,server_ms,ms,1,80.783,80.783,80.783,80.783,,
4c8g,vm,opengauss,tuned,m,search,point,btree,latency_ms,ms,5,0.1726,0.1562,0.1834,0.17312,0.010663582887566449,6.159648155941802
4c8g,vm,opengauss,tuned,m,search,point,btree,rows,rows,1,5.0,5.0,5.0,5.0,,
4c8g,vm,opengauss,tuned,m,search,point,btree,id_sum,sum,1,76859199.0,76859199.0,76859199.0,76859199.0,,
4c8g,vm,opengauss,tuned,m,search,point,btree,server_ms,ms,1,0.016,0.016,0.016,0.016,,
4c8g,vm,opengauss,tuned,m,search,exact_common,btree,latency_ms,ms,5,4.0555,3.6962,5.1087,4.334580000000001,0.6358241557223192,14.66864507570097
4c8g,vm,opengauss,tuned,m,search,exact_common,btree,rows,rows,1,6000.0,6000.0,6000.0,6000.0,,
4c8g,vm,opengauss,tuned,m,search,exact_common,btree,id_sum,sum,1,90507904289.0,90507904289.0,90507904289.0,90507904289.0,,
4c8g,vm,opengauss,tuned,m,search,exact_common,btree,server_ms,ms,1,2.538,2.538,2.538,2.538,,
4c8g,vm,opengauss,tuned,m,search,exact_rare,btree,latency_ms,ms,5,0.1992,0.1754,0.2108,0.1951,0.013860375175297378,7.104241504509163
4c8g,vm,opengauss,tuned,m,search,exact_rare,btree,rows,rows,1,9.0,9.0,9.0,9.0,,
4c8g,vm,opengauss,tuned,m,search,exact_rare,btree,id_sum,sum,1,108959755.0,108959755.0,108959755.0,108959755.0,,
4c8g,vm,opengauss,tuned,m,search,exact_rare,btree,server_ms,ms,1,0.015,0.015,0.015,0.015,,
4c8g,vm,opengauss,tuned,m,search,exact_miss,btree,latency_ms,ms,5,0.1993,0.1693,0.5358,0.26164,0.154325558479469,58.983931539317005
4c8g,vm,opengauss,tuned,m,search,exact_miss,btree,rows,rows,1,0.0,0.0,0.0,0.0,,
4c8g,vm,opengauss,tuned,m,search,exact_miss,btree,id_sum,sum,1,0.0,0.0,0.0,0.0,,
4c8g,vm,opengauss,tuned,m,search,exact_miss,btree,server_ms,ms,1,0.011,0.011,0.011,0.011,,
4c8g,vm,opengauss,tuned,m,search,prefix,btree,latency_ms,ms,5,0.4075,0.355,0.4615,0.41058000000000006,0.038752509596153936,9.438479613267555
4c8g,vm,opengauss,tuned,m,search,prefix,btree,rows,rows,1,303.0,303.0,303.0,303.0,,
4c8g,vm,opengauss,tuned,m,search,prefix,btree,id_sum,sum,1,5269081058.0,5269081058.0,5269081058.0,5269081058.0,,
4c8g,vm,opengauss,tuned,m,search,prefix,btree,server_ms,ms,1,0.128,0.128,0.128,0.128,,
4c8g,vm,opengauss,tuned,m,search,contains_common,btree,latency_ms,ms,5,84.8632,84.3753,84.9952,84.79462,0.240937983721958,0.2841430078016247
4c8g,vm,opengauss,tuned,m,search,contains_common,btree,rows,rows,1,7044.0,7044.0,7044.0,7044.0,,
4c8g,vm,opengauss,tuned,m,search,contains_common,btree,id_sum,sum,1,94864047422.0,94864047422.0,94864047422.0,94864047422.0,,
4c8g,vm,opengauss,tuned,m,search,contains_common,btree,server_ms,ms,1,83.551,83.551,83.551,83.551,,
4c8g,vm,opengauss,tuned,m,search,contains_rare,btree,latency_ms,ms,5,83.2578,82.774,83.3802,83.16044000000001,0.260544790775016,0.3133037665204946
4c8g,vm,opengauss,tuned,m,search,contains_rare,btree,rows,rows,1,55.0,55.0,55.0,55.0,,
4c8g,vm,opengauss,tuned,m,search,contains_rare,btree,id_sum,sum,1,706631613.0,706631613.0,706631613.0,706631613.0,,
4c8g,vm,opengauss,tuned,m,search,contains_rare,btree,server_ms,ms,1,82.09,82.09,82.09,82.09,,
4c8g,vm,opengauss,tuned,m,search,contains_miss,btree,latency_ms,ms,5,81.1658,80.7314,81.4715,81.10984,0.30695351928264697,0.37844177634014187
4c8g,vm,opengauss,tuned,m,search,contains_miss,btree,rows,rows,1,0.0,0.0,0.0,0.0,,
4c8g,vm,opengauss,tuned,m,search,contains_miss,btree,id_sum,sum,1,0.0,0.0,0.0,0.0,,
4c8g,vm,opengauss,tuned,m,search,contains_miss,btree,server_ms,ms,1,80.616,80.616,80.616,80.616,,
4c8g,vm,opengauss,tuned,m,search,word_common,fts,latency_ms,ms,5,4.2797,4.2385,5.8854,4.77686,0.7409245190975935,15.51070199037848
4c8g,vm,opengauss,tuned,m,search,word_common,fts,rows,rows,1,5946.0,5946.0,5946.0,5946.0,,
4c8g,vm,opengauss,tuned,m,search,word_common,fts,id_sum,sum,1,81764417290.0,81764417290.0,81764417290.0,81764417290.0,,
4c8g,vm,opengauss,tuned,m,search,word_common,fts,server_ms,ms,1,2.846,2.846,2.846,2.846,,
4c8g,vm,opengauss,tuned,m,search,word_rare,fts,latency_ms,ms,5,0.332,0.3207,0.3934,0.3457,0.029104982391336385,8.41914445800879
4c8g,vm,opengauss,tuned,m,search,word_rare,fts,rows,rows,1,51.0,51.0,51.0,51.0,,
4c8g,vm,opengauss,tuned,m,search,word_rare,fts,id_sum,sum,1,693484358.0,693484358.0,693484358.0,693484358.0,,
4c8g,vm,opengauss,tuned,m,search,word_rare,fts,server_ms,ms,1,0.039,0.039,0.039,0.039,,
4c8g,vm,opengauss,tuned,m,search,word_miss,fts,latency_ms,ms,5,0.2946,0.2474,0.3048,0.28414,0.022590440456086696,7.95046120084701
4c8g,vm,opengauss,tuned,m,search,word_miss,fts,rows,rows,1,0.0,0.0,0.0,0.0,,
4c8g,vm,opengauss,tuned,m,search,word_miss,fts,id_sum,sum,1,0.0,0.0,0.0,0.0,,
4c8g,vm,opengauss,tuned,m,search,word_miss,fts,server_ms,ms,1,0.012,0.012,0.012,0.012,,
4c8g,vm,opengauss,tuned,l,search,point,noidx,latency_ms,ms,5,0.176,0.1516,0.1842,0.17250000000000001,0.012538341198101119,7.268603593102096
4c8g,vm,opengauss,tuned,l,search,point,noidx,rows,rows,1,5.0,5.0,5.0,5.0,,
4c8g,vm,opengauss,tuned,l,search,point,noidx,id_sum,sum,1,76840469.0,76840469.0,76840469.0,76840469.0,,
4c8g,vm,opengauss,tuned,l,search,point,noidx,server_ms,ms,1,0.014,0.014,0.014,0.014,,
4c8g,vm,opengauss,tuned,l,search,exact_common,noidx,latency_ms,ms,5,666.3083,657.4006,692.7116,669.56188,13.855290133627648,2.0693068926844593
4c8g,vm,opengauss,tuned,l,search,exact_common,noidx,rows,rows,1,60684.0,60684.0,60684.0,60684.0,,
4c8g,vm,opengauss,tuned,l,search,exact_common,noidx,id_sum,sum,1,936128905867.0,936128905867.0,936128905867.0,936128905867.0,,
4c8g,vm,opengauss,tuned,l,search,exact_common,noidx,server_ms,ms,1,662.604,662.604,662.604,662.604,,
4c8g,vm,opengauss,tuned,l,search,exact_rare,noidx,latency_ms,ms,5,635.4157,630.4495,637.5853,634.7679599999999,2.646809091717817,0.416972698451544
4c8g,vm,opengauss,tuned,l,search,exact_rare,noidx,rows,rows,1,47.0,47.0,47.0,47.0,,
4c8g,vm,opengauss,tuned,l,search,exact_rare,noidx,id_sum,sum,1,502059988.0,502059988.0,502059988.0,502059988.0,,
4c8g,vm,opengauss,tuned,l,search,exact_rare,noidx,server_ms,ms,1,629.481,629.481,629.481,629.481,,
4c8g,vm,opengauss,tuned,l,search,exact_miss,noidx,latency_ms,ms,5,597.0695,595.1598,600.4165,597.53908,2.1271349045135675,0.355982558415019
4c8g,vm,opengauss,tuned,l,search,exact_miss,noidx,rows,rows,1,0.0,0.0,0.0,0.0,,
4c8g,vm,opengauss,tuned,l,search,exact_miss,noidx,id_sum,sum,1,0.0,0.0,0.0,0.0,,
4c8g,vm,opengauss,tuned,l,search,exact_miss,noidx,server_ms,ms,1,598.702,598.702,598.702,598.702,,
4c8g,vm,opengauss,tuned,l,search,prefix,noidx,latency_ms,ms,5,630.6413,626.0278,657.0189,635.89114,12.244727998326463,1.925601290548955
4c8g,vm,opengauss,tuned,l,search,prefix,noidx,rows,rows,1,3266.0,3266.0,3266.0,3266.0,,
4c8g,vm,opengauss,tuned,l,search,prefix,noidx,id_sum,sum,1,58694774105.0,58694774105.0,58694774105.0,58694774105.0,,
4c8g,vm,opengauss,tuned,l,search,prefix,noidx,server_ms,ms,1,625.308,625.308,625.308,625.308,,
4c8g,vm,opengauss,tuned,l,search,contains_common,noidx,latency_ms,ms,5,844.1924,839.97,850.8761,845.07138,3.983404147459763,0.47136895672171064
4c8g,vm,opengauss,tuned,l,search,contains_common,noidx,rows,rows,1,70524.0,70524.0,70524.0,70524.0,,
4c8g,vm,opengauss,tuned,l,search,contains_common,noidx,id_sum,sum,1,933383886531.0,933383886531.0,933383886531.0,933383886531.0,,
4c8g,vm,opengauss,tuned,l,search,contains_common,noidx,server_ms,ms,1,834.495,834.495,834.495,834.495,,
4c8g,vm,opengauss,tuned,l,search,contains_rare,noidx,latency_ms,ms,5,824.7546,821.5745,829.7817,825.6826199999999,3.475649714369957,0.42094257892578113
4c8g,vm,opengauss,tuned,l,search,contains_rare,noidx,rows,rows,1,474.0,474.0,474.0,474.0,,
4c8g,vm,opengauss,tuned,l,search,contains_rare,noidx,id_sum,sum,1,6572348867.0,6572348867.0,6572348867.0,6572348867.0,,
4c8g,vm,opengauss,tuned,l,search,contains_rare,noidx,server_ms,ms,1,826.706,826.706,826.706,826.706,,
4c8g,vm,opengauss,tuned,l,search,contains_miss,noidx,latency_ms,ms,5,815.8289,811.433,819.709,815.6616200000001,3.537943731463234,0.4337514043462329
4c8g,vm,opengauss,tuned,l,search,contains_miss,noidx,rows,rows,1,0.0,0.0,0.0,0.0,,
4c8g,vm,opengauss,tuned,l,search,contains_miss,noidx,id_sum,sum,1,0.0,0.0,0.0,0.0,,
4c8g,vm,opengauss,tuned,l,search,contains_miss,noidx,server_ms,ms,1,818.818,818.818,818.818,818.818,,
4c8g,vm,opengauss,tuned,l,search,point,btree,latency_ms,ms,5,0.176,0.1574,0.1926,0.17272,0.015258833507185265,8.83443348030643
4c8g,vm,opengauss,tuned,l,search,point,btree,rows,rows,1,5.0,5.0,5.0,5.0,,
4c8g,vm,opengauss,tuned,l,search,point,btree,id_sum,sum,1,76840469.0,76840469.0,76840469.0,76840469.0,,
4c8g,vm,opengauss,tuned,l,search,point,btree,server_ms,ms,1,0.013,0.013,0.013,0.013,,
4c8g,vm,opengauss,tuned,l,search,exact_common,btree,latency_ms,ms,5,47.7988,45.6036,48.7908,47.38114,1.4304697927604064,3.0190700197597744
4c8g,vm,opengauss,tuned,l,search,exact_common,btree,rows,rows,1,60684.0,60684.0,60684.0,60684.0,,
4c8g,vm,opengauss,tuned,l,search,exact_common,btree,id_sum,sum,1,936128905867.0,936128905867.0,936128905867.0,936128905867.0,,
4c8g,vm,opengauss,tuned,l,search,exact_common,btree,server_ms,ms,1,39.988,39.988,39.988,39.988,,
4c8g,vm,opengauss,tuned,l,search,exact_rare,btree,latency_ms,ms,5,0.1966,0.1806,0.2392,0.20546000000000003,0.022847494392164755,11.120166646629395
4c8g,vm,opengauss,tuned,l,search,exact_rare,btree,rows,rows,1,47.0,47.0,47.0,47.0,,
4c8g,vm,opengauss,tuned,l,search,exact_rare,btree,id_sum,sum,1,502059988.0,502059988.0,502059988.0,502059988.0,,
4c8g,vm,opengauss,tuned,l,search,exact_rare,btree,server_ms,ms,1,0.039,0.039,0.039,0.039,,
4c8g,vm,opengauss,tuned,l,search,exact_miss,btree,latency_ms,ms,5,0.1826,0.1788,0.2377,0.19356,0.024839343791654395,12.832890985562303
4c8g,vm,opengauss,tuned,l,search,exact_miss,btree,rows,rows,1,0.0,0.0,0.0,0.0,,
4c8g,vm,opengauss,tuned,l,search,exact_miss,btree,id_sum,sum,1,0.0,0.0,0.0,0.0,,
4c8g,vm,opengauss,tuned,l,search,exact_miss,btree,server_ms,ms,1,0.01,0.01,0.01,0.01,,
4c8g,vm,opengauss,tuned,l,search,prefix,btree,latency_ms,ms,5,1.9153,1.7591,2.2356,1.9909399999999997,0.20650029782060825,10.372000051262633
4c8g,vm,opengauss,tuned,l,search,prefix,btree,rows,rows,1,3266.0,3266.0,3266.0,3266.0,,
4c8g,vm,opengauss,tuned,l,search,prefix,btree,id_sum,sum,1,58694774105.0,58694774105.0,58694774105.0,58694774105.0,,
4c8g,vm,opengauss,tuned,l,search,prefix,btree,server_ms,ms,1,1.206,1.206,1.206,1.206,,
4c8g,vm,opengauss,tuned,l,search,contains_common,btree,latency_ms,ms,5,838.0743,836.7932,856.0334,843.18816,8.497860500914323,1.0078249320904036
4c8g,vm,opengauss,tuned,l,search,contains_common,btree,rows,rows,1,70524.0,70524.0,70524.0,70524.0,,
4c8g,vm,opengauss,tuned,l,search,contains_common,btree,id_sum,sum,1,933383886531.0,933383886531.0,933383886531.0,933383886531.0,,
4c8g,vm,opengauss,tuned,l,search,contains_common,btree,server_ms,ms,1,825.265,825.265,825.265,825.265,,
4c8g,vm,opengauss,tuned,l,search,contains_rare,btree,latency_ms,ms,5,802.3206,800.1425,805.8097,802.54368,2.383082619633673,0.2969411732995858
4c8g,vm,opengauss,tuned,l,search,contains_rare,btree,rows,rows,1,474.0,474.0,474.0,474.0,,
4c8g,vm,opengauss,tuned,l,search,contains_rare,btree,id_sum,sum,1,6572348867.0,6572348867.0,6572348867.0,6572348867.0,,
4c8g,vm,opengauss,tuned,l,search,contains_rare,btree,server_ms,ms,1,796.188,796.188,796.188,796.188,,
4c8g,vm,opengauss,tuned,l,search,contains_miss,btree,latency_ms,ms,5,783.3236,776.3333,788.0713,782.21884,4.567548472430235,0.5839220738316959
4c8g,vm,opengauss,tuned,l,search,contains_miss,btree,rows,rows,1,0.0,0.0,0.0,0.0,,
4c8g,vm,opengauss,tuned,l,search,contains_miss,btree,id_sum,sum,1,0.0,0.0,0.0,0.0,,
4c8g,vm,opengauss,tuned,l,search,contains_miss,btree,server_ms,ms,1,780.254,780.254,780.254,780.254,,
4c8g,vm,opengauss,tuned,l,search,word_common,fts,latency_ms,ms,5,50.3745,47.6316,51.1636,49.88808,1.376575935791413,2.759328352166315
4c8g,vm,opengauss,tuned,l,search,word_common,fts,rows,rows,1,59547.0,59547.0,59547.0,59547.0,,
4c8g,vm,opengauss,tuned,l,search,word_common,fts,id_sum,sum,1,803152511191.0,803152511191.0,803152511191.0,803152511191.0,,
4c8g,vm,opengauss,tuned,l,search,word_common,fts,server_ms,ms,1,39.822,39.822,39.822,39.822,,
4c8g,vm,opengauss,tuned,l,search,word_rare,fts,latency_ms,ms,5,0.6115,0.5605,0.6749,0.60678,0.046855277184112365,7.721954775060544
4c8g,vm,opengauss,tuned,l,search,word_rare,fts,rows,rows,1,429.0,429.0,429.0,429.0,,
4c8g,vm,opengauss,tuned,l,search,word_rare,fts,id_sum,sum,1,6122950223.0,6122950223.0,6122950223.0,6122950223.0,,
4c8g,vm,opengauss,tuned,l,search,word_rare,fts,server_ms,ms,1,0.205,0.205,0.205,0.205,,
4c8g,vm,opengauss,tuned,l,search,word_miss,fts,latency_ms,ms,5,0.2552,0.2166,0.2685,0.24502000000000002,0.025680673667176288,10.481052023172102
4c8g,vm,opengauss,tuned,l,search,word_miss,fts,rows,rows,1,0.0,0.0,0.0,0.0,,
4c8g,vm,opengauss,tuned,l,search,word_miss,fts,id_sum,sum,1,0.0,0.0,0.0,0.0,,
4c8g,vm,opengauss,tuned,l,search,word_miss,fts,server_ms,ms,1,0.009,0.009,0.009,0.009,,
4c8g,vm,file,na,s,search,build,memindex,load_ms,ms,1,54.5572,54.5572,54.5572,54.5572,,
4c8g,vm,file,na,s,search,build,memindex,sort_ms,ms,1,38.9133,38.9133,38.9133,38.9133,,
4c8g,vm,file,na,s,search,build,memindex,heap_mb,MB,1,6.56952,6.56952,6.56952,6.56952,,
4c8g,vm,file,na,s,search,point,memindex,latency_ms,ms,5,1.92166e-05,1.85916e-05,2.36418e-05,2.042668e-05,2.1418385681465355e-06,10.48549528433664
4c8g,vm,file,na,s,search,point,memindex,rows,rows,1,5.0,5.0,5.0,5.0,,
4c8g,vm,file,na,s,search,point,memindex,id_sum,sum,1,77016375.0,77016375.0,77016375.0,77016375.0,,
4c8g,vm,file,na,s,search,exact_common,memindex,latency_ms,ms,5,0.0104017,0.010341,0.0107303,0.010507659999999999,0.00018071586261310884,1.7198487828223301
4c8g,vm,file,na,s,search,exact_common,memindex,rows,rows,1,578.0,578.0,578.0,578.0,,
4c8g,vm,file,na,s,search,exact_common,memindex,id_sum,sum,1,8262982838.0,8262982838.0,8262982838.0,8262982838.0,,
4c8g,vm,file,na,s,search,exact_rare,memindex,latency_ms,ms,5,5.4125e-05,5.225e-05,6.4291e-05,5.5708199999999996e-05,4.888461485989227e-06,8.775120154643709
4c8g,vm,file,na,s,search,exact_rare,memindex,rows,rows,1,0.0,0.0,0.0,0.0,,
4c8g,vm,file,na,s,search,exact_rare,memindex,id_sum,sum,1,0.0,0.0,0.0,0.0,,
4c8g,vm,file,na,s,search,exact_miss,memindex,latency_ms,ms,5,4.7333e-05,3.8e-05,5.6208e-05,4.67498e-05,6.640809754841648e-06,14.205001422127255
4c8g,vm,file,na,s,search,exact_miss,memindex,rows,rows,1,0.0,0.0,0.0,0.0,,
4c8g,vm,file,na,s,search,exact_miss,memindex,id_sum,sum,1,0.0,0.0,0.0,0.0,,
4c8g,vm,file,na,s,search,prefix,memindex,latency_ms,ms,5,0.00062275,0.000607542,0.000624416,0.0006174082,8.186537314396151e-06,1.3259521519792175
4c8g,vm,file,na,s,search,prefix,memindex,rows,rows,1,33.0,33.0,33.0,33.0,,
4c8g,vm,file,na,s,search,prefix,memindex,id_sum,sum,1,592694280.0,592694280.0,592694280.0,592694280.0,,
4c8g,vm,file,na,s,search,contains_common,memindex,latency_ms,ms,5,1.4023,1.38913,1.42221,1.404128,0.014803549236585131,1.0542877313596146
4c8g,vm,file,na,s,search,contains_common,memindex,rows,rows,1,682.0,682.0,682.0,682.0,,
4c8g,vm,file,na,s,search,contains_common,memindex,id_sum,sum,1,9803835120.0,9803835120.0,9803835120.0,9803835120.0,,
4c8g,vm,file,na,s,search,contains_rare,memindex,latency_ms,ms,5,1.18798,1.17531,1.19949,1.186656,0.008921461763634876,0.7518153334778467
4c8g,vm,file,na,s,search,contains_rare,memindex,rows,rows,1,4.0,4.0,4.0,4.0,,
4c8g,vm,file,na,s,search,contains_rare,memindex,id_sum,sum,1,75971361.0,75971361.0,75971361.0,75971361.0,,
4c8g,vm,file,na,s,search,contains_miss,memindex,latency_ms,ms,5,1.30053,1.27901,1.3133,1.297724,0.014295895564811567,1.1016129442633076
4c8g,vm,file,na,s,search,contains_miss,memindex,rows,rows,1,0.0,0.0,0.0,0.0,,
4c8g,vm,file,na,s,search,contains_miss,memindex,id_sum,sum,1,0.0,0.0,0.0,0.0,,
4c8g,vm,file,na,m,search,build,memindex,load_ms,ms,1,243.029,243.029,243.029,243.029,,
4c8g,vm,file,na,m,search,build,memindex,sort_ms,ms,1,324.543,324.543,324.543,324.543,,
4c8g,vm,file,na,m,search,build,memindex,heap_mb,MB,1,56.0094,56.0094,56.0094,56.0094,,
4c8g,vm,file,na,m,search,point,memindex,latency_ms,ms,5,2.18582e-05,1.97e-05,2.53582e-05,2.1989960000000002e-05,2.32674805425942e-06,10.580956283046536
4c8g,vm,file,na,m,search,point,memindex,rows,rows,1,5.0,5.0,5.0,5.0,,
4c8g,vm,file,na,m,search,point,memindex,id_sum,sum,1,76859199.0,76859199.0,76859199.0,76859199.0,,
4c8g,vm,file,na,m,search,exact_common,memindex,latency_ms,ms,5,0.128312,0.127503,0.130268,0.1288716,0.0012757293208200526,0.9899227764845416
4c8g,vm,file,na,m,search,exact_common,memindex,rows,rows,1,6000.0,6000.0,6000.0,6000.0,,
4c8g,vm,file,na,m,search,exact_common,memindex,id_sum,sum,1,90507904289.0,90507904289.0,90507904289.0,90507904289.0,,
4c8g,vm,file,na,m,search,exact_rare,memindex,latency_ms,ms,5,0.000211292,0.000205208,0.000220417,0.00021165839999999999,5.518088464314426e-06,2.607072747556641
4c8g,vm,file,na,m,search,exact_rare,memindex,rows,rows,1,9.0,9.0,9.0,9.0,,
4c8g,vm,file,na,m,search,exact_rare,memindex,id_sum,sum,1,108959755.0,108959755.0,108959755.0,108959755.0,,
4c8g,vm,file,na,m,search,exact_miss,memindex,latency_ms,ms,5,4.4916e-05,4.4083e-05,6.1958e-05,4.8891400000000004e-05,7.530467103706119e-06,15.402437041496292
4c8g,vm,file,na,m,search,exact_miss,memindex,rows,rows,1,0.0,0.0,0.0,0.0,,
4c8g,vm,file,na,m,search,exact_miss,memindex,id_sum,sum,1,0.0,0.0,0.0,0.0,,
4c8g,vm,file,na,m,search,prefix,memindex,latency_ms,ms,5,0.00578921,0.00570646,0.00608154,0.005841676,0.00014263686525579572,2.441711338591797
4c8g,vm,file,na,m,search,prefix,memindex,rows,rows,1,303.0,303.0,303.0,303.0,,
4c8g,vm,file,na,m,search,prefix,memindex,id_sum,sum,1,5269081058.0,5269081058.0,5269081058.0,5269081058.0,,
4c8g,vm,file,na,m,search,contains_common,memindex,latency_ms,ms,5,14.1146,14.0505,14.5151,14.221160000000001,0.1938182473349718,1.3628863421476995
4c8g,vm,file,na,m,search,contains_common,memindex,rows,rows,1,7044.0,7044.0,7044.0,7044.0,,
4c8g,vm,file,na,m,search,contains_common,memindex,id_sum,sum,1,94864047422.0,94864047422.0,94864047422.0,94864047422.0,,
4c8g,vm,file,na,m,search,contains_rare,memindex,latency_ms,ms,5,11.9885,11.9644,11.9942,11.9819,0.01396925194847644,0.11658628388215926
4c8g,vm,file,na,m,search,contains_rare,memindex,rows,rows,1,55.0,55.0,55.0,55.0,,
4c8g,vm,file,na,m,search,contains_rare,memindex,id_sum,sum,1,706631613.0,706631613.0,706631613.0,706631613.0,,
4c8g,vm,file,na,m,search,contains_miss,memindex,latency_ms,ms,5,12.9428,12.9233,13.0543,12.97024,0.0550974863310478,0.42479928151713303
4c8g,vm,file,na,m,search,contains_miss,memindex,rows,rows,1,0.0,0.0,0.0,0.0,,
4c8g,vm,file,na,m,search,contains_miss,memindex,id_sum,sum,1,0.0,0.0,0.0,0.0,,
4c8g,vm,file,na,l,search,build,memindex,load_ms,ms,1,1925.21,1925.21,1925.21,1925.21,,
4c8g,vm,file,na,l,search,build,memindex,sort_ms,ms,1,5535.76,5535.76,5535.76,5535.76,,
4c8g,vm,file,na,l,search,build,memindex,heap_mb,MB,1,510.009,510.009,510.009,510.009,,
4c8g,vm,file,na,l,search,point,memindex,latency_ms,ms,5,2.41834e-05,2.25e-05,2.83e-05,2.467832e-05,2.2518221892502962e-06,9.124698072033658
4c8g,vm,file,na,l,search,point,memindex,rows,rows,1,5.0,5.0,5.0,5.0,,
4c8g,vm,file,na,l,search,point,memindex,id_sum,sum,1,76840469.0,76840469.0,76840469.0,76840469.0,,
4c8g,vm,file,na,l,search,exact_common,memindex,latency_ms,ms,5,3.86097,3.13252,3.96285,3.665684,0.3726579819083447,10.166124027830678
4c8g,vm,file,na,l,search,exact_common,memindex,rows,rows,1,60684.0,60684.0,60684.0,60684.0,,
4c8g,vm,file,na,l,search,exact_common,memindex,id_sum,sum,1,936128905867.0,936128905867.0,936128905867.0,936128905867.0,,
4c8g,vm,file,na,l,search,exact_rare,memindex,latency_ms,ms,5,0.00104,0.000977709,0.00110517,0.0010429084,5.8900754276155005e-05,5.647739943043415
4c8g,vm,file,na,l,search,exact_rare,memindex,rows,rows,1,47.0,47.0,47.0,47.0,,
4c8g,vm,file,na,l,search,exact_rare,memindex,id_sum,sum,1,502059988.0,502059988.0,502059988.0,502059988.0,,
4c8g,vm,file,na,l,search,exact_miss,memindex,latency_ms,ms,5,6.0792e-05,5.8667e-05,6.6917e-05,6.14586e-05,3.3367243368309604e-06,5.42922282126661
4c8g,vm,file,na,l,search,exact_miss,memindex,rows,rows,1,0.0,0.0,0.0,0.0,,
4c8g,vm,file,na,l,search,exact_miss,memindex,id_sum,sum,1,0.0,0.0,0.0,0.0,,
4c8g,vm,file,na,l,search,prefix,memindex,latency_ms,ms,5,0.0971175,0.0961781,0.0976136,0.09700008,0.0005526730516317897,0.5697655627003501
4c8g,vm,file,na,l,search,prefix,memindex,rows,rows,1,3266.0,3266.0,3266.0,3266.0,,
4c8g,vm,file,na,l,search,prefix,memindex,id_sum,sum,1,58694774105.0,58694774105.0,58694774105.0,58694774105.0,,
4c8g,vm,file,na,l,search,contains_common,memindex,latency_ms,ms,5,138.749,138.415,139.381,138.82260000000002,0.38298080891867753,0.2758778534033201
4c8g,vm,file,na,l,search,contains_common,memindex,rows,rows,1,70524.0,70524.0,70524.0,70524.0,,
4c8g,vm,file,na,l,search,contains_common,memindex,id_sum,sum,1,933383886531.0,933383886531.0,933383886531.0,933383886531.0,,
4c8g,vm,file,na,l,search,contains_rare,memindex,latency_ms,ms,5,116.278,115.692,116.482,116.126,0.3472916641671728,0.29906451971752473
4c8g,vm,file,na,l,search,contains_rare,memindex,rows,rows,1,474.0,474.0,474.0,474.0,,
4c8g,vm,file,na,l,search,contains_rare,memindex,id_sum,sum,1,6572348867.0,6572348867.0,6572348867.0,6572348867.0,,
4c8g,vm,file,na,l,search,contains_miss,memindex,latency_ms,ms,5,125.615,125.316,125.964,125.5762,0.2720757247532369,0.21666185531433257
4c8g,vm,file,na,l,search,contains_miss,memindex,rows,rows,1,0.0,0.0,0.0,0.0,,
4c8g,vm,file,na,l,search,contains_miss,memindex,id_sum,sum,1,0.0,0.0,0.0,0.0,,
4c8g,vm,postgres,tuned,l,search,point,noidx_serial,latency_ms,ms,5,0.129808,0.11225,0.137925,0.1259932,0.010160915888836008,8.064654194699402
4c8g,vm,postgres,tuned,l,search,point,noidx_serial,rows,rows,1,5.0,5.0,5.0,5.0,,
4c8g,vm,postgres,tuned,l,search,point,noidx_serial,id_sum,sum,1,76840469.0,76840469.0,76840469.0,76840469.0,,
4c8g,vm,postgres,tuned,l,search,point,noidx_serial,server_ms,ms,1,0.005,0.005,0.005,0.005,,
4c8g,vm,postgres,tuned,l,search,exact_common,noidx_serial,latency_ms,ms,5,400.727,396.54,409.208,403.01599999999996,5.354875115257123,1.328700377964429
4c8g,vm,postgres,tuned,l,search,exact_common,noidx_serial,rows,rows,1,60684.0,60684.0,60684.0,60684.0,,
4c8g,vm,postgres,tuned,l,search,exact_common,noidx_serial,id_sum,sum,1,936128905867.0,936128905867.0,936128905867.0,936128905867.0,,
4c8g,vm,postgres,tuned,l,search,exact_common,noidx_serial,server_ms,ms,1,404.862,404.862,404.862,404.862,,
4c8g,vm,postgres,tuned,l,search,exact_rare,noidx_serial,latency_ms,ms,5,399.016,395.917,401.279,398.9062,1.9976227621851033,0.5007750599477028
4c8g,vm,postgres,tuned,l,search,exact_rare,noidx_serial,rows,rows,1,47.0,47.0,47.0,47.0,,
4c8g,vm,postgres,tuned,l,search,exact_rare,noidx_serial,id_sum,sum,1,502059988.0,502059988.0,502059988.0,502059988.0,,
4c8g,vm,postgres,tuned,l,search,exact_rare,noidx_serial,server_ms,ms,1,400.63,400.63,400.63,400.63,,
4c8g,vm,postgres,tuned,l,search,exact_miss,noidx_serial,latency_ms,ms,5,387.017,383.363,387.269,386.1204,1.6681342272131436,0.43202437043293845
4c8g,vm,postgres,tuned,l,search,exact_miss,noidx_serial,rows,rows,1,0.0,0.0,0.0,0.0,,
4c8g,vm,postgres,tuned,l,search,exact_miss,noidx_serial,id_sum,sum,1,0.0,0.0,0.0,0.0,,
4c8g,vm,postgres,tuned,l,search,exact_miss,noidx_serial,server_ms,ms,1,391.535,391.535,391.535,391.535,,
4c8g,vm,postgres,tuned,l,search,prefix,noidx_serial,latency_ms,ms,5,425.03,424.029,426.659,425.18059999999997,0.9917934764859192,0.2332640474391163
4c8g,vm,postgres,tuned,l,search,prefix,noidx_serial,rows,rows,1,3266.0,3266.0,3266.0,3266.0,,
4c8g,vm,postgres,tuned,l,search,prefix,noidx_serial,id_sum,sum,1,58694774105.0,58694774105.0,58694774105.0,58694774105.0,,
4c8g,vm,postgres,tuned,l,search,prefix,noidx_serial,server_ms,ms,1,422.764,422.764,422.764,422.764,,
4c8g,vm,postgres,tuned,l,search,contains_common,noidx_serial,latency_ms,ms,5,614.973,612.792,615.457,614.3050000000001,1.1739286605241253,0.19109866605743484
4c8g,vm,postgres,tuned,l,search,contains_common,noidx_serial,rows,rows,1,70524.0,70524.0,70524.0,70524.0,,
4c8g,vm,postgres,tuned,l,search,contains_common,noidx_serial,id_sum,sum,1,933383886531.0,933383886531.0,933383886531.0,933383886531.0,,
4c8g,vm,postgres,tuned,l,search,contains_common,noidx_serial,server_ms,ms,1,606.882,606.882,606.882,606.882,,
4c8g,vm,postgres,tuned,l,search,contains_rare,noidx_serial,latency_ms,ms,5,602.493,601.047,613.094,604.5076,4.874917824948452,0.8064278803026549
4c8g,vm,postgres,tuned,l,search,contains_rare,noidx_serial,rows,rows,1,474.0,474.0,474.0,474.0,,
4c8g,vm,postgres,tuned,l,search,contains_rare,noidx_serial,id_sum,sum,1,6572348867.0,6572348867.0,6572348867.0,6572348867.0,,
4c8g,vm,postgres,tuned,l,search,contains_rare,noidx_serial,server_ms,ms,1,601.793,601.793,601.793,601.793,,
4c8g,vm,postgres,tuned,l,search,contains_miss,noidx_serial,latency_ms,ms,5,593.6,592.825,595.346,593.6618000000001,1.0263801440012144,0.1728897065637732
4c8g,vm,postgres,tuned,l,search,contains_miss,noidx_serial,rows,rows,1,0.0,0.0,0.0,0.0,,
4c8g,vm,postgres,tuned,l,search,contains_miss,noidx_serial,id_sum,sum,1,0.0,0.0,0.0,0.0,,
4c8g,vm,postgres,tuned,l,search,contains_miss,noidx_serial,server_ms,ms,1,595.942,595.942,595.942,595.942,,
4c8g,vm,opengauss,tuned,l,search,point,noidx_dop3,latency_ms,ms,5,0.177433,0.164467,0.191242,0.1776318,0.011069270242432426,6.231581418660637
4c8g,vm,opengauss,tuned,l,search,point,noidx_dop3,rows,rows,1,5.0,5.0,5.0,5.0,,
4c8g,vm,opengauss,tuned,l,search,point,noidx_dop3,id_sum,sum,1,76840469.0,76840469.0,76840469.0,76840469.0,,
4c8g,vm,opengauss,tuned,l,search,point,noidx_dop3,server_ms,ms,1,0.02,0.02,0.02,0.02,,
4c8g,vm,opengauss,tuned,l,search,exact_common,noidx_dop3,latency_ms,ms,5,260.487,253.234,301.751,267.46320000000003,19.79259631023679,7.4001194595132285
4c8g,vm,opengauss,tuned,l,search,exact_common,noidx_dop3,rows,rows,1,60684.0,60684.0,60684.0,60684.0,,
4c8g,vm,opengauss,tuned,l,search,exact_common,noidx_dop3,id_sum,sum,1,936128905867.0,936128905867.0,936128905867.0,936128905867.0,,
4c8g,vm,opengauss,tuned,l,search,exact_common,noidx_dop3,server_ms,ms,1,244.533,244.533,244.533,244.533,,
4c8g,vm,opengauss,tuned,l,search,exact_rare,noidx_dop3,latency_ms,ms,5,224.806,220.62,227.229,223.80280000000002,2.983439240205834,1.3330660922052064
4c8g,vm,opengauss,tuned,l,search,exact_rare,noidx_dop3,rows,rows,1,47.0,47.0,47.0,47.0,,
4c8g,vm,opengauss,tuned,l,search,exact_rare,noidx_dop3,id_sum,sum,1,502059988.0,502059988.0,502059988.0,502059988.0,,
4c8g,vm,opengauss,tuned,l,search,exact_rare,noidx_dop3,server_ms,ms,1,215.125,215.125,215.125,215.125,,
4c8g,vm,opengauss,tuned,l,search,exact_miss,noidx_dop3,latency_ms,ms,5,195.734,188.048,199.175,193.839,5.184042872122116,2.674406529192843
4c8g,vm,opengauss,tuned,l,search,exact_miss,noidx_dop3,rows,rows,1,0.0,0.0,0.0,0.0,,
4c8g,vm,opengauss,tuned,l,search,exact_miss,noidx_dop3,id_sum,sum,1,0.0,0.0,0.0,0.0,,
4c8g,vm,opengauss,tuned,l,search,exact_miss,noidx_dop3,server_ms,ms,1,181.343,181.343,181.343,181.343,,
4c8g,vm,opengauss,tuned,l,search,prefix,noidx_dop3,latency_ms,ms,5,189.929,182.622,198.506,189.7528,7.042194736018036,3.71124680954275
4c8g,vm,opengauss,tuned,l,search,prefix,noidx_dop3,rows,rows,1,3266.0,3266.0,3266.0,3266.0,,
4c8g,vm,opengauss,tuned,l,search,prefix,noidx_dop3,id_sum,sum,1,58694774105.0,58694774105.0,58694774105.0,58694774105.0,,
4c8g,vm,opengauss,tuned,l,search,prefix,noidx_dop3,server_ms,ms,1,192.388,192.388,192.388,192.388,,
4c8g,vm,opengauss,tuned,l,search,contains_common,noidx_dop3,latency_ms,ms,5,263.473,259.632,266.348,262.9596,2.7807684729225546,1.05748885871539
4c8g,vm,opengauss,tuned,l,search,contains_common,noidx_dop3,rows,rows,1,70524.0,70524.0,70524.0,70524.0,,
4c8g,vm,opengauss,tuned,l,search,contains_common,noidx_dop3,id_sum,sum,1,933383886531.0,933383886531.0,933383886531.0,933383886531.0,,
4c8g,vm,opengauss,tuned,l,search,contains_common,noidx_dop3,server_ms,ms,1,255.618,255.618,255.618,255.618,,
4c8g,vm,opengauss,tuned,l,search,contains_rare,noidx_dop3,latency_ms,ms,5,246.555,245.078,247.562,246.4136,1.0502029803804613,0.42619521827547724
4c8g,vm,opengauss,tuned,l,search,contains_rare,noidx_dop3,rows,rows,1,474.0,474.0,474.0,474.0,,
4c8g,vm,opengauss,tuned,l,search,contains_rare,noidx_dop3,id_sum,sum,1,6572348867.0,6572348867.0,6572348867.0,6572348867.0,,
4c8g,vm,opengauss,tuned,l,search,contains_rare,noidx_dop3,server_ms,ms,1,244.554,244.554,244.554,244.554,,
4c8g,vm,opengauss,tuned,l,search,contains_miss,noidx_dop3,latency_ms,ms,5,243.582,241.855,245.009,243.3926,1.2045768136569774,0.4949110259132683
4c8g,vm,opengauss,tuned,l,search,contains_miss,noidx_dop3,rows,rows,1,0.0,0.0,0.0,0.0,,
4c8g,vm,opengauss,tuned,l,search,contains_miss,noidx_dop3,id_sum,sum,1,0.0,0.0,0.0,0.0,,
4c8g,vm,opengauss,tuned,l,search,contains_miss,noidx_dop3,server_ms,ms,1,241.544,241.544,241.544,241.544,,
4c8g,vm,postgres,default,l,search,point,noidx,latency_ms,ms,5,0.129042,0.111817,0.145133,0.12821660000000001,0.013493343888747521,10.523866557643489
4c8g,vm,postgres,default,l,search,point,noidx,rows,rows,1,5.0,5.0,5.0,5.0,,
4c8g,vm,postgres,default,l,search,point,noidx,id_sum,sum,1,76840469.0,76840469.0,76840469.0,76840469.0,,
4c8g,vm,postgres,default,l,search,point,noidx,server_ms,ms,1,0.011,0.011,0.011,0.011,,
4c8g,vm,postgres,default,l,search,exact_common,noidx,latency_ms,ms,5,152.988,144.75,170.724,157.683,11.86892627831178,7.527080457824738
4c8g,vm,postgres,default,l,search,exact_common,noidx,rows,rows,1,60684.0,60684.0,60684.0,60684.0,,
4c8g,vm,postgres,default,l,search,exact_common,noidx,id_sum,sum,1,936128905867.0,936128905867.0,936128905867.0,936128905867.0,,
4c8g,vm,postgres,default,l,search,exact_common,noidx,server_ms,ms,1,136.151,136.151,136.151,136.151,,
4c8g,vm,postgres,default,l,search,exact_rare,noidx,latency_ms,ms,5,137.09,135.812,143.771,139.1568,3.661561374605092,2.631248616384605
4c8g,vm,postgres,default,l,search,exact_rare,noidx,rows,rows,1,47.0,47.0,47.0,47.0,,
4c8g,vm,postgres,default,l,search,exact_rare,noidx,id_sum,sum,1,502059988.0,502059988.0,502059988.0,502059988.0,,
4c8g,vm,postgres,default,l,search,exact_rare,noidx,server_ms,ms,1,142.466,142.466,142.466,142.466,,
4c8g,vm,postgres,default,l,search,exact_miss,noidx,latency_ms,ms,5,135.99,131.654,139.626,135.7654,3.3028183116847396,2.432739351620324
4c8g,vm,postgres,default,l,search,exact_miss,noidx,rows,rows,1,0.0,0.0,0.0,0.0,,
4c8g,vm,postgres,default,l,search,exact_miss,noidx,id_sum,sum,1,0.0,0.0,0.0,0.0,,
4c8g,vm,postgres,default,l,search,exact_miss,noidx,server_ms,ms,1,136.637,136.637,136.637,136.637,,
4c8g,vm,postgres,default,l,search,prefix,noidx,latency_ms,ms,5,143.538,140.054,150.756,144.4388,4.666568032290962,3.230827196218026
4c8g,vm,postgres,default,l,search,prefix,noidx,rows,rows,1,3266.0,3266.0,3266.0,3266.0,,
4c8g,vm,postgres,default,l,search,prefix,noidx,id_sum,sum,1,58694774105.0,58694774105.0,58694774105.0,58694774105.0,,
4c8g,vm,postgres,default,l,search,prefix,noidx,server_ms,ms,1,148.874,148.874,148.874,148.874,,
4c8g,vm,postgres,default,l,search,contains_common,noidx,latency_ms,ms,5,218.397,215.226,237.008,221.37399999999997,8.852218846142472,3.998761754380584
4c8g,vm,postgres,default,l,search,contains_common,noidx,rows,rows,1,70524.0,70524.0,70524.0,70524.0,,
4c8g,vm,postgres,default,l,search,contains_common,noidx,id_sum,sum,1,933383886531.0,933383886531.0,933383886531.0,933383886531.0,,
4c8g,vm,postgres,default,l,search,contains_common,noidx,server_ms,ms,1,212.751,212.751,212.751,212.751,,
4c8g,vm,postgres,default,l,search,contains_rare,noidx,latency_ms,ms,5,209.875,208.876,219.285,211.7154,4.292904646040944,2.0276770825556123
4c8g,vm,postgres,default,l,search,contains_rare,noidx,rows,rows,1,474.0,474.0,474.0,474.0,,
4c8g,vm,postgres,default,l,search,contains_rare,noidx,id_sum,sum,1,6572348867.0,6572348867.0,6572348867.0,6572348867.0,,
4c8g,vm,postgres,default,l,search,contains_rare,noidx,server_ms,ms,1,209.898,209.898,209.898,209.898,,
4c8g,vm,postgres,default,l,search,contains_miss,noidx,latency_ms,ms,5,210.138,209.051,211.528,210.34499999999997,1.0213591434945866,0.4855637849697339
4c8g,vm,postgres,default,l,search,contains_miss,noidx,rows,rows,1,0.0,0.0,0.0,0.0,,
4c8g,vm,postgres,default,l,search,contains_miss,noidx,id_sum,sum,1,0.0,0.0,0.0,0.0,,
4c8g,vm,postgres,default,l,search,contains_miss,noidx,server_ms,ms,1,209.521,209.521,209.521,209.521,,
4c8g,vm,postgres,default,l,search,point,btree,latency_ms,ms,5,0.146667,0.133183,0.169717,0.14719500000000002,0.014755348657351345,10.02435453469978
4c8g,vm,postgres,default,l,search,point,btree,rows,rows,1,5.0,5.0,5.0,5.0,,
4c8g,vm,postgres,default,l,search,point,btree,id_sum,sum,1,76840469.0,76840469.0,76840469.0,76840469.0,,
4c8g,vm,postgres,default,l,search,point,btree,server_ms,ms,1,0.005,0.005,0.005,0.005,,
4c8g,vm,postgres,default,l,search,exact_common,btree,latency_ms,ms,5,61.1538,50.3471,70.285,59.99363999999999,8.216813036268986,13.696140184641218
4c8g,vm,postgres,default,l,search,exact_common,btree,rows,rows,1,60684.0,60684.0,60684.0,60684.0,,
4c8g,vm,postgres,default,l,search,exact_common,btree,id_sum,sum,1,936128905867.0,936128905867.0,936128905867.0,936128905867.0,,
4c8g,vm,postgres,default,l,search,exact_common,btree,server_ms,ms,1,57.807,57.807,57.807,57.807,,
4c8g,vm,postgres,default,l,search,exact_rare,btree,latency_ms,ms,5,0.116584,0.101792,0.146625,0.1187336,0.01695809164676262,14.282470713229129
4c8g,vm,postgres,default,l,search,exact_rare,btree,rows,rows,1,47.0,47.0,47.0,47.0,,
4c8g,vm,postgres,default,l,search,exact_rare,btree,id_sum,sum,1,502059988.0,502059988.0,502059988.0,502059988.0,,
4c8g,vm,postgres,default,l,search,exact_rare,btree,server_ms,ms,1,0.017,0.017,0.017,0.017,,
4c8g,vm,postgres,default,l,search,exact_miss,btree,latency_ms,ms,5,0.114834,0.106875,0.271709,0.145017,0.07099260226601077,48.95467584215007
4c8g,vm,postgres,default,l,search,exact_miss,btree,rows,rows,1,0.0,0.0,0.0,0.0,,
4c8g,vm,postgres,default,l,search,exact_miss,btree,id_sum,sum,1,0.0,0.0,0.0,0.0,,
4c8g,vm,postgres,default,l,search,exact_miss,btree,server_ms,ms,1,0.005,0.005,0.005,0.005,,
4c8g,vm,postgres,default,l,search,prefix,btree,latency_ms,ms,5,1.16967,1.10325,1.22683,1.159508,0.05341248468289044,4.606478323814104
4c8g,vm,postgres,default,l,search,prefix,btree,rows,rows,1,3266.0,3266.0,3266.0,3266.0,,
4c8g,vm,postgres,default,l,search,prefix,btree,id_sum,sum,1,58694774105.0,58694774105.0,58694774105.0,58694774105.0,,
4c8g,vm,postgres,default,l,search,prefix,btree,server_ms,ms,1,0.664,0.664,0.664,0.664,,
4c8g,vm,postgres,default,l,search,contains_common,btree,latency_ms,ms,5,234.331,223.806,240.692,231.82,7.616715204075825,3.285616083200684
4c8g,vm,postgres,default,l,search,contains_common,btree,rows,rows,1,70524.0,70524.0,70524.0,70524.0,,
4c8g,vm,postgres,default,l,search,contains_common,btree,id_sum,sum,1,933383886531.0,933383886531.0,933383886531.0,933383886531.0,,
4c8g,vm,postgres,default,l,search,contains_common,btree,server_ms,ms,1,219.618,219.618,219.618,219.618,,
4c8g,vm,postgres,default,l,search,contains_rare,btree,latency_ms,ms,5,218.496,216.571,228.085,220.4406,4.600835934914437,2.087109150907064
4c8g,vm,postgres,default,l,search,contains_rare,btree,rows,rows,1,474.0,474.0,474.0,474.0,,
4c8g,vm,postgres,default,l,search,contains_rare,btree,id_sum,sum,1,6572348867.0,6572348867.0,6572348867.0,6572348867.0,,
4c8g,vm,postgres,default,l,search,contains_rare,btree,server_ms,ms,1,214.67,214.67,214.67,214.67,,
4c8g,vm,postgres,default,l,search,contains_miss,btree,latency_ms,ms,5,212.597,208.328,214.397,212.20520000000002,2.2907677097427332,1.0795059262179876
4c8g,vm,postgres,default,l,search,contains_miss,btree,rows,rows,1,0.0,0.0,0.0,0.0,,
4c8g,vm,postgres,default,l,search,contains_miss,btree,id_sum,sum,1,0.0,0.0,0.0,0.0,,
4c8g,vm,postgres,default,l,search,contains_miss,btree,server_ms,ms,1,211.209,211.209,211.209,211.209,,
4c8g,vm,opengauss,default,l,search,point,noidx,latency_ms,ms,5,0.1811,0.169642,0.227617,0.19356500000000001,0.02620559723608681,13.538396526276344
4c8g,vm,opengauss,default,l,search,point,noidx,rows,rows,1,5.0,5.0,5.0,5.0,,
4c8g,vm,opengauss,default,l,search,point,noidx,id_sum,sum,1,76840469.0,76840469.0,76840469.0,76840469.0,,
4c8g,vm,opengauss,default,l,search,point,noidx,server_ms,ms,1,0.016,0.016,0.016,0.016,,
4c8g,vm,opengauss,default,l,search,exact_common,noidx,latency_ms,ms,5,694.915,679.212,785.885,709.7338,43.11952686080865,6.075450663447148
4c8g,vm,opengauss,default,l,search,exact_common,noidx,rows,rows,1,60684.0,60684.0,60684.0,60684.0,,
4c8g,vm,opengauss,default,l,search,exact_common,noidx,id_sum,sum,1,936128905867.0,936128905867.0,936128905867.0,936128905867.0,,
4c8g,vm,opengauss,default,l,search,exact_common,noidx,server_ms,ms,1,670.787,670.787,670.787,670.787,,
4c8g,vm,opengauss,default,l,search,exact_rare,noidx,latency_ms,ms,5,658.638,645.693,682.712,661.6358,14.407453407871913,2.177550460218735
4c8g,vm,opengauss,default,l,search,exact_rare,noidx,rows,rows,1,47.0,47.0,47.0,47.0,,
4c8g,vm,opengauss,default,l,search,exact_rare,noidx,id_sum,sum,1,502059988.0,502059988.0,502059988.0,502059988.0,,
4c8g,vm,opengauss,default,l,search,exact_rare,noidx,server_ms,ms,1,668.11,668.11,668.11,668.11,,
4c8g,vm,opengauss,default,l,search,exact_miss,noidx,latency_ms,ms,5,633.389,621.485,661.35,635.2782,15.608703716196272,2.45698714613476
4c8g,vm,opengauss,default,l,search,exact_miss,noidx,rows,rows,1,0.0,0.0,0.0,0.0,,
4c8g,vm,opengauss,default,l,search,exact_miss,noidx,id_sum,sum,1,0.0,0.0,0.0,0.0,,
4c8g,vm,opengauss,default,l,search,exact_miss,noidx,server_ms,ms,1,659.816,659.816,659.816,659.816,,
4c8g,vm,opengauss,default,l,search,prefix,noidx,latency_ms,ms,5,680.855,676.291,682.467,680.3138,2.4522877482057144,0.36046420757681447
4c8g,vm,opengauss,default,l,search,prefix,noidx,rows,rows,1,3266.0,3266.0,3266.0,3266.0,,
4c8g,vm,opengauss,default,l,search,prefix,noidx,id_sum,sum,1,58694774105.0,58694774105.0,58694774105.0,58694774105.0,,
4c8g,vm,opengauss,default,l,search,prefix,noidx,server_ms,ms,1,684.686,684.686,684.686,684.686,,
4c8g,vm,opengauss,default,l,search,contains_common,noidx,latency_ms,ms,5,908.655,906.357,913.462,908.8430000000001,2.8506589589075597,0.3136580200218915
4c8g,vm,opengauss,default,l,search,contains_common,noidx,rows,rows,1,70524.0,70524.0,70524.0,70524.0,,
4c8g,vm,opengauss,default,l,search,contains_common,noidx,id_sum,sum,1,933383886531.0,933383886531.0,933383886531.0,933383886531.0,,
4c8g,vm,opengauss,default,l,search,contains_common,noidx,server_ms,ms,1,926.464,926.464,926.464,926.464,,
4c8g,vm,opengauss,default,l,search,contains_rare,noidx,latency_ms,ms,5,887.418,883.004,901.965,890.9757999999999,8.841188704014844,0.9923040226249517
4c8g,vm,opengauss,default,l,search,contains_rare,noidx,rows,rows,1,474.0,474.0,474.0,474.0,,
4c8g,vm,opengauss,default,l,search,contains_rare,noidx,id_sum,sum,1,6572348867.0,6572348867.0,6572348867.0,6572348867.0,,
4c8g,vm,opengauss,default,l,search,contains_rare,noidx,server_ms,ms,1,890.004,890.004,890.004,890.004,,
4c8g,vm,opengauss,default,l,search,contains_miss,noidx,latency_ms,ms,5,882.162,873.841,893.556,882.4766,8.202854826217512,0.929526610248647
4c8g,vm,opengauss,default,l,search,contains_miss,noidx,rows,rows,1,0.0,0.0,0.0,0.0,,
4c8g,vm,opengauss,default,l,search,contains_miss,noidx,id_sum,sum,1,0.0,0.0,0.0,0.0,,
4c8g,vm,opengauss,default,l,search,contains_miss,noidx,server_ms,ms,1,877.647,877.647,877.647,877.647,,
4c8g,vm,opengauss,default,l,search,point,btree,latency_ms,ms,5,0.171558,0.156375,0.202192,0.17725,0.01766629917385077,9.966882467616795
4c8g,vm,opengauss,default,l,search,point,btree,rows,rows,1,5.0,5.0,5.0,5.0,,
4c8g,vm,opengauss,default,l,search,point,btree,id_sum,sum,1,76840469.0,76840469.0,76840469.0,76840469.0,,
4c8g,vm,opengauss,default,l,search,point,btree,server_ms,ms,1,0.018,0.018,0.018,0.018,,
4c8g,vm,opengauss,default,l,search,exact_common,btree,latency_ms,ms,5,42.0068,40.3151,45.7023,42.12714,2.154378152275035,5.113991009774305
4c8g,vm,opengauss,default,l,search,exact_common,btree,rows,rows,1,60684.0,60684.0,60684.0,60684.0,,
4c8g,vm,opengauss,default,l,search,exact_common,btree,id_sum,sum,1,936128905867.0,936128905867.0,936128905867.0,936128905867.0,,
4c8g,vm,opengauss,default,l,search,exact_common,btree,server_ms,ms,1,35.346,35.346,35.346,35.346,,
4c8g,vm,opengauss,default,l,search,exact_rare,btree,latency_ms,ms,5,0.225125,0.191708,0.269708,0.2349414,0.03204812997352576,13.64090363534301
4c8g,vm,opengauss,default,l,search,exact_rare,btree,rows,rows,1,47.0,47.0,47.0,47.0,,
4c8g,vm,opengauss,default,l,search,exact_rare,btree,id_sum,sum,1,502059988.0,502059988.0,502059988.0,502059988.0,,
4c8g,vm,opengauss,default,l,search,exact_rare,btree,server_ms,ms,1,0.037,0.037,0.037,0.037,,
4c8g,vm,opengauss,default,l,search,exact_miss,btree,latency_ms,ms,5,0.192917,0.171,0.20675,0.189825,0.0174586782002533,9.197249150666824
4c8g,vm,opengauss,default,l,search,exact_miss,btree,rows,rows,1,0.0,0.0,0.0,0.0,,
4c8g,vm,opengauss,default,l,search,exact_miss,btree,id_sum,sum,1,0.0,0.0,0.0,0.0,,
4c8g,vm,opengauss,default,l,search,exact_miss,btree,server_ms,ms,1,0.008,0.008,0.008,0.008,,
4c8g,vm,opengauss,default,l,search,prefix,btree,latency_ms,ms,5,2.35092,1.83692,2.453,2.2369779999999997,0.24469534817809666,10.938656892383237
4c8g,vm,opengauss,default,l,search,prefix,btree,rows,rows,1,3266.0,3266.0,3266.0,3266.0,,
4c8g,vm,opengauss,default,l,search,prefix,btree,id_sum,sum,1,58694774105.0,58694774105.0,58694774105.0,58694774105.0,,
4c8g,vm,opengauss,default,l,search,prefix,btree,server_ms,ms,1,1.223,1.223,1.223,1.223,,
4c8g,vm,opengauss,default,l,search,contains_common,btree,latency_ms,ms,5,875.162,864.361,875.988,872.841,4.896911118245845,0.5610312895757469
4c8g,vm,opengauss,default,l,search,contains_common,btree,rows,rows,1,70524.0,70524.0,70524.0,70524.0,,
4c8g,vm,opengauss,default,l,search,contains_common,btree,id_sum,sum,1,933383886531.0,933383886531.0,933383886531.0,933383886531.0,,
4c8g,vm,opengauss,default,l,search,contains_common,btree,server_ms,ms,1,854.666,854.666,854.666,854.666,,
4c8g,vm,opengauss,default,l,search,contains_rare,btree,latency_ms,ms,5,835.442,834.114,839.45,836.4613999999999,2.5250233266249196,0.3018696770257324
4c8g,vm,opengauss,default,l,search,contains_rare,btree,rows,rows,1,474.0,474.0,474.0,474.0,,
4c8g,vm,opengauss,default,l,search,contains_rare,btree,id_sum,sum,1,6572348867.0,6572348867.0,6572348867.0,6572348867.0,,
4c8g,vm,opengauss,default,l,search,contains_rare,btree,server_ms,ms,1,861.346,861.346,861.346,861.346,,
4c8g,vm,opengauss,default,l,search,contains_miss,btree,latency_ms,ms,5,835.43,826.765,845.846,835.4356,6.98022387176798,0.8355190839087991
4c8g,vm,opengauss,default,l,search,contains_miss,btree,rows,rows,1,0.0,0.0,0.0,0.0,,
4c8g,vm,opengauss,default,l,search,contains_miss,btree,id_sum,sum,1,0.0,0.0,0.0,0.0,,
4c8g,vm,opengauss,default,l,search,contains_miss,btree,server_ms,ms,1,841.491,841.491,841.491,841.491,,
4c8g,vm,postgres,tuned,s,setup,titles,copy,rows,rows,1,127865.0,127865.0,127865.0,127865.0,,
4c8g,vm,postgres,tuned,s,setup,titles,copy,load_ms,ms,1,50.911,50.911,50.911,50.911,,
4c8g,vm,postgres,tuned,s,setup,titles,primary_key,build_ms,ms,1,14.5507,14.5507,14.5507,14.5507,,
4c8g,vm,postgres,tuned,s,setup,titles,vacuum_analyze,latency_ms,ms,1,35.6286,35.6286,35.6286,35.6286,,
4c8g,vm,postgres,tuned,s,setup,people,copy,rows,rows,1,156787.0,156787.0,156787.0,156787.0,,
4c8g,vm,postgres,tuned,s,setup,people,copy,load_ms,ms,1,38.7954,38.7954,38.7954,38.7954,,
4c8g,vm,postgres,tuned,s,setup,people,primary_key,build_ms,ms,1,14.7063,14.7063,14.7063,14.7063,,
4c8g,vm,postgres,tuned,s,setup,people,vacuum_analyze,latency_ms,ms,1,24.0858,24.0858,24.0858,24.0858,,
4c8g,vm,postgres,tuned,s,setup,ratings,copy,rows,rows,1,17065.0,17065.0,17065.0,17065.0,,
4c8g,vm,postgres,tuned,s,setup,ratings,copy,load_ms,ms,1,3.5544,3.5544,3.5544,3.5544,,
4c8g,vm,postgres,tuned,s,setup,ratings,primary_key,build_ms,ms,1,2.0954,2.0954,2.0954,2.0954,,
4c8g,vm,postgres,tuned,s,setup,ratings,vacuum_analyze,latency_ms,ms,1,6.3221,6.3221,6.3221,6.3221,,
4c8g,vm,postgres,tuned,s,setup,titles,loaded,heap_mb,MB,1,14.25,14.25,14.25,14.25,,
4c8g,vm,postgres,tuned,s,setup,titles,loaded,total_mb,MB,1,17.0547,17.0547,17.0547,17.0547,,
4c8g,vm,postgres,tuned,s,setup,people,loaded,heap_mb,MB,1,12.1875,12.1875,12.1875,12.1875,,
4c8g,vm,postgres,tuned,s,setup,people,loaded,total_mb,MB,1,15.6094,15.6094,15.6094,15.6094,,
4c8g,vm,postgres,tuned,s,setup,ratings,loaded,heap_mb,MB,1,0.75,0.75,0.75,0.75,,
4c8g,vm,postgres,tuned,s,setup,ratings,loaded,total_mb,MB,1,1.1641,1.1641,1.1641,1.1641,,
4c8g,vm,postgres,tuned,s,setup,database,loaded,size_mb,MB,1,41.3649,41.3649,41.3649,41.3649,,
4c8g,vm,postgres,tuned,s,index,titles,btree,supported,bool,1,1.0,1.0,1.0,1.0,,
4c8g,vm,postgres,tuned,s,index,titles,btree,build_ms,ms,1,27.5596,27.5596,27.5596,27.5596,,
4c8g,vm,postgres,tuned,s,index,titles,btree,index_mb,MB,1,4.0625,4.0625,4.0625,4.0625,,
4c8g,vm,postgres,tuned,s,index,titles,trgm,supported,bool,1,1.0,1.0,1.0,1.0,,
4c8g,vm,postgres,tuned,s,index,titles,trgm,build_ms,ms,1,170.394,170.394,170.394,170.394,,
4c8g,vm,postgres,tuned,s,index,titles,trgm,index_mb,MB,1,7.3359,7.3359,7.3359,7.3359,,
4c8g,vm,postgres,tuned,s,index,titles,fts,supported,bool,1,1.0,1.0,1.0,1.0,,
4c8g,vm,postgres,tuned,s,index,titles,fts,build_ms,ms,1,138.2583,138.2583,138.2583,138.2583,,
4c8g,vm,postgres,tuned,s,index,titles,fts,index_mb,MB,1,5.9063,5.9063,5.9063,5.9063,,
4c8g,vm,postgres,tuned,m,setup,titles,copy,rows,rows,1,1285110.0,1285110.0,1285110.0,1285110.0,,
4c8g,vm,postgres,tuned,m,setup,titles,copy,load_ms,ms,1,487.0215,487.0215,487.0215,487.0215,,
4c8g,vm,postgres,tuned,m,setup,titles,primary_key,build_ms,ms,1,116.7967,116.7967,116.7967,116.7967,,
4c8g,vm,postgres,tuned,m,setup,titles,vacuum_analyze,latency_ms,ms,1,85.5845,85.5845,85.5845,85.5845,,
4c8g,vm,postgres,tuned,m,setup,people,copy,rows,rows,1,1573840.0,1573840.0,1573840.0,1573840.0,,
4c8g,vm,postgres,tuned,m,setup,people,copy,load_ms,ms,1,431.316,431.316,431.316,431.316,,
4c8g,vm,postgres,tuned,m,setup,people,primary_key,build_ms,ms,1,139.1705,139.1705,139.1705,139.1705,,
4c8g,vm,postgres,tuned,m,setup,people,vacuum_analyze,latency_ms,ms,1,73.6181,73.6181,73.6181,73.6181,,
4c8g,vm,postgres,tuned,m,setup,ratings,copy,rows,rows,1,171407.0,171407.0,171407.0,171407.0,,
4c8g,vm,postgres,tuned,m,setup,ratings,copy,load_ms,ms,1,24.3726,24.3726,24.3726,24.3726,,
4c8g,vm,postgres,tuned,m,setup,ratings,primary_key,build_ms,ms,1,16.3996,16.3996,16.3996,16.3996,,
4c8g,vm,postgres,tuned,m,setup,ratings,vacuum_analyze,latency_ms,ms,1,16.5718,16.5718,16.5718,16.5718,,
4c8g,vm,postgres,tuned,m,setup,titles,loaded,heap_mb,MB,1,139.25,139.25,139.25,139.25,,
4c8g,vm,postgres,tuned,m,setup,titles,loaded,total_mb,MB,1,166.875,166.875,166.875,166.875,,
4c8g,vm,postgres,tuned,m,setup,people,loaded,heap_mb,MB,1,121.1875,121.1875,121.1875,121.1875,,
4c8g,vm,postgres,tuned,m,setup,people,loaded,total_mb,MB,1,154.9922,154.9922,154.9922,154.9922,,
4c8g,vm,postgres,tuned,m,setup,ratings,loaded,heap_mb,MB,1,7.25,7.25,7.25,7.25,,
4c8g,vm,postgres,tuned,m,setup,ratings,loaded,total_mb,MB,1,10.9766,10.9766,10.9766,10.9766,,
4c8g,vm,postgres,tuned,m,setup,database,loaded,size_mb,MB,1,340.3806,340.3806,340.3806,340.3806,,
4c8g,vm,postgres,tuned,m,index,titles,btree,supported,bool,1,1.0,1.0,1.0,1.0,,
4c8g,vm,postgres,tuned,m,index,titles,btree,build_ms,ms,1,216.5958,216.5958,216.5958,216.5958,,
4c8g,vm,postgres,tuned,m,index,titles,btree,index_mb,MB,1,35.25,35.25,35.25,35.25,,
4c8g,vm,postgres,tuned,m,index,titles,trgm,supported,bool,1,1.0,1.0,1.0,1.0,,
4c8g,vm,postgres,tuned,m,index,titles,trgm,build_ms,ms,1,1316.1934,1316.1934,1316.1934,1316.1934,,
4c8g,vm,postgres,tuned,m,index,titles,trgm,index_mb,MB,1,59.2969,59.2969,59.2969,59.2969,,
4c8g,vm,postgres,tuned,m,index,titles,fts,supported,bool,1,1.0,1.0,1.0,1.0,,
4c8g,vm,postgres,tuned,m,index,titles,fts,build_ms,ms,1,1076.178,1076.178,1076.178,1076.178,,
4c8g,vm,postgres,tuned,m,index,titles,fts,index_mb,MB,1,36.3047,36.3047,36.3047,36.3047,,
4c8g,vm,postgres,tuned,l,setup,titles,copy,rows,rows,1,12842753.0,12842753.0,12842753.0,12842753.0,,
4c8g,vm,postgres,tuned,l,setup,titles,copy,load_ms,ms,1,5318.7788,5318.7788,5318.7788,5318.7788,,
4c8g,vm,postgres,tuned,l,setup,titles,primary_key,build_ms,ms,1,2369.2863,2369.2863,2369.2863,2369.2863,,
4c8g,vm,postgres,tuned,l,setup,titles,vacuum_analyze,latency_ms,ms,1,1197.6596,1197.6596,1197.6596,1197.6596,,
4c8g,vm,postgres,tuned,l,setup,people,copy,rows,rows,1,15712491.0,15712491.0,15712491.0,15712491.0,,
4c8g,vm,postgres,tuned,l,setup,people,copy,load_ms,ms,1,4300.5234,4300.5234,4300.5234,4300.5234,,
4c8g,vm,postgres,tuned,l,setup,people,primary_key,build_ms,ms,1,2282.9315,2282.9315,2282.9315,2282.9315,,
4c8g,vm,postgres,tuned,l,setup,people,vacuum_analyze,latency_ms,ms,1,1104.6243,1104.6243,1104.6243,1104.6243,,
4c8g,vm,postgres,tuned,l,setup,ratings,copy,rows,rows,1,1718051.0,1718051.0,1718051.0,1718051.0,,
4c8g,vm,postgres,tuned,l,setup,ratings,copy,load_ms,ms,1,265.1623,265.1623,265.1623,265.1623,,
4c8g,vm,postgres,tuned,l,setup,ratings,primary_key,build_ms,ms,1,168.8868,168.8868,168.8868,168.8868,,
4c8g,vm,postgres,tuned,l,setup,ratings,vacuum_analyze,latency_ms,ms,1,56.944,56.944,56.944,56.944,,
4c8g,vm,postgres,tuned,l,setup,titles,loaded,heap_mb,MB,1,1389.25,1389.25,1389.25,1389.25,,
4c8g,vm,postgres,tuned,l,setup,titles,loaded,total_mb,MB,1,1664.7891,1664.7891,1664.7891,1664.7891,,
4c8g,vm,postgres,tuned,l,setup,people,loaded,heap_mb,MB,1,1207.1875,1207.1875,1207.1875,1207.1875,,
4c8g,vm,postgres,tuned,l,setup,people,loaded,total_mb,MB,1,1544.1484,1544.1484,1544.1484,1544.1484,,
4c8g,vm,postgres,tuned,l,setup,ratings,loaded,heap_mb,MB,1,72.75,72.75,72.75,72.75,,
4c8g,vm,postgres,tuned,l,setup,ratings,loaded,total_mb,MB,1,109.625,109.625,109.625,109.625,,
4c8g,vm,postgres,tuned,l,setup,database,loaded,size_mb,MB,1,3326.0993,3326.0993,3326.0993,3326.0993,,
4c8g,vm,postgres,tuned,l,index,titles,btree,supported,bool,1,1.0,1.0,1.0,1.0,,
4c8g,vm,postgres,tuned,l,index,titles,btree,build_ms,ms,1,2581.8727,2581.8727,2581.8727,2581.8727,,
4c8g,vm,postgres,tuned,l,index,titles,btree,index_mb,MB,1,314.4609,314.4609,314.4609,314.4609,,
4c8g,vm,postgres,tuned,l,index,titles,trgm,supported,bool,1,1.0,1.0,1.0,1.0,,
4c8g,vm,postgres,tuned,l,index,titles,trgm,build_ms,ms,1,12168.9609,12168.9609,12168.9609,12168.9609,,
4c8g,vm,postgres,tuned,l,index,titles,trgm,index_mb,MB,1,446.7188,446.7188,446.7188,446.7188,,
4c8g,vm,postgres,tuned,l,index,titles,fts,supported,bool,1,1.0,1.0,1.0,1.0,,
4c8g,vm,postgres,tuned,l,index,titles,fts,build_ms,ms,1,10307.9883,10307.9883,10307.9883,10307.9883,,
4c8g,vm,postgres,tuned,l,index,titles,fts,index_mb,MB,1,238.5625,238.5625,238.5625,238.5625,,
4c8g,vm,opengauss,tuned,s,setup,titles,copy,rows,rows,1,127865.0,127865.0,127865.0,127865.0,,
4c8g,vm,opengauss,tuned,s,setup,titles,copy,load_ms,ms,1,253.2264,253.2264,253.2264,253.2264,,
4c8g,vm,opengauss,tuned,s,setup,titles,primary_key,build_ms,ms,1,36.0675,36.0675,36.0675,36.0675,,
4c8g,vm,opengauss,tuned,s,setup,titles,vacuum_analyze,latency_ms,ms,1,61.5759,61.5759,61.5759,61.5759,,
4c8g,vm,opengauss,tuned,s,setup,people,copy,rows,rows,1,156787.0,156787.0,156787.0,156787.0,,
4c8g,vm,opengauss,tuned,s,setup,people,copy,load_ms,ms,1,214.762,214.762,214.762,214.762,,
4c8g,vm,opengauss,tuned,s,setup,people,primary_key,build_ms,ms,1,38.0516,38.0516,38.0516,38.0516,,
4c8g,vm,opengauss,tuned,s,setup,people,vacuum_analyze,latency_ms,ms,1,33.8847,33.8847,33.8847,33.8847,,
4c8g,vm,opengauss,tuned,s,setup,ratings,copy,rows,rows,1,17065.0,17065.0,17065.0,17065.0,,
4c8g,vm,opengauss,tuned,s,setup,ratings,copy,load_ms,ms,1,7.9709,7.9709,7.9709,7.9709,,
4c8g,vm,opengauss,tuned,s,setup,ratings,primary_key,build_ms,ms,1,4.335,4.335,4.335,4.335,,
4c8g,vm,opengauss,tuned,s,setup,ratings,vacuum_analyze,latency_ms,ms,1,7.2477,7.2477,7.2477,7.2477,,
4c8g,vm,opengauss,tuned,s,setup,titles,loaded,heap_mb,MB,1,13.8672,13.8672,13.8672,13.8672,,
4c8g,vm,opengauss,tuned,s,setup,titles,loaded,total_mb,MB,1,16.6797,16.6797,16.6797,16.6797,,
4c8g,vm,opengauss,tuned,s,setup,people,loaded,heap_mb,MB,1,12.0625,12.0625,12.0625,12.0625,,
4c8g,vm,opengauss,tuned,s,setup,people,loaded,total_mb,MB,1,15.4922,15.4922,15.4922,15.4922,,
4c8g,vm,opengauss,tuned,s,setup,ratings,loaded,heap_mb,MB,1,0.7266,0.7266,0.7266,0.7266,,
4c8g,vm,opengauss,tuned,s,setup,ratings,loaded,total_mb,MB,1,1.1406,1.1406,1.1406,1.1406,,
4c8g,vm,opengauss,tuned,s,setup,database,loaded,size_mb,MB,1,45.8594,45.8594,45.8594,45.8594,,
4c8g,vm,opengauss,tuned,s,index,titles,btree,supported,bool,1,1.0,1.0,1.0,1.0,,
4c8g,vm,opengauss,tuned,s,index,titles,btree,build_ms,ms,1,56.257,56.257,56.257,56.257,,
4c8g,vm,opengauss,tuned,s,index,titles,btree,index_mb,MB,1,4.9766,4.9766,4.9766,4.9766,,
4c8g,vm,opengauss,tuned,s,index,titles,trgm,supported,bool,1,0.0,0.0,0.0,0.0,,
4c8g,vm,opengauss,tuned,s,index,titles,fts,supported,bool,1,1.0,1.0,1.0,1.0,,
4c8g,vm,opengauss,tuned,s,index,titles,fts,build_ms,ms,1,294.0759,294.0759,294.0759,294.0759,,
4c8g,vm,opengauss,tuned,s,index,titles,fts,index_mb,MB,1,6.7734,6.7734,6.7734,6.7734,,
4c8g,vm,opengauss,tuned,m,setup,titles,copy,rows,rows,1,1285110.0,1285110.0,1285110.0,1285110.0,,
4c8g,vm,opengauss,tuned,m,setup,titles,copy,load_ms,ms,1,2480.0542,2480.0542,2480.0542,2480.0542,,
4c8g,vm,opengauss,tuned,m,setup,titles,primary_key,build_ms,ms,1,323.3061,323.3061,323.3061,323.3061,,
4c8g,vm,opengauss,tuned,m,setup,titles,vacuum_analyze,latency_ms,ms,1,108.3303,108.3303,108.3303,108.3303,,
4c8g,vm,opengauss,tuned,m,setup,people,copy,rows,rows,1,1573840.0,1573840.0,1573840.0,1573840.0,,
4c8g,vm,opengauss,tuned,m,setup,people,copy,load_ms,ms,1,2200.9386,2200.9386,2200.9386,2200.9386,,
4c8g,vm,opengauss,tuned,m,setup,people,primary_key,build_ms,ms,1,372.4143,372.4143,372.4143,372.4143,,
4c8g,vm,opengauss,tuned,m,setup,people,vacuum_analyze,latency_ms,ms,1,99.4912,99.4912,99.4912,99.4912,,
4c8g,vm,opengauss,tuned,m,setup,ratings,copy,rows,rows,1,171407.0,171407.0,171407.0,171407.0,,
4c8g,vm,opengauss,tuned,m,setup,ratings,copy,load_ms,ms,1,63.0018,63.0018,63.0018,63.0018,,
4c8g,vm,opengauss,tuned,m,setup,ratings,primary_key,build_ms,ms,1,34.9618,34.9618,34.9618,34.9618,,
4c8g,vm,opengauss,tuned,m,setup,ratings,vacuum_analyze,latency_ms,ms,1,21.5867,21.5867,21.5867,21.5867,,
4c8g,vm,opengauss,tuned,m,setup,titles,loaded,heap_mb,MB,1,139.2422,139.2422,139.2422,139.2422,,
4c8g,vm,opengauss,tuned,m,setup,titles,loaded,total_mb,MB,1,166.9375,166.9375,166.9375,166.9375,,
4c8g,vm,opengauss,tuned,m,setup,people,loaded,heap_mb,MB,1,121.0625,121.0625,121.0625,121.0625,,
4c8g,vm,opengauss,tuned,m,setup,people,loaded,total_mb,MB,1,154.9531,154.9531,154.9531,154.9531,,
4c8g,vm,opengauss,tuned,m,setup,ratings,loaded,heap_mb,MB,1,7.2422,7.2422,7.2422,7.2422,,
4c8g,vm,opengauss,tuned,m,setup,ratings,loaded,total_mb,MB,1,10.9766,10.9766,10.9766,10.9766,,
4c8g,vm,opengauss,tuned,m,setup,database,loaded,size_mb,MB,1,345.4141,345.4141,345.4141,345.4141,,
4c8g,vm,opengauss,tuned,m,index,titles,btree,supported,bool,1,1.0,1.0,1.0,1.0,,
4c8g,vm,opengauss,tuned,m,index,titles,btree,build_ms,ms,1,734.7827,734.7827,734.7827,734.7827,,
4c8g,vm,opengauss,tuned,m,index,titles,btree,index_mb,MB,1,49.8047,49.8047,49.8047,49.8047,,
4c8g,vm,opengauss,tuned,m,index,titles,trgm,supported,bool,1,0.0,0.0,0.0,0.0,,
4c8g,vm,opengauss,tuned,m,index,titles,fts,supported,bool,1,1.0,1.0,1.0,1.0,,
4c8g,vm,opengauss,tuned,m,index,titles,fts,build_ms,ms,1,2989.0091,2989.0091,2989.0091,2989.0091,,
4c8g,vm,opengauss,tuned,m,index,titles,fts,index_mb,MB,1,40.2891,40.2891,40.2891,40.2891,,
4c8g,vm,opengauss,tuned,l,setup,titles,copy,rows,rows,1,12842753.0,12842753.0,12842753.0,12842753.0,,
4c8g,vm,opengauss,tuned,l,setup,titles,copy,load_ms,ms,1,25297.9778,25297.9778,25297.9778,25297.9778,,
4c8g,vm,opengauss,tuned,l,setup,titles,primary_key,build_ms,ms,1,3850.0493,3850.0493,3850.0493,3850.0493,,
4c8g,vm,opengauss,tuned,l,setup,titles,vacuum_analyze,latency_ms,ms,1,591.0782,591.0782,591.0782,591.0782,,
4c8g,vm,opengauss,tuned,l,setup,people,copy,rows,rows,1,15712491.0,15712491.0,15712491.0,15712491.0,,
4c8g,vm,opengauss,tuned,l,setup,people,copy,load_ms,ms,1,21860.0745,21860.0745,21860.0745,21860.0745,,
4c8g,vm,opengauss,tuned,l,setup,people,primary_key,build_ms,ms,1,6003.3492,6003.3492,6003.3492,6003.3492,,
4c8g,vm,opengauss,tuned,l,setup,people,vacuum_analyze,latency_ms,ms,1,644.3578,644.3578,644.3578,644.3578,,
4c8g,vm,opengauss,tuned,l,setup,ratings,copy,rows,rows,1,1718051.0,1718051.0,1718051.0,1718051.0,,
4c8g,vm,opengauss,tuned,l,setup,ratings,copy,load_ms,ms,1,596.9123,596.9123,596.9123,596.9123,,
4c8g,vm,opengauss,tuned,l,setup,ratings,primary_key,build_ms,ms,1,355.4502,355.4502,355.4502,355.4502,,
4c8g,vm,opengauss,tuned,l,setup,ratings,vacuum_analyze,latency_ms,ms,1,87.9192,87.9192,87.9192,87.9192,,
4c8g,vm,opengauss,tuned,l,setup,titles,loaded,heap_mb,MB,1,1391.375,1391.375,1391.375,1391.375,,
4c8g,vm,opengauss,tuned,l,setup,titles,loaded,total_mb,MB,1,1667.6406,1667.6406,1667.6406,1667.6406,,
4c8g,vm,opengauss,tuned,l,setup,people,loaded,heap_mb,MB,1,1208.4453,1208.4453,1208.4453,1208.4453,,
4c8g,vm,opengauss,tuned,l,setup,people,loaded,total_mb,MB,1,1546.3125,1546.3125,1546.3125,1546.3125,,
4c8g,vm,opengauss,tuned,l,setup,ratings,loaded,heap_mb,MB,1,72.5547,72.5547,72.5547,72.5547,,
4c8g,vm,opengauss,tuned,l,setup,ratings,loaded,total_mb,MB,1,109.5234,109.5234,109.5234,109.5234,,
4c8g,vm,opengauss,tuned,l,setup,database,loaded,size_mb,MB,1,3336.0234,3336.0234,3336.0234,3336.0234,,
4c8g,vm,opengauss,tuned,l,index,titles,btree,supported,bool,1,1.0,1.0,1.0,1.0,,
4c8g,vm,opengauss,tuned,l,index,titles,btree,build_ms,ms,1,12173.0305,12173.0305,12173.0305,12173.0305,,
4c8g,vm,opengauss,tuned,l,index,titles,btree,index_mb,MB,1,497.5859,497.5859,497.5859,497.5859,,
4c8g,vm,opengauss,tuned,l,index,titles,trgm,supported,bool,1,0.0,0.0,0.0,0.0,,
4c8g,vm,opengauss,tuned,l,index,titles,fts,supported,bool,1,1.0,1.0,1.0,1.0,,
4c8g,vm,opengauss,tuned,l,index,titles,fts,build_ms,ms,1,30832.4811,30832.4811,30832.4811,30832.4811,,
4c8g,vm,opengauss,tuned,l,index,titles,fts,index_mb,MB,1,240.5938,240.5938,240.5938,240.5938,,
4c8g,vm,postgres,default,l,index,titles,btree,supported,bool,1,1.0,1.0,1.0,1.0,,
4c8g,vm,postgres,default,l,index,titles,btree,build_ms,ms,1,2879.72,2879.72,2879.72,2879.72,,
4c8g,vm,postgres,default,l,index,titles,btree,index_mb,MB,1,314.461,314.461,314.461,314.461,,
4c8g,vm,opengauss,default,l,index,titles,btree,supported,bool,1,1.0,1.0,1.0,1.0,,
4c8g,vm,opengauss,default,l,index,titles,btree,build_ms,ms,1,8563.56,8563.56,8563.56,8563.56,,
4c8g,vm,opengauss,default,l,index,titles,btree,index_mb,MB,1,497.586,497.586,497.586,497.586,,
4c8g,vm,file,na,s,update,broad,safe,latency_ms,ms,5,30.0459,25.5398,60.7521,35.355219999999996,14.371163610751912,40.64792585296291
4c8g,vm,file,na,s,update,broad,safe,rows_changed,rows,1,13090.0,13090.0,13090.0,13090.0,,
4c8g,vm,file,na,s,update,broad,safe,check_rows,rows,1,156787.0,156787.0,156787.0,156787.0,,
4c8g,vm,file,na,s,update,broad,safe,check_name_bytes,bytes,1,2159529.0,2159529.0,2159529.0,2159529.0,,
4c8g,vm,file,na,s,update,broad,safe,check_rows_with_Ttt,rows,1,13090.0,13090.0,13090.0,13090.0,,
4c8g,vm,file,na,s,update,broad,nofsync,latency_ms,ms,5,26.1146,24.0834,57.3311,32.29476,14.137737781660826,43.77718794522959
4c8g,vm,file,na,s,update,broad,nofsync,rows_changed,rows,1,13090.0,13090.0,13090.0,13090.0,,
4c8g,vm,file,na,s,update,broad,nofsync,check_rows,rows,1,156787.0,156787.0,156787.0,156787.0,,
4c8g,vm,file,na,s,update,broad,nofsync,check_name_bytes,bytes,1,2159529.0,2159529.0,2159529.0,2159529.0,,
4c8g,vm,file,na,s,update,broad,nofsync,check_rows_with_Ttt,rows,1,13090.0,13090.0,13090.0,13090.0,,
4c8g,vm,file,na,s,update,narrow,safe,latency_ms,ms,5,27.8744,26.3456,56.9029,33.9673,13.02926701295971,38.358265193170226
4c8g,vm,file,na,s,update,narrow,safe,rows_changed,rows,1,10.0,10.0,10.0,10.0,,
4c8g,vm,file,na,s,update,narrow,safe,check_rows,rows,1,156787.0,156787.0,156787.0,156787.0,,
4c8g,vm,file,na,s,update,narrow,safe,check_name_bytes,bytes,1,2132553.0,2132553.0,2132553.0,2132553.0,,
4c8g,vm,file,na,s,update,narrow,safe,check_rows_with_Ttt,rows,1,10.0,10.0,10.0,10.0,,
4c8g,vm,file,na,s,update,narrow,nofsync,latency_ms,ms,5,27.2925,23.1707,57.2443,32.32396,14.16842441021584,43.83257623823269
4c8g,vm,file,na,s,update,narrow,nofsync,rows_changed,rows,1,10.0,10.0,10.0,10.0,,
4c8g,vm,file,na,s,update,narrow,nofsync,check_rows,rows,1,156787.0,156787.0,156787.0,156787.0,,
4c8g,vm,file,na,s,update,narrow,nofsync,check_name_bytes,bytes,1,2132553.0,2132553.0,2132553.0,2132553.0,,
4c8g,vm,file,na,s,update,narrow,nofsync,check_rows_with_Ttt,rows,1,10.0,10.0,10.0,10.0,,
4c8g,vm,file,na,m,update,broad,safe,latency_ms,ms,5,243.1447,239.9574,298.5882,254.18220000000002,25.072696535973147,9.86406464967773
4c8g,vm,file,na,m,update,broad,safe,rows_changed,rows,1,130384.0,130384.0,130384.0,130384.0,,
4c8g,vm,file,na,m,update,broad,safe,check_rows,rows,1,1573840.0,1573840.0,1573840.0,1573840.0,,
4c8g,vm,file,na,m,update,broad,safe,check_name_bytes,bytes,1,21669965.0,21669965.0,21669965.0,21669965.0,,
4c8g,vm,file,na,m,update,broad,safe,check_rows_with_Ttt,rows,1,130384.0,130384.0,130384.0,130384.0,,
4c8g,vm,file,na,m,update,broad,nofsync,latency_ms,ms,5,225.3209,224.6168,279.1316,238.3699,23.427108101940362,9.828047963245512
4c8g,vm,file,na,m,update,broad,nofsync,rows_changed,rows,1,130384.0,130384.0,130384.0,130384.0,,
4c8g,vm,file,na,m,update,broad,nofsync,check_rows,rows,1,1573840.0,1573840.0,1573840.0,1573840.0,,
4c8g,vm,file,na,m,update,broad,nofsync,check_name_bytes,bytes,1,21669965.0,21669965.0,21669965.0,21669965.0,,
4c8g,vm,file,na,m,update,broad,nofsync,check_rows_with_Ttt,rows,1,130384.0,130384.0,130384.0,130384.0,,
4c8g,vm,file,na,m,update,narrow,safe,latency_ms,ms,5,239.9309,235.6647,282.4654,249.10922,19.423378189877255,7.797133397903641
4c8g,vm,file,na,m,update,narrow,safe,rows_changed,rows,1,10.0,10.0,10.0,10.0,,
4c8g,vm,file,na,m,update,narrow,safe,check_rows,rows,1,1573840.0,1573840.0,1573840.0,1573840.0,,
4c8g,vm,file,na,m,update,narrow,safe,check_name_bytes,bytes,1,21401175.0,21401175.0,21401175.0,21401175.0,,
4c8g,vm,file,na,m,update,narrow,safe,check_rows_with_Ttt,rows,1,11.0,11.0,11.0,11.0,,
4c8g,vm,file,na,m,update,narrow,nofsync,latency_ms,ms,5,221.3758,219.0424,281.8995,234.45819999999998,26.897773183945905,11.472310707813122
4c8g,vm,file,na,m,update,narrow,nofsync,rows_changed,rows,1,10.0,10.0,10.0,10.0,,
4c8g,vm,file,na,m,update,narrow,nofsync,check_rows,rows,1,1573840.0,1573840.0,1573840.0,1573840.0,,
4c8g,vm,file,na,m,update,narrow,nofsync,check_name_bytes,bytes,1,21401175.0,21401175.0,21401175.0,21401175.0,,
4c8g,vm,file,na,m,update,narrow,nofsync,check_rows_with_Ttt,rows,1,11.0,11.0,11.0,11.0,,
4c8g,vm,file,na,l,update,broad,safe,latency_ms,ms,5,2538.5394,2391.8276,2581.2998,2515.97068,73.27299820811879,2.9123152662541676
4c8g,vm,file,na,l,update,broad,safe,rows_changed,rows,1,1305670.0,1305670.0,1305670.0,1305670.0,,
4c8g,vm,file,na,l,update,broad,safe,check_rows,rows,1,15712491.0,15712491.0,15712491.0,15712491.0,,
4c8g,vm,file,na,l,update,broad,safe,check_name_bytes,bytes,1,216379318.0,216379318.0,216379318.0,216379318.0,,
4c8g,vm,file,na,l,update,broad,safe,check_rows_with_Ttt,rows,1,1305670.0,1305670.0,1305670.0,1305670.0,,
4c8g,vm,file,na,l,update,broad,nofsync,latency_ms,ms,5,2219.5533,2193.7354,2472.4535,2305.8174599999998,136.91409757779877,5.93776827320055
4c8g,vm,file,na,l,update,broad,nofsync,rows_changed,rows,1,1305670.0,1305670.0,1305670.0,1305670.0,,
4c8g,vm,file,na,l,update,broad,nofsync,check_rows,rows,1,15712491.0,15712491.0,15712491.0,15712491.0,,
4c8g,vm,file,na,l,update,broad,nofsync,check_name_bytes,bytes,1,216379318.0,216379318.0,216379318.0,216379318.0,,
4c8g,vm,file,na,l,update,broad,nofsync,check_rows_with_Ttt,rows,1,1305670.0,1305670.0,1305670.0,1305670.0,,
4c8g,vm,file,na,l,update,narrow,safe,latency_ms,ms,5,2387.659,2235.9294,2410.251,2347.77636,72.06765495971831,3.069613281212113
4c8g,vm,file,na,l,update,narrow,safe,rows_changed,rows,1,10.0,10.0,10.0,10.0,,
4c8g,vm,file,na,l,update,narrow,safe,check_rows,rows,1,15712491.0,15712491.0,15712491.0,15712491.0,,
4c8g,vm,file,na,l,update,narrow,safe,check_name_bytes,bytes,1,213685294.0,213685294.0,213685294.0,213685294.0,,
4c8g,vm,file,na,l,update,narrow,safe,check_rows_with_Ttt,rows,1,13.0,13.0,13.0,13.0,,
4c8g,vm,file,na,l,update,narrow,nofsync,latency_ms,ms,5,2195.9751,2116.3323,2488.5065,2278.7454,167.6130723220895,7.355497999999891
4c8g,vm,file,na,l,update,narrow,nofsync,rows_changed,rows,1,10.0,10.0,10.0,10.0,,
4c8g,vm,file,na,l,update,narrow,nofsync,check_rows,rows,1,15712491.0,15712491.0,15712491.0,15712491.0,,
4c8g,vm,file,na,l,update,narrow,nofsync,check_name_bytes,bytes,1,213685294.0,213685294.0,213685294.0,213685294.0,,
4c8g,vm,file,na,l,update,narrow,nofsync,check_rows_with_Ttt,rows,1,13.0,13.0,13.0,13.0,,
4c8g,vm,postgres,tuned,s,update,broad,heap,latency_ms,ms,5,27.5974,26.8477,28.1263,27.491480000000003,0.5510066442430618,2.0042814873664923
4c8g,vm,postgres,tuned,s,update,broad,heap,heap_before_mb,MB,5,12.5,12.5,12.5,12.5,0.0,0.0
4c8g,vm,postgres,tuned,s,update,broad,heap,heap_after_mb,MB,5,13.0547,13.0547,13.0547,13.0547,0.0,0.0
4c8g,vm,postgres,tuned,s,update,broad,heap,heap_after_vacuum_mb,MB,5,13.0547,13.0547,13.0547,13.0547,0.0,0.0
4c8g,vm,postgres,tuned,s,update,broad,heap,vacuum_ms,ms,5,6.5114,6.4642,6.575,6.510859999999999,0.04080377433522553,0.6267032978012972
4c8g,vm,postgres,tuned,s,update,broad,heap,rows_changed,rows,1,13090.0,13090.0,13090.0,13090.0,,
4c8g,vm,postgres,tuned,s,update,broad,heap,check_rows,rows,1,156787.0,156787.0,156787.0,156787.0,,
4c8g,vm,postgres,tuned,s,update,broad,heap,check_name_bytes,bytes,1,2159529.0,2159529.0,2159529.0,2159529.0,,
4c8g,vm,postgres,tuned,s,update,broad,heap,check_rows_with_Ttt,rows,1,13090.0,13090.0,13090.0,13090.0,,
4c8g,vm,postgres,tuned,s,update,narrow,heap,latency_ms,ms,5,0.4846,0.4381,1.0398,0.58762,0.2538402785217508,43.198032490682884
4c8g,vm,postgres,tuned,s,update,narrow,heap,heap_before_mb,MB,5,12.5,12.5,12.5,12.5,0.0,0.0
4c8g,vm,postgres,tuned,s,update,narrow,heap,heap_after_mb,MB,5,12.5,12.5,12.5,12.5,0.0,0.0
4c8g,vm,postgres,tuned,s,update,narrow,heap,heap_after_vacuum_mb,MB,5,12.5,12.5,12.5,12.5,0.0,0.0
4c8g,vm,postgres,tuned,s,update,narrow,heap,vacuum_ms,ms,5,0.3347,0.3165,0.3712,0.33786,0.02019784641985377,5.978170372300292
4c8g,vm,postgres,tuned,s,update,narrow,heap,rows_changed,rows,1,10.0,10.0,10.0,10.0,,
4c8g,vm,postgres,tuned,s,update,narrow,heap,check_rows,rows,1,156787.0,156787.0,156787.0,156787.0,,
4c8g,vm,postgres,tuned,s,update,narrow,heap,check_name_bytes,bytes,1,2132553.0,2132553.0,2132553.0,2132553.0,,
4c8g,vm,postgres,tuned,s,update,narrow,heap,check_rows_with_Ttt,rows,1,10.0,10.0,10.0,10.0,,
4c8g,vm,postgres,tuned,m,update,broad,heap,latency_ms,ms,5,271.8091,268.6415,289.4471,274.93734,8.316006910050042,3.0246917024984827
4c8g,vm,postgres,tuned,m,update,broad,heap,heap_before_mb,MB,5,121.0,121.0,121.0,121.0,0.0,0.0
4c8g,vm,postgres,tuned,m,update,broad,heap,heap_after_mb,MB,5,131.0156,131.0156,131.0156,131.0156,0.0,0.0
4c8g,vm,postgres,tuned,m,update,broad,heap,heap_after_vacuum_mb,MB,5,131.0156,131.0156,131.0156,131.0156,0.0,0.0
4c8g,vm,postgres,tuned,m,update,broad,heap,vacuum_ms,ms,5,62.5421,62.3098,63.0518,62.68208,0.3177375599453104,0.5069033445369241
4c8g,vm,postgres,tuned,m,update,broad,heap,rows_changed,rows,1,130384.0,130384.0,130384.0,130384.0,,
4c8g,vm,postgres,tuned,m,update,broad,heap,check_rows,rows,1,1573840.0,1573840.0,1573840.0,1573840.0,,
4c8g,vm,postgres,tuned,m,update,broad,heap,check_name_bytes,bytes,1,21669965.0,21669965.0,21669965.0,21669965.0,,
4c8g,vm,postgres,tuned,m,update,broad,heap,check_rows_with_Ttt,rows,1,130384.0,130384.0,130384.0,130384.0,,
4c8g,vm,postgres,tuned,m,update,narrow,heap,latency_ms,ms,5,0.4978,0.4463,1.1219,0.61566,0.2843012715412999,46.1782918398629
4c8g,vm,postgres,tuned,m,update,narrow,heap,heap_before_mb,MB,5,121.0,121.0,121.0,121.0,0.0,0.0
4c8g,vm,postgres,tuned,m,update,narrow,heap,heap_after_mb,MB,5,121.0,121.0,121.0,121.0,0.0,0.0
4c8g,vm,postgres,tuned,m,update,narrow,heap,heap_after_vacuum_mb,MB,5,121.0,121.0,121.0,121.0,0.0,0.0
4c8g,vm,postgres,tuned,m,update,narrow,heap,vacuum_ms,ms,5,0.2459,0.2073,0.262,0.2411,0.02162486994180543,8.969253397679564
4c8g,vm,postgres,tuned,m,update,narrow,heap,rows_changed,rows,1,10.0,10.0,10.0,10.0,,
4c8g,vm,postgres,tuned,m,update,narrow,heap,check_rows,rows,1,1573840.0,1573840.0,1573840.0,1573840.0,,
4c8g,vm,postgres,tuned,m,update,narrow,heap,check_name_bytes,bytes,1,21401175.0,21401175.0,21401175.0,21401175.0,,
4c8g,vm,postgres,tuned,m,update,narrow,heap,check_rows_with_Ttt,rows,1,11.0,11.0,11.0,11.0,,
4c8g,vm,postgres,tuned,l,update,broad,heap,latency_ms,ms,3,3194.0643,3163.3944,3569.074,3308.8442333333332,225.88671781679253,6.826755866631835
4c8g,vm,postgres,tuned,l,update,broad,heap,heap_before_mb,MB,3,1207.5,1207.5,1207.5,1207.5,0.0,0.0
4c8g,vm,postgres,tuned,l,update,broad,heap,heap_after_mb,MB,3,1308.1172,1308.1172,1308.1172,1308.1172,0.0,0.0
4c8g,vm,postgres,tuned,l,update,broad,heap,heap_after_vacuum_mb,MB,3,1308.1172,1308.1172,1308.1172,1308.1172,0.0,0.0
4c8g,vm,postgres,tuned,l,update,broad,heap,vacuum_ms,ms,3,2920.178,2876.3123,2946.3897,2914.2933333333335,35.40737880757804,1.2149559003753239
4c8g,vm,postgres,tuned,l,update,broad,heap,rows_changed,rows,1,1305670.0,1305670.0,1305670.0,1305670.0,,
4c8g,vm,postgres,tuned,l,update,broad,heap,check_rows,rows,1,15712491.0,15712491.0,15712491.0,15712491.0,,
4c8g,vm,postgres,tuned,l,update,broad,heap,check_name_bytes,bytes,1,216379318.0,216379318.0,216379318.0,216379318.0,,
4c8g,vm,postgres,tuned,l,update,broad,heap,check_rows_with_Ttt,rows,1,1305670.0,1305670.0,1305670.0,1305670.0,,
4c8g,vm,postgres,tuned,l,update,narrow,heap,latency_ms,ms,3,0.7074,0.6505,2.7695,1.3758,1.2073148595126293,87.75366038033357
4c8g,vm,postgres,tuned,l,update,narrow,heap,heap_before_mb,MB,3,1207.5,1207.5,1207.5,1207.5,0.0,0.0
4c8g,vm,postgres,tuned,l,update,narrow,heap,heap_after_mb,MB,3,1207.5,1207.5,1207.5,1207.5,0.0,0.0
4c8g,vm,postgres,tuned,l,update,narrow,heap,heap_after_vacuum_mb,MB,3,1207.5,1207.5,1207.5,1207.5,0.0,0.0
4c8g,vm,postgres,tuned,l,update,narrow,heap,vacuum_ms,ms,3,0.6374,0.618,0.6404,0.6319333333333333,0.012159495603573892,1.9241737952696316
4c8g,vm,postgres,tuned,l,update,narrow,heap,rows_changed,rows,1,10.0,10.0,10.0,10.0,,
4c8g,vm,postgres,tuned,l,update,narrow,heap,check_rows,rows,1,15712491.0,15712491.0,15712491.0,15712491.0,,
4c8g,vm,postgres,tuned,l,update,narrow,heap,check_name_bytes,bytes,1,213685294.0,213685294.0,213685294.0,213685294.0,,
4c8g,vm,postgres,tuned,l,update,narrow,heap,check_rows_with_Ttt,rows,1,13.0,13.0,13.0,13.0,,
4c8g,vm,opengauss,tuned,s,update,broad,heap,latency_ms,ms,5,48.1486,47.2735,53.7893,50.13632,3.2812058563887763,6.54456860094394
4c8g,vm,opengauss,tuned,s,update,broad,heap,heap_before_mb,MB,5,12.0625,12.0625,12.0625,12.0625,0.0,0.0
4c8g,vm,opengauss,tuned,s,update,broad,heap,heap_after_mb,MB,5,13.0859,13.0859,13.0859,13.0859,0.0,0.0
4c8g,vm,opengauss,tuned,s,update,broad,heap,heap_after_vacuum_mb,MB,5,13.0859,13.0859,13.0859,13.0859,0.0,0.0
4c8g,vm,opengauss,tuned,s,update,broad,heap,vacuum_ms,ms,5,17.3523,5.3857,21.5855,15.903379999999999,6.185528599238711,38.8944274691211
4c8g,vm,opengauss,tuned,s,update,broad,heap,rows_changed,rows,1,13090.0,13090.0,13090.0,13090.0,,
4c8g,vm,opengauss,tuned,s,update,broad,heap,check_rows,rows,1,156787.0,156787.0,156787.0,156787.0,,
4c8g,vm,opengauss,tuned,s,update,broad,heap,check_name_bytes,bytes,1,2159529.0,2159529.0,2159529.0,2159529.0,,
4c8g,vm,opengauss,tuned,s,update,broad,heap,check_rows_with_Ttt,rows,1,13090.0,13090.0,13090.0,13090.0,,
4c8g,vm,opengauss,tuned,s,update,broad,ustore,latency_ms,ms,5,94.6029,93.2442,100.373,95.53698,2.8980795791351217,3.033463669392859
4c8g,vm,opengauss,tuned,s,update,broad,ustore,heap_before_mb,MB,5,10.5,10.5,10.5,10.5,0.0,0.0
4c8g,vm,opengauss,tuned,s,update,broad,ustore,heap_after_mb,MB,5,10.7422,10.7422,10.7422,10.7422,0.0,0.0
4c8g,vm,opengauss,tuned,s,update,broad,ustore,heap_after_vacuum_mb,MB,5,10.7422,10.7422,10.7422,10.7422,0.0,0.0
4c8g,vm,opengauss,tuned,s,update,broad,ustore,vacuum_ms,ms,5,20.0756,18.8583,24.5549,20.74458,2.202112843838843,10.615364802945363
4c8g,vm,opengauss,tuned,s,update,broad,ustore,rows_changed,rows,1,13090.0,13090.0,13090.0,13090.0,,
4c8g,vm,opengauss,tuned,s,update,broad,ustore,check_rows,rows,1,156787.0,156787.0,156787.0,156787.0,,
4c8g,vm,opengauss,tuned,s,update,broad,ustore,check_name_bytes,bytes,1,2159529.0,2159529.0,2159529.0,2159529.0,,
4c8g,vm,opengauss,tuned,s,update,broad,ustore,check_rows_with_Ttt,rows,1,13090.0,13090.0,13090.0,13090.0,,
4c8g,vm,opengauss,tuned,s,update,narrow,heap,latency_ms,ms,5,2.3173,1.1098,3.2469,2.2886800000000003,0.7803792167914265,34.097349423747595
4c8g,vm,opengauss,tuned,s,update,narrow,heap,heap_before_mb,MB,5,12.0625,12.0625,12.0625,12.0625,0.0,0.0
4c8g,vm,opengauss,tuned,s,update,narrow,heap,heap_after_mb,MB,5,12.0625,12.0625,12.0625,12.0625,0.0,0.0
4c8g,vm,opengauss,tuned,s,update,narrow,heap,heap_after_vacuum_mb,MB,5,12.0625,12.0625,12.0625,12.0625,0.0,0.0
4c8g,vm,opengauss,tuned,s,update,narrow,heap,vacuum_ms,ms,5,12.1525,5.6477,21.5351,14.03274,6.594663504910619,46.99483853410395
4c8g,vm,opengauss,tuned,s,update,narrow,heap,rows_changed,rows,1,10.0,10.0,10.0,10.0,,
4c8g,vm,opengauss,tuned,s,update,narrow,heap,check_rows,rows,1,156787.0,156787.0,156787.0,156787.0,,
4c8g,vm,opengauss,tuned,s,update,narrow,heap,check_name_bytes,bytes,1,2132553.0,2132553.0,2132553.0,2132553.0,,
4c8g,vm,opengauss,tuned,s,update,narrow,heap,check_rows_with_Ttt,rows,1,10.0,10.0,10.0,10.0,,
4c8g,vm,opengauss,tuned,s,update,narrow,ustore,latency_ms,ms,5,1.9083,1.8065,4.5968,2.60536,1.2017937252290845,46.127741472544464
4c8g,vm,opengauss,tuned,s,update,narrow,ustore,heap_before_mb,MB,5,10.5,10.5,10.5,10.5,0.0,0.0
4c8g,vm,opengauss,tuned,s,update,narrow,ustore,heap_after_mb,MB,5,10.5,10.5,10.5,10.5,0.0,0.0
4c8g,vm,opengauss,tuned,s,update,narrow,ustore,heap_after_vacuum_mb,MB,5,10.5,10.5,10.5,10.5,0.0,0.0
4c8g,vm,opengauss,tuned,s,update,narrow,ustore,vacuum_ms,ms,5,13.4033,9.9563,13.8892,12.56316,1.6048849890256929,12.774532753110627
4c8g,vm,opengauss,tuned,s,update,narrow,ustore,rows_changed,rows,1,10.0,10.0,10.0,10.0,,
4c8g,vm,opengauss,tuned,s,update,narrow,ustore,check_rows,rows,1,156787.0,156787.0,156787.0,156787.0,,
4c8g,vm,opengauss,tuned,s,update,narrow,ustore,check_name_bytes,bytes,1,2132553.0,2132553.0,2132553.0,2132553.0,,
4c8g,vm,opengauss,tuned,s,update,narrow,ustore,check_rows_with_Ttt,rows,1,10.0,10.0,10.0,10.0,,
4c8g,vm,opengauss,tuned,m,update,broad,heap,latency_ms,ms,5,355.2928,343.9278,388.7091,358.924,17.33892747677894,4.83080749038207
4c8g,vm,opengauss,tuned,m,update,broad,heap,heap_before_mb,MB,5,121.0625,121.0625,121.0625,121.0625,0.0,0.0
4c8g,vm,opengauss,tuned,m,update,broad,heap,heap_after_mb,MB,5,131.2734,131.2734,131.2734,131.2734,0.0,0.0
4c8g,vm,opengauss,tuned,m,update,broad,heap,heap_after_vacuum_mb,MB,5,131.2734,131.2734,131.2734,131.2734,0.0,0.0
4c8g,vm,opengauss,tuned,m,update,broad,heap,vacuum_ms,ms,5,56.2308,55.77,56.5266,56.24194,0.3018669541370848,0.5367292702511415
4c8g,vm,opengauss,tuned,m,update,broad,heap,rows_changed,rows,1,130384.0,130384.0,130384.0,130384.0,,
4c8g,vm,opengauss,tuned,m,update,broad,heap,check_rows,rows,1,1573840.0,1573840.0,1573840.0,1573840.0,,
4c8g,vm,opengauss,tuned,m,update,broad,heap,check_name_bytes,bytes,1,21669965.0,21669965.0,21669965.0,21669965.0,,
4c8g,vm,opengauss,tuned,m,update,broad,heap,check_rows_with_Ttt,rows,1,130384.0,130384.0,130384.0,130384.0,,
4c8g,vm,opengauss,tuned,m,update,broad,ustore,latency_ms,ms,5,774.8025,764.6468,842.7205,797.37982,38.04542401336854,4.7713050994153
4c8g,vm,opengauss,tuned,m,update,broad,ustore,heap_before_mb,MB,5,105.4297,105.4297,105.4297,105.4297,0.0,0.0
4c8g,vm,opengauss,tuned,m,update,broad,ustore,heap_after_mb,MB,5,107.7969,107.7969,107.7969,107.79690000000001,0.0,0.0
4c8g,vm,opengauss,tuned,m,update,broad,ustore,heap_after_vacuum_mb,MB,5,107.7969,107.7969,107.7969,107.79690000000001,0.0,0.0
4c8g,vm,opengauss,tuned,m,update,broad,ustore,vacuum_ms,ms,5,90.4817,79.6317,96.8446,89.2957,6.197528776455984,6.940456009030653
4c8g,vm,opengauss,tuned,m,update,broad,ustore,rows_changed,rows,1,130384.0,130384.0,130384.0,130384.0,,
4c8g,vm,opengauss,tuned,m,update,broad,ustore,check_rows,rows,1,1573840.0,1573840.0,1573840.0,1573840.0,,
4c8g,vm,opengauss,tuned,m,update,broad,ustore,check_name_bytes,bytes,1,21669965.0,21669965.0,21669965.0,21669965.0,,
4c8g,vm,opengauss,tuned,m,update,broad,ustore,check_rows_with_Ttt,rows,1,130384.0,130384.0,130384.0,130384.0,,
4c8g,vm,opengauss,tuned,m,update,narrow,heap,latency_ms,ms,5,1.3486,1.2679,2.3544,1.61354,0.4750532054412432,29.44167516400233
4c8g,vm,opengauss,tuned,m,update,narrow,heap,heap_before_mb,MB,5,121.0625,121.0625,121.0625,121.0625,0.0,0.0
4c8g,vm,opengauss,tuned,m,update,narrow,heap,heap_after_mb,MB,5,121.0625,121.0625,121.0625,121.0625,0.0,0.0
4c8g,vm,opengauss,tuned,m,update,narrow,heap,heap_after_vacuum_mb,MB,5,121.0625,121.0625,121.0625,121.0625,0.0,0.0
4c8g,vm,opengauss,tuned,m,update,narrow,heap,vacuum_ms,ms,5,69.4534,64.3243,75.6072,69.07266,4.330749386999913,6.269845966551618
4c8g,vm,opengauss,tuned,m,update,narrow,heap,rows_changed,rows,1,10.0,10.0,10.0,10.0,,
4c8g,vm,opengauss,tuned,m,update,narrow,heap,check_rows,rows,1,1573840.0,1573840.0,1573840.0,1573840.0,,
4c8g,vm,opengauss,tuned,m,update,narrow,heap,check_name_bytes,bytes,1,21401175.0,21401175.0,21401175.0,21401175.0,,
4c8g,vm,opengauss,tuned,m,update,narrow,heap,check_rows_with_Ttt,rows,1,11.0,11.0,11.0,11.0,,
4c8g,vm,opengauss,tuned,m,update,narrow,ustore,latency_ms,ms,5,1.4693,1.2898,3.19,1.8073799999999998,0.7894857579462723,43.681226855795266
4c8g,vm,opengauss,tuned,m,update,narrow,ustore,heap_before_mb,MB,5,105.4297,105.4297,105.4297,105.4297,0.0,0.0
4c8g,vm,opengauss,tuned,m,update,narrow,ustore,heap_after_mb,MB,5,105.4297,105.4297,105.4297,105.4297,0.0,0.0
4c8g,vm,opengauss,tuned,m,update,narrow,ustore,heap_after_vacuum_mb,MB,5,105.4297,105.4297,105.4297,105.4297,0.0,0.0
4c8g,vm,opengauss,tuned,m,update,narrow,ustore,vacuum_ms,ms,5,83.3779,75.6087,86.819,82.14506,4.5121379980005045,5.492890257795787
4c8g,vm,opengauss,tuned,m,update,narrow,ustore,rows_changed,rows,1,10.0,10.0,10.0,10.0,,
4c8g,vm,opengauss,tuned,m,update,narrow,ustore,check_rows,rows,1,1573840.0,1573840.0,1573840.0,1573840.0,,
4c8g,vm,opengauss,tuned,m,update,narrow,ustore,check_name_bytes,bytes,1,21401175.0,21401175.0,21401175.0,21401175.0,,
4c8g,vm,opengauss,tuned,m,update,narrow,ustore,check_rows_with_Ttt,rows,1,11.0,11.0,11.0,11.0,,
4c8g,vm,opengauss,tuned,l,update,broad,heap,latency_ms,ms,3,4035.9291,3840.5509,4982.6338,4286.371266666666,610.8431032201499,14.250821154257537
4c8g,vm,opengauss,tuned,l,update,broad,heap,heap_before_mb,MB,3,1208.4453,1208.4453,1208.4453,1208.4453,0.0,0.0
4c8g,vm,opengauss,tuned,l,update,broad,heap,heap_after_mb,MB,3,1310.7188,1310.7188,1310.7188,1310.7188,0.0,0.0
4c8g,vm,opengauss,tuned,l,update,broad,heap,heap_after_vacuum_mb,MB,3,1310.7188,1310.7188,1310.7188,1310.7188,0.0,0.0
4c8g,vm,opengauss,tuned,l,update,broad,heap,vacuum_ms,ms,3,912.9599,495.0652,4842.9222,2083.6491,2398.718413103074,115.12103516388983
4c8g,vm,opengauss,tuned,l,update,broad,heap,rows_changed,rows,1,1305670.0,1305670.0,1305670.0,1305670.0,,
4c8g,vm,opengauss,tuned,l,update,broad,heap,check_rows,rows,1,15712491.0,15712491.0,15712491.0,15712491.0,,
4c8g,vm,opengauss,tuned,l,update,broad,heap,check_name_bytes,bytes,1,216379318.0,216379318.0,216379318.0,216379318.0,,
4c8g,vm,opengauss,tuned,l,update,broad,heap,check_rows_with_Ttt,rows,1,1305670.0,1305670.0,1305670.0,1305670.0,,
4c8g,vm,opengauss,tuned,l,update,broad,ustore,latency_ms,ms,3,7802.283,7699.8245,7900.0839,7800.730466666667,100.1387267339829,1.2837096110663753
4c8g,vm,opengauss,tuned,l,update,broad,ustore,heap_before_mb,MB,3,1052.375,1052.375,1052.375,1052.375,0.0,0.0
4c8g,vm,opengauss,tuned,l,update,broad,ustore,heap_after_mb,MB,3,1076.8594,1076.8594,1076.8594,1076.8594,0.0,0.0
4c8g,vm,opengauss,tuned,l,update,broad,ustore,heap_after_vacuum_mb,MB,3,1076.8594,1076.8594,1076.8594,1076.8594,0.0,0.0
4c8g,vm,opengauss,tuned,l,update,broad,ustore,vacuum_ms,ms,3,896.0223,861.7953,901.9313,886.5829666666667,21.669111295420755,2.444115453389689
4c8g,vm,opengauss,tuned,l,update,broad,ustore,rows_changed,rows,1,1305670.0,1305670.0,1305670.0,1305670.0,,
4c8g,vm,opengauss,tuned,l,update,broad,ustore,check_rows,rows,1,15712491.0,15712491.0,15712491.0,15712491.0,,
4c8g,vm,opengauss,tuned,l,update,broad,ustore,check_name_bytes,bytes,1,216379318.0,216379318.0,216379318.0,216379318.0,,
4c8g,vm,opengauss,tuned,l,update,broad,ustore,check_rows_with_Ttt,rows,1,1305670.0,1305670.0,1305670.0,1305670.0,,
4c8g,vm,opengauss,tuned,l,update,narrow,heap,latency_ms,ms,3,3.5242,3.0209,8.0503,4.8651333333333335,2.7698903847144085,56.933493800397564
4c8g,vm,opengauss,tuned,l,update,narrow,heap,heap_before_mb,MB,3,1208.4453,1208.4453,1208.4453,1208.4453,0.0,0.0
4c8g,vm,opengauss,tuned,l,update,narrow,heap,heap_after_mb,MB,3,1208.4453,1208.4453,1208.4453,1208.4453,0.0,0.0
4c8g,vm,opengauss,tuned,l,update,narrow,heap,heap_after_vacuum_mb,MB,3,1208.4453,1208.4453,1208.4453,1208.4453,0.0,0.0
4c8g,vm,opengauss,tuned,l,update,narrow,heap,vacuum_ms,ms,3,144.6103,140.9384,147.0565,144.20173333333332,3.0794450706796663,2.135511827421168
4c8g,vm,opengauss,tuned,l,update,narrow,heap,rows_changed,rows,1,10.0,10.0,10.0,10.0,,
4c8g,vm,opengauss,tuned,l,update,narrow,heap,check_rows,rows,1,15712491.0,15712491.0,15712491.0,15712491.0,,
4c8g,vm,opengauss,tuned,l,update,narrow,heap,check_name_bytes,bytes,1,213685294.0,213685294.0,213685294.0,213685294.0,,
4c8g,vm,opengauss,tuned,l,update,narrow,heap,check_rows_with_Ttt,rows,1,13.0,13.0,13.0,13.0,,
4c8g,vm,opengauss,tuned,l,update,narrow,ustore,latency_ms,ms,3,3.3108,2.2758,4.4238,3.3368,1.0742360075886492,32.19359888481927
4c8g,vm,opengauss,tuned,l,update,narrow,ustore,heap_before_mb,MB,3,1052.375,1052.375,1052.375,1052.375,0.0,0.0
4c8g,vm,opengauss,tuned,l,update,narrow,ustore,heap_after_mb,MB,3,1052.375,1052.375,1052.375,1052.375,0.0,0.0
4c8g,vm,opengauss,tuned,l,update,narrow,ustore,heap_after_vacuum_mb,MB,3,1052.375,1052.375,1052.375,1052.375,0.0,0.0
4c8g,vm,opengauss,tuned,l,update,narrow,ustore,vacuum_ms,ms,3,663.63,619.5172,676.7834,653.3102,29.995468318397705,4.591305679659938
4c8g,vm,opengauss,tuned,l,update,narrow,ustore,rows_changed,rows,1,10.0,10.0,10.0,10.0,,
4c8g,vm,opengauss,tuned,l,update,narrow,ustore,check_rows,rows,1,15712491.0,15712491.0,15712491.0,15712491.0,,
4c8g,vm,opengauss,tuned,l,update,narrow,ustore,check_name_bytes,bytes,1,213685294.0,213685294.0,213685294.0,213685294.0,,
4c8g,vm,opengauss,tuned,l,update,narrow,ustore,check_rows_with_Ttt,rows,1,13.0,13.0,13.0,13.0,,
4c8g,vm,postgres,default,l,update,broad,heap,latency_ms,ms,3,3597.59,3560.14,3619.88,3592.536666666667,30.18888923649472,0.8403223693331283
4c8g,vm,postgres,default,l,update,broad,heap,heap_before_mb,MB,3,1207.07,1207.07,1207.07,1207.07,0.0,0.0
4c8g,vm,postgres,default,l,update,broad,heap,heap_after_mb,MB,3,1308.12,1308.12,1308.12,1308.12,0.0,0.0
4c8g,vm,postgres,default,l,update,broad,heap,heap_after_vacuum_mb,MB,3,1308.12,1308.12,1308.12,1308.12,0.0,0.0
4c8g,vm,postgres,default,l,update,broad,heap,vacuum_ms,ms,3,3501.48,3442.56,3613.75,3519.263333333334,86.96947299675526,2.471240846713808
4c8g,vm,postgres,default,l,update,broad,heap,rows_changed,rows,1,1305670.0,1305670.0,1305670.0,1305670.0,,
4c8g,vm,postgres,default,l,update,broad,heap,check_rows,rows,1,15712491.0,15712491.0,15712491.0,15712491.0,,
4c8g,vm,postgres,default,l,update,broad,heap,check_name_bytes,bytes,1,216379318.0,216379318.0,216379318.0,216379318.0,,
4c8g,vm,postgres,default,l,update,broad,heap,check_rows_with_Ttt,rows,1,1305670.0,1305670.0,1305670.0,1305670.0,,
4c8g,vm,opengauss,default,l,update,broad,heap,latency_ms,ms,3,14124.2,13547.4,16304.9,14658.833333333334,1454.416090165855,9.921772470518492
4c8g,vm,opengauss,default,l,update,broad,heap,heap_before_mb,MB,3,1208.45,1208.45,1208.45,1208.45,0.0,0.0
4c8g,vm,opengauss,default,l,update,broad,heap,heap_after_mb,MB,3,1310.72,1310.72,1310.72,1310.72,0.0,0.0
4c8g,vm,opengauss,default,l,update,broad,heap,heap_after_vacuum_mb,MB,3,1310.72,1310.72,1310.72,1310.72,0.0,0.0
4c8g,vm,opengauss,default,l,update,broad,heap,vacuum_ms,ms,3,14866.8,14775.9,15927.0,15189.9,639.9632880095553,4.213084273165428
4c8g,vm,opengauss,default,l,update,broad,heap,rows_changed,rows,1,1305670.0,1305670.0,1305670.0,1305670.0,,
4c8g,vm,opengauss,default,l,update,broad,heap,check_rows,rows,1,15712491.0,15712491.0,15712491.0,15712491.0,,
4c8g,vm,opengauss,default,l,update,broad,heap,check_name_bytes,bytes,1,216379318.0,216379318.0,216379318.0,216379318.0,,
4c8g,vm,opengauss,default,l,update,broad,heap,check_rows_with_Ttt,rows,1,1305670.0,1305670.0,1305670.0,1305670.0,,
